span,count,decision,reason
a => ∅,548,verified_translate,matched_manual_null_rule
o => ∅,506,verified_translate,matched_manual_null_rule
∅ => nos,343,verified_translate,matched_manual_null_rule
se => ∅,328,verified_translate,matched_manual_null_rule
∅ => se,299,verified_translate,matched_manual_null_rule
esta => essa,251,verified_translate,matched_manual_span
este => esse,231,verified_translate,matched_manual_span
∅ => eu,230,verified_translate,matched_manual_null_rule
os => ∅,184,verified_translate,matched_manual_null_rule
isto => isso,178,verified_translate,matched_manual_demonstrative_rule
da => de,165,verified_translate,matched_manual_span
num => em um,150,verified_translate,matched_gpt_span
de => ∅,143,verified_translate,matched_manual_null_rule
as => ∅,124,verified_translate,matched_manual_null_rule
∅ => a,113,verified_translate,matched_manual_null_rule
a ser => sendo,108,verified_translate,matched_manual_progressive_rule
de => que,106,verified_translate,matched_manual_span
do => de,103,verified_translate,matched_gpt_span
∅ => de,100,verified_translate,matched_manual_null_rule
∅ => o,98,verified_translate,matched_manual_null_rule
me => ∅,97,verified_translate,matched_manual_null_rule
numa => em uma,97,verified_translate,matched_gpt_span
factos => fatos,86,verified_translate,matched_gpt_span
∅ => me,81,verified_translate,matched_manual_null_rule
estas => essas,80,verified_translate,matched_manual_demonstrative_rule
no => em,75,verified_translate,matched_gpt_span
desta => dessa,73,verified_translate,matched_manual_demonstrative_rule
nos => ∅,71,verified_translate,matched_manual_null_rule
a => em,69,verified_translate,matched_manual_span
dos => de,69,verified_translate,matched_manual_span
ao => o,64,verified_translate,matched_manual_span
em => na,64,verified_translate,matched_gpt_span
estes => esses,64,verified_translate,matched_manual_demonstrative_rule
neste => nesse,61,verified_translate,matched_manual_span
de => da,61,verified_translate,matched_manual_span
∅ => us,59,verified_translate,matched_manual_null_rule
a fazer => fazendo,59,verified_translate,matched_manual_progressive_rule
registo => registro,59,verified_translate,matched_gpt_span
porque => por que,57,verified_translate,default_translate_fallback
deste => desse,55,verified_translate,matched_manual_demonstrative_rule
equipa => equipe,53,verified_translate,matched_gpt_span
na => em,51,verified_translate,matched_gpt_span
uma => ∅,49,verified_translate,matched_manual_null_rule
um => ∅,49,verified_translate,matched_manual_null_rule
presidente da camara => prefeito,47,verified_translate,matched_manual_span
investigacao => pesquisa,47,verified_translate,matched_gpt_span
que => ∅,46,verified_translate,matched_manual_null_rule
∅ => meio,46,verified_translate,matched_manual_null_rule
e => ∅,46,verified_translate,matched_manual_null_rule
a => para,44,verified_translate,default_translate_fallback
lhe => ∅,44,verified_translate,matched_manual_null_rule
a falar => falando,43,verified_translate,matched_manual_progressive_rule
para => ∅,40,verified_translate,matched_manual_null_rule
do => ∅,39,verified_translate,matched_manual_null_rule
ao => no,38,verified_translate,matched_gpt_span
∅ => r,37,verified_translate,matched_manual_null_rule
das => de,37,verified_translate,matched_gpt_span
∅ => voce,35,verified_translate,matched_manual_null_rule
presidentes de camara => prefeitos,34,verified_translate,matched_manual_span
dolares => ∅,33,verified_translate,matched_manual_null_rule
∅ => ele,33,verified_translate,matched_manual_null_rule
ao => a,33,verified_translate,matched_gpt_span
∅ => que,33,verified_translate,matched_manual_null_rule
e que => ∅,31,verified_translate,matched_manual_null_rule
a => na,31,verified_translate,default_translate_fallback
∅ => ainda,31,verified_translate,matched_manual_null_rule
a => ao,29,verified_translate,default_translate_fallback
deputados => parlamentares,28,verified_translate,matched_manual_span
de => do,27,verified_translate,default_translate_fallback
ja => ∅,27,verified_translate,matched_manual_null_rule
causa => questao,27,verified_translate,matched_manual_span
nesta => nessa,27,verified_translate,matched_manual_demonstrative_rule
ainda => ∅,26,verified_translate,matched_manual_null_rule
reforma => aposentadoria,25,verified_translate,matched_manual_span
∅ => e,25,verified_translate,matched_manual_null_rule
que => q,25,verified_translate,default_translate_fallback
parlamento => congresso,24,verified_translate,matched_manual_span
noutros => em outros,24,verified_translate,default_translate_fallback
nas => em,24,verified_translate,matched_gpt_span
contacto => contato,23,verified_translate,matched_gpt_span
∅ => mais,23,verified_translate,matched_manual_null_rule
destes => desses,23,verified_translate,matched_manual_demonstrative_rule
da => ∅,23,verified_translate,matched_manual_null_rule
destas => dessas,23,verified_translate,matched_manual_demonstrative_rule
o alargamento => a ampliacao,23,verified_translate,default_translate_fallback
policias => policiais,22,verified_translate,matched_manual_span
camara municipal => prefeitura,22,verified_translate,matched_manual_span
equipas => equipes,22,verified_translate,matched_gpt_span
a => o,22,verified_translate,default_translate_fallback
a acontecer => acontecendo,22,verified_translate,matched_manual_progressive_rule
∅ => nao,22,verified_translate,matched_manual_null_rule
d => de,22,verified_translate,default_translate_fallback
∅ => em,21,verified_translate,matched_manual_null_rule
juro => juros,21,verified_translate,default_translate_fallback
relativamente => em relacao,21,verified_translate,matched_manual_span
nao => ∅,21,verified_translate,matched_manual_null_rule
a => da,21,verified_translate,default_translate_fallback
q => que,21,verified_translate,default_translate_fallback
∅ => do,20,verified_translate,matched_manual_null_rule
em => ∅,20,verified_translate,matched_manual_null_rule
∅ => ela,19,verified_translate,matched_manual_null_rule
portugal => o brasil,19,verified_translate,default_translate_fallback
nestes => nesses,19,verified_translate,matched_manual_demonstrative_rule
coronavirus => corona virus,19,verified_translate,default_translate_fallback
planeamento => planejamento,18,verified_translate,matched_manual_span
uma => um,18,verified_translate,default_translate_fallback
rendimento => renda,18,verified_translate,matched_manual_span
ha => tem,18,verified_translate,default_translate_fallback
mais => ∅,17,verified_translate,matched_manual_null_rule
∅ => eles,17,verified_translate,matched_manual_null_rule
∅ => ja,17,verified_translate,matched_manual_null_rule
de dolares => ∅,16,verified_translate,matched_manual_null_rule
∅ => lhe,16,verified_translate,matched_manual_null_rule
a trabalhar => trabalhando,16,verified_translate,matched_manual_progressive_rule
∅ => um,16,verified_translate,matched_manual_null_rule
a dizer => dizendo,16,verified_translate,matched_manual_progressive_rule
seleccao => selecao,15,verified_translate,matched_manual_span
orcamental => orcamentaria,15,verified_translate,matched_manual_span
mau => ruim,15,verified_translate,default_translate_fallback
registar => registrar,15,verified_translate,matched_gpt_span
a querer => querendo,15,verified_translate,matched_manual_progressive_rule
por => de,15,verified_translate,default_translate_fallback
registado => registrado,15,verified_translate,matched_gpt_span
contactos => contatos,15,verified_translate,matched_manual_span
justificacao => justificativa,15,verified_translate,matched_manual_span
governacao => governanca,15,verified_translate,matched_manual_span
a viver => vivendo,15,verified_translate,matched_manual_progressive_rule
ao => para o,15,verified_translate,default_translate_fallback
a => de,15,verified_translate,matched_gpt_span
desporto => esporte,15,verified_translate,matched_manual_span
judicial => judiciario,15,verified_translate,matched_manual_span
aspeto => aspecto,15,verified_translate,matched_manual_span
diz => fala,15,verified_translate,matched_manual_span
felicitar => parabenizar,15,verified_translate,matched_manual_span
orcamental => orcamentario,14,verified_translate,matched_manual_span
feira => ∅,14,verified_translate,matched_manual_null_rule
toda a gente => todo mundo,14,verified_translate,matched_manual_span
a dar => dando,14,verified_translate,matched_manual_progressive_rule
supremo => superior,14,verified_translate,default_translate_fallback
com => ∅,14,verified_translate,matched_manual_null_rule
∅ => no,14,verified_translate,matched_manual_null_rule
a ver => vendo,14,verified_translate,matched_manual_progressive_rule
a => no,14,verified_translate,default_translate_fallback
incumprimento => descumprimento,14,verified_translate,matched_manual_span
he => e,14,verified_translate,default_translate_fallback
retoma => retomada,14,verified_translate,default_translate_fallback
copenhaga => copenhague,14,verified_translate,default_translate_fallback
esta => ta,14,verified_translate,default_translate_fallback
jugoslavia => iugoslavia,13,verified_translate,matched_manual_span
te => ∅,13,verified_translate,matched_manual_null_rule
no => ∅,13,verified_translate,matched_manual_null_rule
seccao => secao,13,verified_translate,matched_gpt_span
adeptos => torcedores,13,verified_translate,matched_manual_span
na => ∅,13,verified_translate,matched_manual_null_rule
na => da,13,verified_translate,default_translate_fallback
a tentar => tentando,13,verified_translate,matched_manual_progressive_rule
madrid => madri,13,verified_translate,default_translate_fallback
pela => por,13,verified_translate,matched_gpt_span
perante => diante de,13,verified_translate,default_translate_fallback
aos => nos,13,verified_translate,matched_gpt_span
∅ => os,13,verified_translate,matched_manual_null_rule
que e => ∅,13,verified_translate,matched_manual_null_rule
a pensar => pensando,13,verified_translate,matched_manual_progressive_rule
do => ao,12,verified_translate,default_translate_fallback
∅ => sempre,12,verified_translate,matched_manual_null_rule
sempre => ∅,12,verified_translate,matched_manual_null_rule
israelita => israelense,12,verified_translate,matched_gpt_span
utilizadores => usuarios,12,verified_translate,matched_gpt_span
∅ => para,12,verified_translate,matched_manual_null_rule
duma => de uma,12,verified_translate,default_translate_fallback
nos => em,12,verified_translate,matched_gpt_span
laborais => trabalhistas,12,verified_translate,matched_manual_span
enquadramento => arcabouco,12,verified_translate,matched_manual_span
reformados => aposentados,12,verified_translate,matched_gpt_span
por => para,12,verified_translate,default_translate_fallback
voce => vc,12,verified_translate,default_translate_fallback
tu => voce,11,verified_translate,default_translate_fallback
investigadores => pesquisadores,11,verified_translate,matched_gpt_span
para a => pra,11,verified_translate,default_translate_fallback
um => uma,11,verified_translate,default_translate_fallback
em => de,11,verified_translate,matched_gpt_span
quer => tanto,11,verified_translate,default_translate_fallback
noutras => em outras,11,verified_translate,default_translate_fallback
ter => levar,11,verified_translate,default_translate_fallback
recolha => coleta,11,verified_translate,matched_gpt_span
∅ => isso,11,verified_translate,matched_manual_null_rule
seguranca => previdencia,11,verified_translate,matched_manual_span
senhor => ∅,11,verified_translate,matched_manual_null_rule
por => em,10,verified_translate,matched_manual_span
a equipa => o time,10,verified_translate,matched_manual_span
si => voce,10,verified_translate,default_translate_fallback
perspetiva => perspectiva,10,verified_translate,matched_gpt_span
golo => gol,10,verified_translate,matched_gpt_span
aos => os,10,verified_translate,matched_gpt_span
coligacao => coalizao,10,verified_translate,default_translate_fallback
registou => registrou,10,verified_translate,matched_gpt_span
concelhos => municipios,10,verified_translate,matched_manual_span
∅ => oriente,10,verified_translate,matched_manual_null_rule
oriente => ∅,10,verified_translate,matched_manual_null_rule
ca => aqui,10,verified_translate,default_translate_fallback
de => a,10,verified_translate,default_translate_fallback
∅ => uma,10,verified_translate,matched_manual_null_rule
moscovo => moscou,10,verified_translate,default_translate_fallback
da => a,10,verified_translate,default_translate_fallback
∅ => na,10,verified_translate,matched_manual_null_rule
quasi => quase,10,verified_translate,default_translate_fallback
sr => ∅,10,verified_translate,matched_manual_null_rule
ha => a,10,verified_translate,default_translate_fallback
utilizador => usuario,9,verified_translate,matched_manual_span
treinador => tecnico,9,verified_translate,matched_manual_span
∅ => te,9,verified_translate,matched_manual_null_rule
anos => ∅,9,verified_translate,matched_manual_null_rule
iorque => york,9,verified_translate,default_translate_fallback
para => de,9,verified_translate,default_translate_fallback
quota => cota,9,verified_translate,default_translate_fallback
a perder => perdendo,9,verified_translate,matched_manual_progressive_rule
partilhar => compartilhar,9,verified_translate,matched_gpt_span
quer => quanto,9,verified_translate,default_translate_fallback
dossier => dossie,9,verified_translate,default_translate_fallback
∅ => tambem,9,verified_translate,matched_manual_null_rule
por => ∅,9,verified_translate,matched_manual_null_rule
∅ => com,9,verified_translate,matched_manual_null_rule
∅ => esta,9,verified_translate,matched_manual_null_rule
∅ => voces,9,verified_translate,matched_manual_null_rule
o => do,9,verified_translate,default_translate_fallback
a lutar => lutando,9,verified_translate,matched_manual_progressive_rule
pq => porque,9,verified_translate,default_translate_fallback
estupefacientes => entorpecentes,8,verified_translate,matched_manual_span
quinta => fazenda,8,verified_translate,matched_manual_span
durante => por,8,verified_translate,matched_gpt_span
laboral => trabalhista,8,verified_translate,matched_manual_span
numa => em,8,verified_translate,default_translate_fallback
ao => do,8,verified_translate,default_translate_fallback
aos => a,8,verified_translate,default_translate_fallback
∅ => que vem,8,verified_translate,matched_manual_null_rule
esta => e,8,verified_translate,default_translate_fallback
da => do,8,verified_translate,default_translate_fallback
em => no,8,verified_translate,matched_gpt_span
inteiro => integral,8,verified_translate,default_translate_fallback
∅ => por,8,verified_translate,matched_manual_null_rule
no => ao,8,verified_translate,default_translate_fallback
de => em,8,verified_translate,default_translate_fallback
vosso => seu,8,verified_translate,default_translate_fallback
a receber => recebendo,8,verified_translate,matched_manual_progressive_rule
tambem => ∅,8,verified_translate,matched_manual_null_rule
irao => ira,8,verified_translate,default_translate_fallback
porque e => por,8,verified_translate,default_translate_fallback
euros => reais,8,verified_translate,default_translate_fallback
arguido => acusado,8,verified_translate,default_translate_fallback
subsidio de => seguro,8,verified_translate,default_translate_fallback
1 => 1a,8,verified_translate,default_translate_fallback
sabes => sabe,8,verified_translate,default_translate_fallback
qu => que,8,verified_translate,default_translate_fallback
dum => de um,8,verified_translate,default_translate_fallback
de portugal => do brasil,8,verified_translate,default_translate_fallback
infraestruturas => infraestrutura,8,verified_translate,default_translate_fallback
exigencias => demandas,8,verified_translate,default_translate_fallback
ha que => e preciso,8,verified_translate,default_translate_fallback
procurador => promotor,7,verified_translate,matched_manual_span
∅ => so,7,verified_translate,matched_manual_null_rule
dos => ∅,7,verified_translate,matched_manual_null_rule
gasoleo => oleo diesel,7,verified_translate,default_translate_fallback
∅ => inteiro,7,verified_translate,matched_manual_null_rule
na => a,7,verified_translate,default_translate_fallback
pela => da,7,verified_translate,default_translate_fallback
sr => sra,7,verified_translate,default_translate_fallback
o => ao,7,verified_translate,default_translate_fallback
num => em,7,verified_translate,default_translate_fallback
por => colocar,7,verified_translate,default_translate_fallback
decurso => decorrer,7,verified_translate,default_translate_fallback
a construir => construindo,7,verified_translate,matched_manual_progressive_rule
estatuto => status,7,verified_translate,default_translate_fallback
nalguns => em alguns,7,verified_translate,default_translate_fallback
tua => sua,7,verified_translate,default_translate_fallback
registaram => registraram,7,verified_translate,matched_gpt_span
nestas => nessas,7,verified_translate,matched_manual_demonstrative_rule
face => em relacao,7,verified_translate,default_translate_fallback
da => por,7,verified_translate,default_translate_fallback
seu => ∅,7,verified_translate,matched_manual_null_rule
aceda a => acesse,7,verified_translate,default_translate_fallback
juncao => juntada,7,verified_translate,default_translate_fallback
noutro => em outro,7,verified_translate,default_translate_fallback
s => ∅,7,verified_translate,matched_manual_null_rule
arguida => re,7,verified_translate,default_translate_fallback
quinta => chacara,7,verified_translate,default_translate_fallback
so => ∅,7,verified_translate,matched_manual_null_rule
a defender => defendendo,7,verified_translate,matched_manual_progressive_rule
a discutir => discutindo,7,verified_translate,matched_manual_progressive_rule
vias de => ∅,7,verified_translate,matched_manual_null_rule
∅ => vc,7,verified_translate,matched_manual_null_rule
∅ => da,6,verified_translate,matched_manual_null_rule
a ir => indo,6,verified_translate,matched_manual_progressive_rule
quotidiana => cotidiana,6,verified_translate,matched_gpt_span
troco => trecho,6,verified_translate,default_translate_fallback
a tomar => tomando,6,verified_translate,matched_manual_progressive_rule
sondagem => pesquisa,6,verified_translate,default_translate_fallback
a comecar => comecando,6,verified_translate,matched_manual_progressive_rule
a 1 => em 1o,6,verified_translate,default_translate_fallback
aceite => aceita,6,verified_translate,default_translate_fallback
devera => deve,6,verified_translate,default_translate_fallback
despesas => gastos,6,verified_translate,default_translate_fallback
a chegar => chegando,6,verified_translate,matched_manual_progressive_rule
quotidiano => cotidiano,6,verified_translate,matched_gpt_span
para o => pro,6,verified_translate,default_translate_fallback
droga => drogas,6,verified_translate,default_translate_fallback
irs => ir,6,verified_translate,default_translate_fallback
o rendimento => a renda,6,verified_translate,default_translate_fallback
como => ∅,6,verified_translate,matched_manual_null_rule
camaras => cameras,6,verified_translate,matched_gpt_span
proprio => mesmo,6,verified_translate,default_translate_fallback
ha => ∅,6,verified_translate,matched_manual_null_rule
aos => dos,6,verified_translate,default_translate_fallback
∅ => as,6,verified_translate,matched_manual_null_rule
a funcionar => funcionando,6,verified_translate,matched_manual_progressive_rule
o fazer => faze lo,6,verified_translate,default_translate_fallback
sucede => ocorre,6,verified_translate,default_translate_fallback
taliban => talibas,6,verified_translate,default_translate_fallback
do => o,6,verified_translate,default_translate_fallback
ai => ∅,6,verified_translate,matched_manual_null_rule
arguidos => reus,6,verified_translate,default_translate_fallback
cobro => fim,6,verified_translate,default_translate_fallback
alargado => ampliado,6,verified_translate,default_translate_fallback
quem => que,6,verified_translate,default_translate_fallback
com o => ao,6,verified_translate,default_translate_fallback
este tribunal => esta corte,6,verified_translate,default_translate_fallback
dos => aos,6,verified_translate,default_translate_fallback
registados => registrados,6,verified_translate,matched_gpt_span
o => lo,6,verified_translate,default_translate_fallback
assi => assim,6,verified_translate,default_translate_fallback
teu => seu,6,verified_translate,default_translate_fallback
m => me,6,verified_translate,default_translate_fallback
a passar => passando,6,verified_translate,matched_manual_progressive_rule
mas => e,6,verified_translate,default_translate_fallback
salario minimo => piso salarial,6,verified_translate,default_translate_fallback
a dizer => falando,6,verified_translate,matched_manual_progressive_rule
dizer => falar,6,verified_translate,default_translate_fallback
∅ => de voces,6,verified_translate,matched_manual_null_rule
de => das,6,verified_translate,matched_gpt_span
tipo => cara,6,verified_translate,default_translate_fallback
vos => lhes,6,verified_translate,default_translate_fallback
vejam => olhem,6,verified_translate,default_translate_fallback
a morrer => morrendo,6,verified_translate,matched_manual_progressive_rule
tal => assim,6,verified_translate,default_translate_fallback
designadamente => especialmente,6,verified_translate,default_translate_fallback
ong => ongs,6,verified_translate,default_translate_fallback
ao alargamento => a ampliacao,6,verified_translate,default_translate_fallback
gajo => cara,6,verified_translate,default_translate_fallback
telemovel => telefone,6,verified_translate,default_translate_fallback
apanhar => pegar,5,verified_translate,matched_manual_span
implementacao => implantacao,5,verified_translate,matched_manual_span
a apoiar => apoiando,5,verified_translate,matched_manual_progressive_rule
em => com,5,verified_translate,matched_manual_span
guarda redes => goleiro,5,verified_translate,matched_manual_span
de => pela,5,verified_translate,matched_manual_span
da equipa => do time,5,verified_translate,default_translate_fallback
para => a,5,verified_translate,default_translate_fallback
aluguer => aluguel,5,verified_translate,default_translate_fallback
a ter => tendo,5,verified_translate,matched_manual_progressive_rule
do => no,5,verified_translate,default_translate_fallback
avancado => atacante,5,verified_translate,matched_gpt_span
as => a,5,verified_translate,default_translate_fallback
condutores => motoristas,5,verified_translate,matched_gpt_span
rapariga => moca,5,verified_translate,default_translate_fallback
reais => ∅,5,verified_translate,matched_manual_null_rule
voleibol => volei,5,verified_translate,matched_gpt_span
apenas => somente,5,verified_translate,default_translate_fallback
contigo => com voce,5,verified_translate,default_translate_fallback
vais => vai,5,verified_translate,default_translate_fallback
singulares => fisicas,5,verified_translate,default_translate_fallback
psd => psdb,5,verified_translate,default_translate_fallback
tornou se => virou,5,verified_translate,matched_gpt_span
e que => voce,5,verified_translate,default_translate_fallback
dizer => ∅,5,verified_translate,matched_manual_null_rule
cancro da => cancer de,5,verified_translate,default_translate_fallback
comunicacao social => midia,5,verified_translate,default_translate_fallback
pelas => as,5,verified_translate,default_translate_fallback
mas => ruins,5,verified_translate,default_translate_fallback
por que => pela qual,5,verified_translate,default_translate_fallback
haver => ter,5,verified_translate,default_translate_fallback
a matar => matando,5,verified_translate,matched_manual_progressive_rule
doentes => pacientes,5,verified_translate,default_translate_fallback
para ja => por ora,5,verified_translate,default_translate_fallback
camara => prefeitura,5,verified_translate,default_translate_fallback
genero => tipo,5,verified_translate,default_translate_fallback
secundario => medio,5,verified_translate,default_translate_fallback
portugal => brasil,5,verified_translate,default_translate_fallback
recordar => lembrar,5,verified_translate,default_translate_fallback
sitio => lugar,5,verified_translate,default_translate_fallback
alargada => ampliada,5,verified_translate,default_translate_fallback
∅ => estao,5,verified_translate,matched_manual_null_rule
fecho => fechamento,5,verified_translate,default_translate_fallback
efeitos => fins,5,verified_translate,default_translate_fallback
tem => ∅,5,verified_translate,matched_manual_null_rule
face a => diante de,5,verified_translate,default_translate_fallback
∅ => ate,5,verified_translate,matched_manual_null_rule
nessa altura => naquela epoca,5,verified_translate,default_translate_fallback
toxicodependencia => dependencia quimica,5,verified_translate,default_translate_fallback
e => de,5,verified_translate,default_translate_fallback
ultrapassar => superar,5,verified_translate,default_translate_fallback
este facto => esse fato,5,verified_translate,default_translate_fallback
sentido => senso,5,verified_translate,default_translate_fallback
desportivas => esportivas,5,verified_translate,matched_gpt_span
a pedir => pedindo,5,verified_translate,matched_manual_progressive_rule
isto e => ou seja,5,verified_translate,default_translate_fallback
a => e,5,verified_translate,default_translate_fallback
da => das,5,verified_translate,default_translate_fallback
oficiosamente => de oficio,5,verified_translate,default_translate_fallback
dos => do,5,verified_translate,default_translate_fallback
insira => digite,5,verified_translate,default_translate_fallback
ficou => restou,5,verified_translate,default_translate_fallback
conta => vista,5,verified_translate,default_translate_fallback
com => como,5,verified_translate,default_translate_fallback
trabalhador => empregado,5,verified_translate,default_translate_fallback
vista => vistas,5,verified_translate,default_translate_fallback
n => no,5,verified_translate,default_translate_fallback
coima => multa,5,verified_translate,default_translate_fallback
tinha => ∅,5,verified_translate,matched_manual_null_rule
via => meio,5,verified_translate,default_translate_fallback
∅ => a ele,5,verified_translate,matched_manual_null_rule
mama => mamae,5,verified_translate,default_translate_fallback
raparigas => mocas,5,verified_translate,default_translate_fallback
a andar => andando,5,verified_translate,matched_manual_progressive_rule
pae => pai,5,verified_translate,default_translate_fallback
dize => diga,5,verified_translate,default_translate_fallback
n uma => numa,5,verified_translate,default_translate_fallback
de => por,5,verified_translate,default_translate_fallback
a correr => correndo,5,verified_translate,matched_manual_progressive_rule
eu => ∅,5,verified_translate,matched_manual_null_rule
be => psol,5,verified_translate,default_translate_fallback
a pagar => pagando,5,verified_translate,matched_manual_progressive_rule
recordo => lembro,5,verified_translate,default_translate_fallback
central => federal,5,verified_translate,default_translate_fallback
dizem => falam,5,verified_translate,default_translate_fallback
vossa => ∅,5,verified_translate,matched_manual_null_rule
∅ => eu me,5,verified_translate,matched_manual_null_rule
sera => vai ser,5,verified_translate,default_translate_fallback
recursos => recurso,5,verified_translate,default_translate_fallback
tu es => voce e,5,verified_translate,default_translate_fallback
perceber => entender,5,verified_translate,default_translate_fallback
intervencao => fala,5,verified_translate,default_translate_fallback
pessoal => gente,5,verified_translate,default_translate_fallback
a criar => criando,5,verified_translate,matched_manual_progressive_rule
a ajudar => ajudando,5,verified_translate,matched_manual_progressive_rule
vos => ∅,5,verified_translate,matched_manual_null_rule
vaga => onda,5,verified_translate,default_translate_fallback
isto => isso se,5,verified_translate,default_translate_fallback
alargamento => ampliacao,5,verified_translate,default_translate_fallback
do alargamento => da ampliacao,5,verified_translate,default_translate_fallback
exito => sucesso,5,verified_translate,default_translate_fallback
importa => e importante,5,verified_translate,default_translate_fallback
o teu => seu,5,verified_translate,default_translate_fallback
quando => qdo,5,verified_translate,default_translate_fallback
p => para,5,verified_translate,default_translate_fallback
n => nao,5,verified_translate,default_translate_fallback
objectivos => alvos,5,verified_translate,default_translate_fallback
coletiva => juridica,4,verified_translate,matched_manual_span
pelas => por,4,verified_translate,matched_manual_span
hipoteses => chances,4,verified_translate,default_translate_fallback
a levar => levando,4,verified_translate,matched_manual_progressive_rule
por ser => sendo,4,verified_translate,matched_gpt_span
desportiva => esportiva,4,verified_translate,matched_gpt_span
lhes => ∅,4,verified_translate,matched_manual_null_rule
aceite => aceito,4,verified_translate,default_translate_fallback
todo => ∅,4,verified_translate,matched_manual_null_rule
a percentagem => o percentual,4,verified_translate,default_translate_fallback
fins => finais,4,verified_translate,matched_gpt_span
es => e,4,verified_translate,default_translate_fallback
exame de acesso a universidade => vestibular,4,verified_translate,default_translate_fallback
singular => fisica,4,verified_translate,default_translate_fallback
∅ => vai,4,verified_translate,matched_manual_null_rule
vai => ∅,4,verified_translate,matched_manual_null_rule
esquadra => delegacia,4,verified_translate,default_translate_fallback
a usar => usando,4,verified_translate,matched_manual_progressive_rule
a cair => caindo,4,verified_translate,matched_manual_progressive_rule
medicamentos => remedios,4,verified_translate,default_translate_fallback
taxas => aliquotas,4,verified_translate,default_translate_fallback
as => os,4,verified_translate,matched_gpt_span
arrendamento => locacao,4,verified_translate,default_translate_fallback
a aumentar => aumentando,4,verified_translate,matched_manual_progressive_rule
subida => alta,4,verified_translate,default_translate_fallback
viragem => virada,4,verified_translate,matched_gpt_span
noutra => em outra,4,verified_translate,default_translate_fallback
a pressa => as pressas,4,verified_translate,default_translate_fallback
face => ante,4,verified_translate,default_translate_fallback
∅ => dizer,4,verified_translate,matched_manual_null_rule
caucao => fianca,4,verified_translate,default_translate_fallback
a jogar => jogando,4,verified_translate,matched_manual_progressive_rule
em baixo => embaixo,4,verified_translate,default_translate_fallback
tal => isso,4,verified_translate,default_translate_fallback
poderao => podem,4,verified_translate,default_translate_fallback
medicamento => remedio,4,verified_translate,default_translate_fallback
a conversar => conversando,4,verified_translate,matched_manual_progressive_rule
autarca => prefeito,4,verified_translate,default_translate_fallback
ser => ∅,4,verified_translate,matched_manual_null_rule
termo => fim,4,verified_translate,default_translate_fallback
tratar => cuidar,4,verified_translate,default_translate_fallback
depressa => rapido,4,verified_translate,default_translate_fallback
o regresso => a volta,4,verified_translate,default_translate_fallback
se passa => acontece,4,verified_translate,default_translate_fallback
efectuar => realizar,4,verified_translate,default_translate_fallback
a provocar => provocando,4,verified_translate,matched_manual_progressive_rule
recorde se => vale lembrar,4,verified_translate,default_translate_fallback
pormenor => detalhe,4,verified_translate,default_translate_fallback
zona => regiao,4,verified_translate,default_translate_fallback
para o => no,4,verified_translate,default_translate_fallback
respeitantes => referentes,4,verified_translate,default_translate_fallback
de novo => novamente,4,verified_translate,default_translate_fallback
∅ => tem,4,verified_translate,matched_manual_null_rule
toxicodependentes => dependentes quimicos,4,verified_translate,default_translate_fallback
a => no dia,4,verified_translate,default_translate_fallback
de mais => demais,4,verified_translate,default_translate_fallback
vossos => seus,4,verified_translate,default_translate_fallback
registos => registros,4,verified_translate,matched_gpt_span
desportivo => esportivo,4,verified_translate,matched_gpt_span
dos negocios estrangeiros => das relacoes exteriores,4,verified_translate,default_translate_fallback
por que => pelos quais,4,verified_translate,default_translate_fallback
tem de => precisam,4,verified_translate,default_translate_fallback
aos => para os,4,verified_translate,default_translate_fallback
a saber => sabendo,4,verified_translate,matched_manual_progressive_rule
referiu => mencionou,4,verified_translate,default_translate_fallback
perante a => diante da,4,verified_translate,default_translate_fallback
visto => eis,4,verified_translate,default_translate_fallback
apuramento => apuracao,4,verified_translate,default_translate_fallback
trabalhador => obreiro,4,verified_translate,default_translate_fallback
notificacao => intimacao,4,verified_translate,default_translate_fallback
perante o => diante do,4,verified_translate,default_translate_fallback
artigo => art,4,verified_translate,default_translate_fallback
∅ => dela,4,verified_translate,matched_manual_null_rule
descontos => recolhimentos,4,verified_translate,default_translate_fallback
do tribunal => da justica,4,verified_translate,default_translate_fallback
conforme => consoante,4,verified_translate,default_translate_fallback
das => da,4,verified_translate,default_translate_fallback
donde => de onde,4,verified_translate,default_translate_fallback
de => no,4,verified_translate,default_translate_fallback
irc => irpj,4,verified_translate,default_translate_fallback
4 => 4o,4,verified_translate,default_translate_fallback
a realizar => realizando,4,verified_translate,matched_manual_progressive_rule
ha que => e necessario,4,verified_translate,default_translate_fallback
infra estrutura => infraestrutura,4,verified_translate,default_translate_fallback
humidade => umidade,4,verified_translate,matched_gpt_span
a ouvir => ouvindo,4,verified_translate,matched_manual_progressive_rule
fumo => fumaca,4,verified_translate,default_translate_fallback
herdade => fazenda,4,verified_translate,default_translate_fallback
a brincar => brincando,4,verified_translate,matched_manual_progressive_rule
paiz => pais,4,verified_translate,default_translate_fallback
mi => mim,4,verified_translate,default_translate_fallback
a => aos,4,verified_translate,default_translate_fallback
∅ => sao,4,verified_translate,matched_manual_null_rule
co => com,4,verified_translate,default_translate_fallback
ceo => ceu,4,verified_translate,default_translate_fallback
d este => deste,4,verified_translate,default_translate_fallback
que => qual,4,verified_translate,default_translate_fallback
dentro => ∅,4,verified_translate,matched_manual_null_rule
nymphas => ninfas,4,verified_translate,default_translate_fallback
agenda => pauta,4,verified_translate,default_translate_fallback
salario base => piso,4,verified_translate,default_translate_fallback
conferencia => coletiva,4,verified_translate,default_translate_fallback
apenas => so,4,verified_translate,default_translate_fallback
∅ => elas,4,verified_translate,matched_manual_null_rule
rendimentos => renda,4,verified_translate,default_translate_fallback
mil milhao => bilhao,4,verified_translate,default_translate_fallback
disse => falou,4,verified_translate,default_translate_fallback
∅ => noticia,4,verified_translate,matched_manual_null_rule
noticia => ∅,4,verified_translate,matched_manual_null_rule
presidente da camara municipal => prefeito,4,verified_translate,default_translate_fallback
arbitro => juiz,4,verified_translate,default_translate_fallback
apenas => ∅,4,verified_translate,matched_manual_null_rule
arduamente => duro,4,verified_translate,default_translate_fallback
oral => bucal,4,verified_translate,default_translate_fallback
lembramo => ∅,4,verified_translate,matched_manual_null_rule
∅ => lembramos,4,verified_translate,matched_manual_null_rule
habitacoes => moradias,4,verified_translate,default_translate_fallback
a deixar => deixando,4,verified_translate,matched_manual_progressive_rule
assim => entao,4,verified_translate,default_translate_fallback
reformado => aposentado,4,verified_translate,matched_gpt_span
a introduzir => introduzindo,4,verified_translate,matched_manual_progressive_rule
com => de,4,verified_translate,default_translate_fallback
presidente do governo regional => governador,4,verified_translate,default_translate_fallback
o saco => a saca,4,verified_translate,default_translate_fallback
desde => ∅,4,verified_translate,matched_manual_null_rule
igualmente => tambem,4,verified_translate,default_translate_fallback
rastreio => rastreamento,4,verified_translate,default_translate_fallback
macica => em massa,4,verified_translate,default_translate_fallback
dominio => ambito,4,verified_translate,default_translate_fallback
um alargamento => uma ampliacao,4,verified_translate,default_translate_fallback
por conseguinte => portanto,4,verified_translate,default_translate_fallback
precisos => necessarios,4,verified_translate,default_translate_fallback
presentemente => atualmente,4,verified_translate,default_translate_fallback
a seguir => em seguida,4,verified_translate,default_translate_fallback
vih => hiv,4,verified_translate,default_translate_fallback
cricket => criquete,4,verified_translate,default_translate_fallback
milhar => milhares,4,verified_translate,default_translate_fallback
por => as,4,verified_translate,default_translate_fallback
tens => voce tem,4,verified_translate,default_translate_fallback
estas => esta,4,verified_translate,default_translate_fallback
tambem => tbm,4,verified_translate,default_translate_fallback
e preciso => tem que,4,verified_translate,default_translate_fallback
homem => cara,4,verified_translate,default_translate_fallback
es => voce e,4,verified_translate,default_translate_fallback
faz => faca,4,verified_translate,default_translate_fallback
malta => galera,4,verified_translate,default_translate_fallback
ver => assistir,4,verified_translate,default_translate_fallback
prestacoes => parcelas,3,verified_translate,matched_manual_span
se tornou => virou,3,verified_translate,matched_manual_span
para => pela,3,verified_translate,matched_manual_span
do rendimento => da renda,3,verified_translate,matched_manual_span
r => ∅,3,verified_translate,matched_manual_null_rule
espera da => ∅,3,verified_translate,matched_manual_null_rule
psp => pm,3,verified_translate,default_translate_fallback
mil milhoes de dolares => bilhoes,3,verified_translate,default_translate_fallback
a seguir => seguindo,3,verified_translate,matched_manual_progressive_rule
a mudar => mudando,3,verified_translate,matched_manual_progressive_rule
digressao => turne,3,verified_translate,default_translate_fallback
tem sido => vem sendo,3,verified_translate,default_translate_fallback
a haver => havendo,3,verified_translate,matched_manual_progressive_rule
excertos => trechos,3,verified_translate,default_translate_fallback
oportunidade => chance,3,verified_translate,default_translate_fallback
dessa => daquela,3,verified_translate,default_translate_fallback
parlamento => congresso nacional,3,verified_translate,default_translate_fallback
a conseguir => conseguindo,3,verified_translate,matched_manual_progressive_rule
ine => ibge,3,verified_translate,default_translate_fallback
interposto => impetrado,3,verified_translate,default_translate_fallback
operativo => operacional,3,verified_translate,matched_gpt_span
lhe => a ele,3,verified_translate,default_translate_fallback
2 => 2o,3,verified_translate,default_translate_fallback
o mundial => a copa,3,verified_translate,default_translate_fallback
cartao => papelao,3,verified_translate,default_translate_fallback
a trazer => trazendo,3,verified_translate,matched_manual_progressive_rule
a gastar => gastando,3,verified_translate,matched_manual_progressive_rule
sobre o rendimento => de renda,3,verified_translate,default_translate_fallback
defesa => zagueiro,3,verified_translate,default_translate_fallback
israelitas => israelenses,3,verified_translate,default_translate_fallback
por => pela,3,verified_translate,default_translate_fallback
saudades => saudade,3,verified_translate,default_translate_fallback
stock => estoque,3,verified_translate,default_translate_fallback
a surgir => surgindo,3,verified_translate,matched_manual_progressive_rule
eles => ∅,3,verified_translate,matched_manual_null_rule
a tocar => tocando,3,verified_translate,matched_manual_progressive_rule
dada => dado,3,verified_translate,default_translate_fallback
incluindo => inclusive,3,verified_translate,default_translate_fallback
os => o,3,verified_translate,default_translate_fallback
seja => ∅,3,verified_translate,matched_manual_null_rule
alojamento => hospedagem,3,verified_translate,default_translate_fallback
proximo => ∅,3,verified_translate,matched_manual_null_rule
seguranca social => previdencia,3,verified_translate,default_translate_fallback
par da => ∅,3,verified_translate,matched_manual_null_rule
uma => umas,3,verified_translate,default_translate_fallback
autarquia => prefeitura,3,verified_translate,matched_gpt_span
toda => ∅,3,verified_translate,matched_manual_null_rule
estar => ficar,3,verified_translate,default_translate_fallback
de o => do,3,verified_translate,default_translate_fallback
pondo => colocando,3,verified_translate,default_translate_fallback
peoes => pedestres,3,verified_translate,default_translate_fallback
automobilistas => motoristas,3,verified_translate,default_translate_fallback
rematou => concluiu,3,verified_translate,default_translate_fallback
fora => foi,3,verified_translate,default_translate_fallback
vai => esta,3,verified_translate,default_translate_fallback
sismo => terremoto,3,verified_translate,default_translate_fallback
recordou => lembrou,3,verified_translate,default_translate_fallback
ao => aos,3,verified_translate,default_translate_fallback
se => de,3,verified_translate,default_translate_fallback
seleccionador => tecnico,3,verified_translate,default_translate_fallback
autarquicas => municipais,3,verified_translate,default_translate_fallback
ganho => vencido,3,verified_translate,default_translate_fallback
a seguir => seguinte,3,verified_translate,default_translate_fallback
junta => reune,3,verified_translate,default_translate_fallback
a promover => promovendo,3,verified_translate,matched_manual_progressive_rule
impacte => impacto,3,verified_translate,default_translate_fallback
demasiado => demasiadamente,3,verified_translate,default_translate_fallback
ira ser => sera,3,verified_translate,default_translate_fallback
a espera => esperando,3,verified_translate,matched_manual_progressive_rule
numa altura => em um momento,3,verified_translate,default_translate_fallback
miudo => menino,3,verified_translate,matched_gpt_span
bocado => pouco,3,verified_translate,default_translate_fallback
∅ => como,3,verified_translate,matched_manual_null_rule
autarquias => prefeituras,3,verified_translate,default_translate_fallback
a serem => sendo,3,verified_translate,matched_manual_progressive_rule
∅ => esse,3,verified_translate,matched_manual_null_rule
esse => ∅,3,verified_translate,matched_manual_null_rule
esta => ∅,3,verified_translate,matched_manual_null_rule
monitorizar => monitorar,3,verified_translate,matched_gpt_span
esta => este,3,verified_translate,default_translate_fallback
a que => aos quais,3,verified_translate,default_translate_fallback
emissao => transmissao,3,verified_translate,default_translate_fallback
tomada de => ∅,3,verified_translate,matched_manual_null_rule
si => ele,3,verified_translate,default_translate_fallback
porta fechada => portas fechadas,3,verified_translate,default_translate_fallback
a volta => ao redor,3,verified_translate,default_translate_fallback
ter => ∅,3,verified_translate,matched_manual_null_rule
a par do => junto com o,3,verified_translate,default_translate_fallback
se num => em um,3,verified_translate,matched_gpt_span
autarcas => prefeitos,3,verified_translate,default_translate_fallback
o => ele,3,verified_translate,default_translate_fallback
isso => ∅,3,verified_translate,matched_manual_null_rule
demasiado => ∅,3,verified_translate,matched_manual_null_rule
carenciada => carente,3,verified_translate,default_translate_fallback
faz => ∅,3,verified_translate,matched_manual_null_rule
bona => bonn,3,verified_translate,default_translate_fallback
media => meios de comunicacao,3,verified_translate,default_translate_fallback
a recuperar => recuperando,3,verified_translate,matched_manual_progressive_rule
lhe => a ela,3,verified_translate,matched_gpt_span
nomeadamente => especialmente,3,verified_translate,default_translate_fallback
da => de a,3,verified_translate,default_translate_fallback
rapariga => garota,3,verified_translate,default_translate_fallback
a gra bretanha => o reino unido,3,verified_translate,default_translate_fallback
casa de corretagem => corretora,3,verified_translate,default_translate_fallback
a => pela,3,verified_translate,default_translate_fallback
e => sao,3,verified_translate,default_translate_fallback
que => de,3,verified_translate,default_translate_fallback
lenine => lenin,3,verified_translate,default_translate_fallback
∅ => tornando,3,verified_translate,matched_manual_null_rule
ai => la,3,verified_translate,default_translate_fallback
mais pequeno => menor,3,verified_translate,default_translate_fallback
a que => ao qual,3,verified_translate,default_translate_fallback
salientar => destacar,3,verified_translate,default_translate_fallback
jornadas => rodadas,3,verified_translate,default_translate_fallback
decerto => certamente,3,verified_translate,default_translate_fallback
∅ => la,3,verified_translate,matched_manual_null_rule
e => esta,3,verified_translate,default_translate_fallback
que => a qual,3,verified_translate,default_translate_fallback
da => na,3,verified_translate,default_translate_fallback
modo => forma,3,verified_translate,default_translate_fallback
aquela => essa,3,verified_translate,default_translate_fallback
linha de => ∅,3,verified_translate,matched_manual_null_rule
sua => ∅,3,verified_translate,matched_manual_null_rule
pe => lado,3,verified_translate,default_translate_fallback
acao => demanda,3,verified_translate,default_translate_fallback
recurso => apelo,3,verified_translate,default_translate_fallback
audicao => oitiva,3,verified_translate,default_translate_fallback
relativamente => com relacao,3,verified_translate,default_translate_fallback
previdencial => previdenciario,3,verified_translate,default_translate_fallback
rendas => alugueis,3,verified_translate,default_translate_fallback
de prescricao => prescricional,3,verified_translate,default_translate_fallback
lixivia => agua sanitaria,3,verified_translate,default_translate_fallback
no ativo => da ativa,3,verified_translate,default_translate_fallback
face a => diante da,3,verified_translate,default_translate_fallback
incumprimento => inadimplemento,3,verified_translate,default_translate_fallback
n o => ∅,3,verified_translate,matched_manual_null_rule
crp => cf,3,verified_translate,default_translate_fallback
que respeita => tocante,3,verified_translate,default_translate_fallback
conhecimento => ciencia,3,verified_translate,default_translate_fallback
transferencia => repasse,3,verified_translate,default_translate_fallback
∅ => tenha,3,verified_translate,matched_manual_null_rule
deste tribunal => desta corte,3,verified_translate,default_translate_fallback
aceda => acesse,3,verified_translate,default_translate_fallback
face => frente,3,verified_translate,default_translate_fallback
acedido => acessado,3,verified_translate,default_translate_fallback
presidente de camara => prefeito,3,verified_translate,default_translate_fallback
excecional => excepcional,3,verified_translate,matched_gpt_span
seguranca => seguridade,3,verified_translate,default_translate_fallback
ter => haver,3,verified_translate,default_translate_fallback
sinistrado => acidentado,3,verified_translate,default_translate_fallback
providencia => medida,3,verified_translate,default_translate_fallback
data => epoca,3,verified_translate,default_translate_fallback
livranca => nota promissoria,3,verified_translate,default_translate_fallback
iva => icms,3,verified_translate,default_translate_fallback
facto do => fato de o,3,verified_translate,default_translate_fallback
n 1 => 1o,3,verified_translate,default_translate_fallback
oficioso => de oficio,3,verified_translate,default_translate_fallback
contabilisticas => contabeis,3,verified_translate,default_translate_fallback
perante factos => diante de fatos,3,verified_translate,default_translate_fallback
antes => sim,3,verified_translate,default_translate_fallback
porquanto => pois,3,verified_translate,default_translate_fallback
deste modo => dessa forma,3,verified_translate,default_translate_fallback
art => arts,3,verified_translate,default_translate_fallback
vossas => suas,3,verified_translate,default_translate_fallback
∅ => havia,3,verified_translate,matched_manual_null_rule
em face => diante,3,verified_translate,default_translate_fallback
lato => amplo,3,verified_translate,default_translate_fallback
patente => evidente,3,verified_translate,default_translate_fallback
tem => leva,3,verified_translate,default_translate_fallback
estes factos => esses fatos,3,verified_translate,default_translate_fallback
fraca => baixa,3,verified_translate,default_translate_fallback
aqueles => esses,3,verified_translate,default_translate_fallback
aceder aos => acessar os,3,verified_translate,default_translate_fallback
lembrei => lembrou,3,verified_translate,default_translate_fallback
encontrava => achava,3,verified_translate,default_translate_fallback
humido => umido,3,verified_translate,matched_gpt_span
∅ => seguinte,3,verified_translate,matched_manual_null_rule
este => ∅,3,verified_translate,matched_manual_null_rule
dia => ∅,3,verified_translate,matched_manual_null_rule
ficar => ∅,3,verified_translate,matched_manual_null_rule
titi => titia,3,verified_translate,default_translate_fallback
beicos => labios,3,verified_translate,default_translate_fallback
por a => pela,3,verified_translate,default_translate_fallback
a face => o rosto,3,verified_translate,default_translate_fallback
para a => na,3,verified_translate,default_translate_fallback
sucedeu => aconteceu,3,verified_translate,default_translate_fallback
vae => vai,3,verified_translate,default_translate_fallback
tam => tao,3,verified_translate,default_translate_fallback
n um => num,3,verified_translate,default_translate_fallback
s => sao,3,verified_translate,default_translate_fallback
ti => voce,3,verified_translate,default_translate_fallback
muito => mais,3,verified_translate,default_translate_fallback
lavor => trabalho,3,verified_translate,default_translate_fallback
d elle => dele,3,verified_translate,default_translate_fallback
fugiram => correram,3,verified_translate,default_translate_fallback
reformam => aposentam,3,verified_translate,default_translate_fallback
a responder => respondendo,3,verified_translate,matched_manual_progressive_rule
a sair => saindo,3,verified_translate,matched_manual_progressive_rule
onde esta => cade,3,verified_translate,default_translate_fallback
todos os dias => todo dia,3,verified_translate,default_translate_fallback
presidente da camara => prefeita,3,verified_translate,default_translate_fallback
uma percentagem => um percentual,3,verified_translate,default_translate_fallback
estimado => querido,3,verified_translate,default_translate_fallback
do => de meio,3,verified_translate,default_translate_fallback
qualquer => nenhuma,3,verified_translate,default_translate_fallback
precisamente => justamente,3,verified_translate,default_translate_fallback
cerca => em torno,3,verified_translate,default_translate_fallback
∅ => agora,3,verified_translate,matched_manual_null_rule
pouco => pouquinho,3,verified_translate,default_translate_fallback
as vossas => suas,3,verified_translate,default_translate_fallback
∅ => federal,3,verified_translate,matched_manual_null_rule
sobre o => do,3,verified_translate,default_translate_fallback
a produzir => produzindo,3,verified_translate,matched_manual_progressive_rule
duvidas => duvida,3,verified_translate,default_translate_fallback
salario minimo => piso,3,verified_translate,default_translate_fallback
perspetivas => perspectivas,3,verified_translate,matched_gpt_span
a chamar => chamando,3,verified_translate,matched_manual_progressive_rule
asneira => besteira,3,verified_translate,default_translate_fallback
enviar => mandar,3,verified_translate,default_translate_fallback
camaras municipais => prefeituras,3,verified_translate,default_translate_fallback
perante este => diante desse,3,verified_translate,default_translate_fallback
despesa => gasto,3,verified_translate,default_translate_fallback
felicito => parabenizo,3,verified_translate,default_translate_fallback
facam => faca,3,verified_translate,default_translate_fallback
o grupo => a turma,3,verified_translate,default_translate_fallback
a rir => rindo,3,verified_translate,matched_manual_progressive_rule
a votar => votando,3,verified_translate,matched_manual_progressive_rule
camionista => caminhoneiro,3,verified_translate,default_translate_fallback
o mundo => ∅,3,verified_translate,matched_manual_null_rule
seja removido => ∅,3,verified_translate,matched_manual_null_rule
a prejudicar => prejudicando,3,verified_translate,matched_manual_progressive_rule
a ser => sendo acatada,3,verified_translate,default_translate_fallback
aceite => ∅,3,verified_translate,matched_manual_null_rule
a tratar => tratando,3,verified_translate,matched_manual_progressive_rule
a portugal => ao brasil,3,verified_translate,default_translate_fallback
a colocar => colocando,3,verified_translate,matched_manual_progressive_rule
presidente => presidenta,3,verified_translate,default_translate_fallback
terras => terra,3,verified_translate,default_translate_fallback
a sofrer => sofrendo,3,verified_translate,matched_manual_progressive_rule
apanhou => pegou,3,verified_translate,default_translate_fallback
deputado => parlamentar,3,verified_translate,default_translate_fallback
fundo de garantia => fgts,3,verified_translate,default_translate_fallback
abdicar => abrir mao,3,verified_translate,default_translate_fallback
referir a => dizer da,3,verified_translate,default_translate_fallback
a este => esse,3,verified_translate,default_translate_fallback
publicacao => postagem,3,verified_translate,default_translate_fallback
proxima => ∅,3,verified_translate,matched_manual_null_rule
a imaginar => imaginando,3,verified_translate,matched_manual_progressive_rule
a abrir => abrindo,3,verified_translate,matched_manual_progressive_rule
policia => policial,3,verified_translate,default_translate_fallback
despesa publica => gasto publico,3,verified_translate,default_translate_fallback
canalizada => encanada,3,verified_translate,default_translate_fallback
ha => existe,3,verified_translate,default_translate_fallback
receberam => ganharam,3,verified_translate,default_translate_fallback
a aproveitar => ∅,3,verified_translate,matched_manual_null_rule
∅ => aproveitando,3,verified_translate,matched_manual_null_rule
a gritar => gritando,3,verified_translate,matched_manual_progressive_rule
um tribunal => uma corte,3,verified_translate,default_translate_fallback
alargar => ∅,3,verified_translate,matched_manual_null_rule
pelo => pelos,3,verified_translate,default_translate_fallback
libertacao => soltura,3,verified_translate,default_translate_fallback
acede ao => acessa o,3,verified_translate,default_translate_fallback
a ficar => ficando,3,verified_translate,matched_manual_progressive_rule
a radicalizar => radicalizando,3,verified_translate,matched_manual_progressive_rule
do supremo tribunal => da suprema corte,3,verified_translate,default_translate_fallback
∅ => hoje,3,verified_translate,matched_manual_null_rule
∅ => dar,3,verified_translate,matched_manual_null_rule
das contratacoes publicas => de licitacoes,3,verified_translate,default_translate_fallback
camas => leitos,3,verified_translate,default_translate_fallback
sabem => sabe,3,verified_translate,default_translate_fallback
a agir => agindo,3,verified_translate,matched_manual_progressive_rule
convosco => com voces,3,verified_translate,default_translate_fallback
podes => pode,3,verified_translate,default_translate_fallback
no ensino basico => na educacao basica,3,verified_translate,default_translate_fallback
inconsciente => desacordada,3,verified_translate,default_translate_fallback
violador => estuprador,3,verified_translate,default_translate_fallback
despedimentos => demissoes,3,verified_translate,default_translate_fallback
abarcar => abranger,3,verified_translate,default_translate_fallback
por que => pelo qual,3,verified_translate,default_translate_fallback
raparigas => meninas,3,verified_translate,default_translate_fallback
vossa => sua,3,verified_translate,default_translate_fallback
a enviar => enviando,3,verified_translate,matched_manual_progressive_rule
tenha => leve,3,verified_translate,default_translate_fallback
directivas => diretrizes,3,verified_translate,default_translate_fallback
exploracoes => propriedades,3,verified_translate,default_translate_fallback
alteracoes => emendas,3,verified_translate,default_translate_fallback
a destruir => destruindo,3,verified_translate,matched_manual_progressive_rule
aquando => por ocasiao,3,verified_translate,default_translate_fallback
subvencoes => subsidios,3,verified_translate,default_translate_fallback
deste objectivo => desse objetivo,3,verified_translate,default_translate_fallback
fiabilidade => confiabilidade,3,verified_translate,matched_gpt_span
∅ => apenas,3,verified_translate,matched_manual_null_rule
ensaios => testes,3,verified_translate,default_translate_fallback
percebo => entendo,3,verified_translate,default_translate_fallback
se encontram => estao,3,verified_translate,default_translate_fallback
helsinquia => helsinque,3,verified_translate,default_translate_fallback
linha de conta => consideracao,3,verified_translate,default_translate_fallback
prende com => refere,3,verified_translate,default_translate_fallback
afigura se => parece,3,verified_translate,default_translate_fallback
da => pela,3,verified_translate,default_translate_fallback
qualquer coisa => algo,3,verified_translate,default_translate_fallback
realmente => de fato,3,verified_translate,default_translate_fallback
acrescentado => agregado,3,verified_translate,default_translate_fallback
utente => usuario,3,verified_translate,default_translate_fallback
julgo => creio,3,verified_translate,default_translate_fallback
impoe se => e necessario,3,verified_translate,default_translate_fallback
pelo seu lado => por sua vez,3,verified_translate,default_translate_fallback
proprios => mesmos,3,verified_translate,default_translate_fallback
castigados => punidos,3,verified_translate,default_translate_fallback
trafego => trafico,3,verified_translate,default_translate_fallback
a implementar => implementando,3,verified_translate,matched_manual_progressive_rule
pela => pelo,3,verified_translate,default_translate_fallback
perceberam => entenderam,3,verified_translate,default_translate_fallback
os teus => seus,3,verified_translate,default_translate_fallback
os vossos => seus,3,verified_translate,default_translate_fallback
estas => vc esta,3,verified_translate,default_translate_fallback
sao => e,3,verified_translate,default_translate_fallback
partilhem => compartilhem,3,verified_translate,matched_gpt_span
desses => desse,3,verified_translate,default_translate_fallback
esta a ser => ta sendo,3,verified_translate,default_translate_fallback
estou => to,3,verified_translate,default_translate_fallback
marioneta => marionete,3,verified_translate,default_translate_fallback
pelo => para o,3,verified_translate,default_translate_fallback
nao e => ne,3,verified_translate,default_translate_fallback
a tua => sua,3,verified_translate,default_translate_fallback
quiseres => quiser,3,verified_translate,default_translate_fallback
vossa => de voces,3,verified_translate,default_translate_fallback
tens => tem,3,verified_translate,default_translate_fallback
qq => qualquer,3,verified_translate,default_translate_fallback
∅ => sobre,3,verified_translate,matched_manual_null_rule
miudos => garotos,3,verified_translate,default_translate_fallback
o => os,3,verified_translate,default_translate_fallback
ao vivo => live,3,verified_translate,default_translate_fallback
da tua => de sua,3,verified_translate,default_translate_fallback
de uma => duma,3,verified_translate,default_translate_fallback
manguesal retauracao => manguezal restauracao,3,verified_translate,default_translate_fallback
on line => online,3,verified_translate,default_translate_fallback
agrafos => grampos,2,verified_translate,matched_manual_span
autoridade tributaria => receita,2,verified_translate,matched_manual_span
acionista => acionaria,2,verified_translate,matched_manual_span
rapazes => garotos,2,verified_translate,matched_manual_span
no proximo => ∅,2,verified_translate,matched_manual_null_rule
a apitar => apitando,2,verified_translate,matched_manual_progressive_rule
o jogo => a partida,2,verified_translate,matched_manual_span
encontrado => achado,2,verified_translate,matched_manual_span
cenario => quadro,2,verified_translate,matched_manual_span
marca => grife,2,verified_translate,matched_manual_span
um grupo => uma quadrilha,2,verified_translate,default_translate_fallback
a crescer => crescendo,2,verified_translate,matched_manual_progressive_rule
a credito => no crediario,2,verified_translate,matched_manual_span
a apresentar => apresentando,2,verified_translate,matched_manual_progressive_rule
a olhar => olhando,2,verified_translate,matched_manual_progressive_rule
∅ => esperando,2,verified_translate,matched_manual_null_rule
a torcer => torcendo,2,verified_translate,matched_manual_progressive_rule
isto => ∅,2,verified_translate,matched_manual_null_rule
claques => torcidas,2,verified_translate,default_translate_fallback
confusao => baderna,2,verified_translate,default_translate_fallback
ligeiro => leve,2,verified_translate,default_translate_fallback
∅ => lhes,2,verified_translate,matched_manual_null_rule
sera => ∅,2,verified_translate,matched_manual_null_rule
escape => escapamento,2,verified_translate,default_translate_fallback
num => de um,2,verified_translate,matched_gpt_span
infraestrutura => infra estrutura,2,verified_translate,default_translate_fallback
levantar => retirar,2,verified_translate,default_translate_fallback
unico => ∅,2,verified_translate,matched_manual_null_rule
todos os anos => a cada ano,2,verified_translate,default_translate_fallback
do mundial => da copa,2,verified_translate,default_translate_fallback
aduaneira => alfandegaria,2,verified_translate,default_translate_fallback
autorreflexao => auto reflexao,2,verified_translate,default_translate_fallback
fotografia => foto,2,verified_translate,default_translate_fallback
autoestrada => rodovia,2,verified_translate,matched_gpt_span
inspetor => delegado,2,verified_translate,default_translate_fallback
a comemorar => comemorando,2,verified_translate,matched_manual_progressive_rule
motociclistas => motoqueiros,2,verified_translate,default_translate_fallback
milhoes de dolares => milhao,2,verified_translate,default_translate_fallback
devera => deve se,2,verified_translate,default_translate_fallback
a atuar => atuando,2,verified_translate,matched_manual_progressive_rule
volta => vira,2,verified_translate,default_translate_fallback
meia => mexe,2,verified_translate,default_translate_fallback
estar => ∅,2,verified_translate,matched_manual_null_rule
colectiva => juridica,2,verified_translate,default_translate_fallback
libertacao => liberacao,2,verified_translate,matched_gpt_span
ouvi => escutei,2,verified_translate,default_translate_fallback
saxofone => sax,2,verified_translate,default_translate_fallback
a mobilizar => mobilizando,2,verified_translate,matched_manual_progressive_rule
avancados => atacantes,2,verified_translate,default_translate_fallback
bilhetes => ingressos,2,verified_translate,matched_gpt_span
alegada => suposta,2,verified_translate,default_translate_fallback
apelido => sobrenome,2,verified_translate,default_translate_fallback
a viajar => viajando,2,verified_translate,matched_manual_progressive_rule
o tribunal => a corte,2,verified_translate,default_translate_fallback
seguros => convenios,2,verified_translate,default_translate_fallback
segurado => conveniado,2,verified_translate,default_translate_fallback
o silencio => a mudez,2,verified_translate,default_translate_fallback
base => armador,2,verified_translate,default_translate_fallback
extremo => ala,2,verified_translate,default_translate_fallback
ressaltos => rebotes,2,verified_translate,default_translate_fallback
chamadas => ligacoes,2,verified_translate,default_translate_fallback
de se => que,2,verified_translate,default_translate_fallback
de reais => ∅,2,verified_translate,matched_manual_null_rule
a chorar => chorando,2,verified_translate,matched_manual_progressive_rule
cisterna => pipa,2,verified_translate,default_translate_fallback
a circular => circulando,2,verified_translate,matched_manual_progressive_rule
o po => a poeira,2,verified_translate,default_translate_fallback
equipa => comissao,2,verified_translate,default_translate_fallback
taca => copa,2,verified_translate,default_translate_fallback
burla => estelionato,2,verified_translate,default_translate_fallback
procuradores => promotores,2,verified_translate,default_translate_fallback
∅ => 18,2,verified_translate,matched_manual_null_rule
entao => dai,2,verified_translate,default_translate_fallback
ah ah ah => rarara,2,verified_translate,default_translate_fallback
pela => ∅,2,verified_translate,matched_manual_null_rule
gelados => sorvetes,2,verified_translate,default_translate_fallback
a vir => vindo,2,verified_translate,matched_manual_progressive_rule
euros => ∅,2,verified_translate,matched_manual_null_rule
verdadeira => real,2,verified_translate,default_translate_fallback
questionado => perguntado,2,verified_translate,default_translate_fallback
constituicao => carta magna,2,verified_translate,default_translate_fallback
a sentir => sentindo,2,verified_translate,matched_manual_progressive_rule
nos => no,2,verified_translate,default_translate_fallback
registadas => registradas,2,verified_translate,matched_gpt_span
chamada => ligacao,2,verified_translate,default_translate_fallback
9 => 9o,2,verified_translate,default_translate_fallback
dividas => debitos,2,verified_translate,default_translate_fallback
desportistas => esportistas,2,verified_translate,matched_gpt_span
plantel => elenco,2,verified_translate,default_translate_fallback
no mundial => na copa,2,verified_translate,default_translate_fallback
no => na,2,verified_translate,default_translate_fallback
classificacao => tombamento,2,verified_translate,default_translate_fallback
suplente => reserva,2,verified_translate,default_translate_fallback
golo do => gol de,2,verified_translate,default_translate_fallback
encerrada => fechada,2,verified_translate,default_translate_fallback
criacao => geracao,2,verified_translate,default_translate_fallback
xvi => 16,2,verified_translate,default_translate_fallback
automovel => automobilistica,2,verified_translate,matched_gpt_span
ocorrido => acontecido,2,verified_translate,default_translate_fallback
a disputar => disputando,2,verified_translate,matched_manual_progressive_rule
artefactos => artefatos,2,verified_translate,matched_gpt_span
conheces => conhece,2,verified_translate,default_translate_fallback
o ecra => a tela,2,verified_translate,default_translate_fallback
comando => controle,2,verified_translate,default_translate_fallback
receia => teme,2,verified_translate,default_translate_fallback
servico => plantao,2,verified_translate,default_translate_fallback
colheita => captacao,2,verified_translate,default_translate_fallback
treino => treinamento,2,verified_translate,matched_gpt_span
doenca => molestia,2,verified_translate,default_translate_fallback
travao => freio,2,verified_translate,default_translate_fallback
amolgado => amassado,2,verified_translate,default_translate_fallback
empresas => ∅,2,verified_translate,matched_manual_null_rule
autoridade tributaria => receita federal,2,verified_translate,default_translate_fallback
a escolher => escolhendo,2,verified_translate,matched_manual_progressive_rule
a forca => na marra,2,verified_translate,default_translate_fallback
espectaculos => shows,2,verified_translate,default_translate_fallback
∅ => para ela,2,verified_translate,matched_manual_null_rule
camara => camera,2,verified_translate,matched_gpt_span
verificar => checar,2,verified_translate,default_translate_fallback
onde => em que,2,verified_translate,default_translate_fallback
∅ => atras,2,verified_translate,matched_manual_null_rule
ocidente => oeste,2,verified_translate,default_translate_fallback
superficies => supermercados,2,verified_translate,default_translate_fallback
mesmo => ∅,2,verified_translate,matched_manual_null_rule
carreiras => linhas,2,verified_translate,default_translate_fallback
seu lado => sua vez,2,verified_translate,default_translate_fallback
∅ => afirmou,2,verified_translate,matched_manual_null_rule
de igual modo => igualmente,2,verified_translate,default_translate_fallback
toca => diz respeito,2,verified_translate,default_translate_fallback
∅ => tempo,2,verified_translate,matched_manual_null_rule
que => quem,2,verified_translate,default_translate_fallback
em finais => no final,2,verified_translate,default_translate_fallback
realizar => ser realizada,2,verified_translate,default_translate_fallback
num => no,2,verified_translate,default_translate_fallback
mal => errado,2,verified_translate,default_translate_fallback
ja a ser => sendo,2,verified_translate,default_translate_fallback
utentes => usuarios,2,verified_translate,default_translate_fallback
karting => kart,2,verified_translate,default_translate_fallback
meta => linha de chegada,2,verified_translate,default_translate_fallback
outra vez => de novo,2,verified_translate,default_translate_fallback
neste sector => nesse setor,2,verified_translate,default_translate_fallback
terreiro => publico,2,verified_translate,default_translate_fallback
tempo => momento,2,verified_translate,default_translate_fallback
proveniencia => origem,2,verified_translate,default_translate_fallback
conseguida => alcancada,2,verified_translate,default_translate_fallback
perto => cerca,2,verified_translate,default_translate_fallback
somente => apenas,2,verified_translate,default_translate_fallback
em que => na qual,2,verified_translate,default_translate_fallback
∅ => resta,2,verified_translate,matched_manual_null_rule
negro => preto,2,verified_translate,default_translate_fallback
o => isso,2,verified_translate,default_translate_fallback
o supremo tribunal => a suprema corte,2,verified_translate,default_translate_fallback
deste genero => desse tipo,2,verified_translate,default_translate_fallback
salientou => destacou,2,verified_translate,default_translate_fallback
la => ∅,2,verified_translate,matched_manual_null_rule
realojamento => reassentamento,2,verified_translate,default_translate_fallback
na casa de banho => no banheiro,2,verified_translate,default_translate_fallback
a tremer => tremendo,2,verified_translate,matched_manual_progressive_rule
o fabrico => a producao,2,verified_translate,default_translate_fallback
cromossoma => cromossomo,2,verified_translate,default_translate_fallback
tenciona => pretende,2,verified_translate,default_translate_fallback
reclusos => presos,2,verified_translate,default_translate_fallback
humidas => umidas,2,verified_translate,matched_gpt_span
a => sob,2,verified_translate,default_translate_fallback
equipamento => equipamentos,2,verified_translate,default_translate_fallback
efectuado => realizado,2,verified_translate,default_translate_fallback
ver o => assistir ao,2,verified_translate,default_translate_fallback
sao => ∅,2,verified_translate,matched_manual_null_rule
banco de urgencia => pronto socorro,2,verified_translate,default_translate_fallback
percebi => entendi,2,verified_translate,default_translate_fallback
face as => diante das,2,verified_translate,default_translate_fallback
entretanto => enquanto isso,2,verified_translate,default_translate_fallback
zonas => regioes,2,verified_translate,default_translate_fallback
fruta => frutas,2,verified_translate,default_translate_fallback
castigado => punido,2,verified_translate,default_translate_fallback
camaras => prefeituras,2,verified_translate,default_translate_fallback
as quantias => os valores,2,verified_translate,default_translate_fallback
propinas => mensalidades,2,verified_translate,default_translate_fallback
frente ao => contra o,2,verified_translate,default_translate_fallback
grelha => grade,2,verified_translate,matched_gpt_span
podem => pode,2,verified_translate,default_translate_fallback
alargado => amplo,2,verified_translate,default_translate_fallback
ordenamento => manejo,2,verified_translate,default_translate_fallback
vao => estao,2,verified_translate,default_translate_fallback
foi => ∅,2,verified_translate,matched_manual_null_rule
se encontra => esta,2,verified_translate,default_translate_fallback
velha => antiga,2,verified_translate,default_translate_fallback
estugarda => stuttgart,2,verified_translate,default_translate_fallback
logo => assim,2,verified_translate,default_translate_fallback
defices orcamentais => deficits orcamentarios,2,verified_translate,default_translate_fallback
inquiridos => entrevistados,2,verified_translate,default_translate_fallback
posta => colocada,2,verified_translate,default_translate_fallback
a materia => o assunto,2,verified_translate,default_translate_fallback
ter lugar => ocorrer,2,verified_translate,default_translate_fallback
altura => ocasiao,2,verified_translate,default_translate_fallback
facto da => fato de a,2,verified_translate,default_translate_fallback
a comer => comendo,2,verified_translate,matched_manual_progressive_rule
rapazes => meninos,2,verified_translate,default_translate_fallback
a decorrer => ocorrendo,2,verified_translate,matched_manual_progressive_rule
de resto => alem disso,2,verified_translate,default_translate_fallback
autarquicas => eleicoes municipais,2,verified_translate,default_translate_fallback
assinalar => marcar,2,verified_translate,default_translate_fallback
agrupa => reune,2,verified_translate,default_translate_fallback
vira => tinha visto,2,verified_translate,default_translate_fallback
procurando => buscando,2,verified_translate,default_translate_fallback
efectuada => realizada,2,verified_translate,default_translate_fallback
recurso a => uso de,2,verified_translate,default_translate_fallback
aquele => o,2,verified_translate,default_translate_fallback
∅ => pelo,2,verified_translate,matched_manual_null_rule
pertenca => propriedade,2,verified_translate,default_translate_fallback
das portagens => dos pedagios,2,verified_translate,default_translate_fallback
de trabalhos => do dia,2,verified_translate,default_translate_fallback
nota => observa,2,verified_translate,default_translate_fallback
∅ => devem,2,verified_translate,matched_manual_null_rule
devem => ∅,2,verified_translate,matched_manual_null_rule
num projecto => em um projeto,2,verified_translate,default_translate_fallback
sao => san,2,verified_translate,default_translate_fallback
∅ => ter,2,verified_translate,matched_manual_null_rule
tivesse => tenha,2,verified_translate,default_translate_fallback
a negociar => negociando,2,verified_translate,matched_manual_progressive_rule
manutencao => permanencia,2,verified_translate,default_translate_fallback
seguido => seguida,2,verified_translate,default_translate_fallback
disposto => humorado,2,verified_translate,default_translate_fallback
andou => passou,2,verified_translate,default_translate_fallback
encontram se => estao,2,verified_translate,default_translate_fallback
proprias => mesmas,2,verified_translate,default_translate_fallback
ele => ∅,2,verified_translate,matched_manual_null_rule
mete => coloca,2,verified_translate,default_translate_fallback
fe lo => o fez,2,verified_translate,default_translate_fallback
bem => assim,2,verified_translate,default_translate_fallback
encontro => jogo,2,verified_translate,default_translate_fallback
violacao => estupro,2,verified_translate,default_translate_fallback
eram => foram,2,verified_translate,default_translate_fallback
conceptual => conceitual,2,verified_translate,matched_gpt_span
em => ao,2,verified_translate,default_translate_fallback
a via => o caminho,2,verified_translate,default_translate_fallback
tipos => caras,2,verified_translate,default_translate_fallback
concurso => edital,2,verified_translate,default_translate_fallback
a acompanhar => acompanhando,2,verified_translate,matched_manual_progressive_rule
intervenientes => envolvidos,2,verified_translate,default_translate_fallback
perdeu => ∅,2,verified_translate,matched_manual_null_rule
das => ∅,2,verified_translate,matched_manual_null_rule
pa => ∅,2,verified_translate,matched_manual_null_rule
actuam => se apresentam,2,verified_translate,default_translate_fallback
do => para o,2,verified_translate,default_translate_fallback
coisa => algo,2,verified_translate,default_translate_fallback
utilizacao => uso,2,verified_translate,default_translate_fallback
apostados => empenhados,2,verified_translate,default_translate_fallback
a progredir => progredindo,2,verified_translate,matched_manual_progressive_rule
desculpa => desculpas,2,verified_translate,default_translate_fallback
a caminhar => caminhando,2,verified_translate,matched_manual_progressive_rule
tornar => ∅,2,verified_translate,matched_manual_null_rule
investigador => pesquisador,2,verified_translate,matched_gpt_span
as viaturas => os veiculos,2,verified_translate,default_translate_fallback
que => onde,2,verified_translate,default_translate_fallback
mesmo => ate,2,verified_translate,default_translate_fallback
porventura => talvez,2,verified_translate,default_translate_fallback
sobre => ∅,2,verified_translate,matched_manual_null_rule
realojamentos => reassentamentos,2,verified_translate,default_translate_fallback
∅ => demais,2,verified_translate,matched_manual_null_rule
a dirigir => dirigindo,2,verified_translate,matched_manual_progressive_rule
aqui => ai,2,verified_translate,default_translate_fallback
regressou => voltou,2,verified_translate,default_translate_fallback
procura => ∅,2,verified_translate,matched_manual_null_rule
∅ => querem,2,verified_translate,matched_manual_null_rule
querem => ∅,2,verified_translate,matched_manual_null_rule
coimas => multas,2,verified_translate,default_translate_fallback
fazer => faze lo,2,verified_translate,default_translate_fallback
teerao => teera,2,verified_translate,default_translate_fallback
tudo => todas as,2,verified_translate,default_translate_fallback
∅ => paralelamente,2,verified_translate,matched_manual_null_rule
quer => seja,2,verified_translate,default_translate_fallback
recusa => negativa,2,verified_translate,default_translate_fallback
oficiosa => de oficio,2,verified_translate,default_translate_fallback
se que => ∅,2,verified_translate,matched_manual_null_rule
ministerio publico => parquet,2,verified_translate,default_translate_fallback
de recurso => recursal,2,verified_translate,default_translate_fallback
conforme => como,2,verified_translate,default_translate_fallback
questao => comento,2,verified_translate,default_translate_fallback
judiciaria => civil,2,verified_translate,default_translate_fallback
face ao => ante o,2,verified_translate,default_translate_fallback
arrendados => alugados,2,verified_translate,default_translate_fallback
apresentados => ofertados,2,verified_translate,default_translate_fallback
sendo => ∅,2,verified_translate,matched_manual_null_rule
da republica => de justica,2,verified_translate,default_translate_fallback
factual => fatica,2,verified_translate,default_translate_fallback
falar => ∅,2,verified_translate,matched_manual_null_rule
foi => fora,2,verified_translate,default_translate_fallback
da republica => federal,2,verified_translate,default_translate_fallback
sequer => ao menos,2,verified_translate,default_translate_fallback
coligidos => colacionados,2,verified_translate,default_translate_fallback
deste supremo tribunal => desta corte superior,2,verified_translate,default_translate_fallback
disso => do mais,2,verified_translate,default_translate_fallback
n o => inciso,2,verified_translate,default_translate_fallback
de declaracao => declaratorios,2,verified_translate,default_translate_fallback
de zona => zonais,2,verified_translate,default_translate_fallback
∅ => supremo,2,verified_translate,matched_manual_null_rule
as percentagens => os percentuais,2,verified_translate,default_translate_fallback
acordao => julgado,2,verified_translate,default_translate_fallback
ver => sentir,2,verified_translate,default_translate_fallback
rel => rei,2,verified_translate,default_translate_fallback
mesmos => mesmo,2,verified_translate,default_translate_fallback
nos termos => na forma,2,verified_translate,default_translate_fallback
seccao => turma,2,verified_translate,default_translate_fallback
ao => ∅,2,verified_translate,matched_manual_null_rule
pela qual => por que,2,verified_translate,default_translate_fallback
funcionario => servidor,2,verified_translate,default_translate_fallback
inadmissivel => incabivel,2,verified_translate,default_translate_fallback
nos termos => a teor,2,verified_translate,default_translate_fallback
elevados => altos,2,verified_translate,default_translate_fallback
alem disso => ademais,2,verified_translate,default_translate_fallback
em vez => ao inves,2,verified_translate,default_translate_fallback
aplicavel => cabivel,2,verified_translate,default_translate_fallback
o liquidar => quita lo,2,verified_translate,default_translate_fallback
questao previa => preliminar,2,verified_translate,default_translate_fallback
uma vez => haja vista,2,verified_translate,default_translate_fallback
notificado => intimado,2,verified_translate,default_translate_fallback
face ao => diante do,2,verified_translate,default_translate_fallback
nif => cpf,2,verified_translate,default_translate_fallback
acordaos => julgados,2,verified_translate,default_translate_fallback
laboral => empregaticia,2,verified_translate,default_translate_fallback
peticao => ∅,2,verified_translate,matched_manual_null_rule
1 o sargento => 1o sgt,2,verified_translate,default_translate_fallback
alinea => letra,2,verified_translate,default_translate_fallback
montante => importe,2,verified_translate,default_translate_fallback
ponto => item,2,verified_translate,default_translate_fallback
a limpeza => o asseio,2,verified_translate,default_translate_fallback
consumiveis => insumos,2,verified_translate,default_translate_fallback
o que => oque,2,verified_translate,default_translate_fallback
concurso publico => pregao,2,verified_translate,default_translate_fallback
arrendado => alugado,2,verified_translate,default_translate_fallback
reporta => refere,2,verified_translate,default_translate_fallback
vertente => em questao,2,verified_translate,default_translate_fallback
arrendamento => aluguel,2,verified_translate,default_translate_fallback
aqui => ∅,2,verified_translate,matched_manual_null_rule
levadas a cabo => realizadas,2,verified_translate,default_translate_fallback
cedencia => cessao,2,verified_translate,default_translate_fallback
reversao => redirecionamento,2,verified_translate,default_translate_fallback
quer => nem,2,verified_translate,default_translate_fallback
ir => ∅,2,verified_translate,matched_manual_null_rule
aresto => acordao,2,verified_translate,default_translate_fallback
entender => entendimento,2,verified_translate,default_translate_fallback
∅ => era,2,verified_translate,matched_manual_null_rule
da aplicacao => do aplicativo,2,verified_translate,matched_gpt_span
hemi => ∅,2,verified_translate,matched_manual_null_rule
re => reu,2,verified_translate,default_translate_fallback
lugar => ∅,2,verified_translate,matched_manual_null_rule
automovel => automotiva,2,verified_translate,matched_gpt_span
disso => ∅,2,verified_translate,matched_manual_null_rule
stress => estresse,2,verified_translate,matched_gpt_span
poe => coloca,2,verified_translate,default_translate_fallback
todo o => qualquer,2,verified_translate,default_translate_fallback
arguida => acusada,2,verified_translate,default_translate_fallback
enferma de => apresenta,2,verified_translate,default_translate_fallback
mobil => movel,2,verified_translate,default_translate_fallback
tao pouco => tampouco,2,verified_translate,default_translate_fallback
assente => provada,2,verified_translate,default_translate_fallback
insolvente => falida,2,verified_translate,default_translate_fallback
dele => dela,2,verified_translate,default_translate_fallback
podem => ∅,2,verified_translate,matched_manual_null_rule
facturas => notas fiscais,2,verified_translate,default_translate_fallback
subsidio de => auxilio,2,verified_translate,default_translate_fallback
historial => historico,2,verified_translate,default_translate_fallback
artigo => artigos,2,verified_translate,default_translate_fallback
∅ => toda,2,verified_translate,matched_manual_null_rule
de entre => dentre,2,verified_translate,default_translate_fallback
muitas vezes => muita vez,2,verified_translate,default_translate_fallback
∅ => ha,2,verified_translate,matched_manual_null_rule
na => n,2,verified_translate,default_translate_fallback
preso => presa,2,verified_translate,default_translate_fallback
seguinte => ∅,2,verified_translate,matched_manual_null_rule
realizar => ∅,2,verified_translate,matched_manual_null_rule
dar => ∅,2,verified_translate,matched_manual_null_rule
oprimida => opressa,2,verified_translate,default_translate_fallback
rastos => rastros,2,verified_translate,matched_manual_span
la => a,2,verified_translate,default_translate_fallback
a impor => impondo,2,verified_translate,default_translate_fallback
a perguntar => perguntando,2,verified_translate,matched_manual_progressive_rule
peito => seio,2,verified_translate,default_translate_fallback
senao => a nao ser,2,verified_translate,default_translate_fallback
a entrar => entrando,2,verified_translate,matched_manual_progressive_rule
para as => pras,2,verified_translate,default_translate_fallback
muita => muito,2,verified_translate,default_translate_fallback
da => d,2,verified_translate,default_translate_fallback
humidos => umidos,2,verified_translate,matched_gpt_span
no momento => na ocasiao,2,verified_translate,default_translate_fallback
caia => cahe,2,verified_translate,default_translate_fallback
ao principio => no inicio,2,verified_translate,default_translate_fallback
hem => hein,2,verified_translate,default_translate_fallback
ha => faz,2,verified_translate,default_translate_fallback
sic => ∅,2,verified_translate,matched_manual_null_rule
lhe => eu,2,verified_translate,default_translate_fallback
pozeram => puseram,2,verified_translate,default_translate_fallback
cuido => penso,2,verified_translate,default_translate_fallback
quiz => quis,2,verified_translate,default_translate_fallback
ergui => levantei,2,verified_translate,default_translate_fallback
a gente => as pessoas,2,verified_translate,default_translate_fallback
alguma coisa de => algo,2,verified_translate,default_translate_fallback
de => sobre,2,verified_translate,default_translate_fallback
era => estava,2,verified_translate,default_translate_fallback
luzia => brilhava,2,verified_translate,default_translate_fallback
fila => guarda,2,verified_translate,default_translate_fallback
d aqui => daqui,2,verified_translate,default_translate_fallback
mais => maximo,2,verified_translate,default_translate_fallback
estamol => vemo,2,verified_translate,default_translate_fallback
a a ver => la,2,verified_translate,default_translate_fallback
defronte => diante,2,verified_translate,default_translate_fallback
principiaram => comecaram,2,verified_translate,default_translate_fallback
estive => fiquei,2,verified_translate,default_translate_fallback
de => dos,2,verified_translate,matched_gpt_span
te => se,2,verified_translate,default_translate_fallback
n => ∅,2,verified_translate,matched_manual_null_rule
alem => ali,2,verified_translate,default_translate_fallback
a um => num,2,verified_translate,default_translate_fallback
d uma => duma,2,verified_translate,default_translate_fallback
d aquellas => daquelas,2,verified_translate,default_translate_fallback
n esse => nesse,2,verified_translate,default_translate_fallback
lh o => lho,2,verified_translate,default_translate_fallback
em => por,2,verified_translate,default_translate_fallback
lobrego => lugubre,2,verified_translate,default_translate_fallback
escreve => escreva,2,verified_translate,default_translate_fallback
cachopa => moca,2,verified_translate,default_translate_fallback
deo => deu,2,verified_translate,default_translate_fallback
veo => veu,2,verified_translate,default_translate_fallback
te lembras => se lembra,2,verified_translate,default_translate_fallback
jesu => jesus,2,verified_translate,default_translate_fallback
de => para,2,verified_translate,default_translate_fallback
vives => vive,2,verified_translate,default_translate_fallback
poz => pos,2,verified_translate,default_translate_fallback
porque => para que,2,verified_translate,default_translate_fallback
d esta => desta,2,verified_translate,default_translate_fallback
vocemece => voce,2,verified_translate,default_translate_fallback
fato => vestido,2,verified_translate,default_translate_fallback
principiava => comecava,2,verified_translate,default_translate_fallback
n ella => nela,2,verified_translate,default_translate_fallback
vossemece => voce,2,verified_translate,default_translate_fallback
n esta => nesta,2,verified_translate,default_translate_fallback
pelo => no,2,verified_translate,default_translate_fallback
quando => vez,2,verified_translate,default_translate_fallback
vive => vivem,2,verified_translate,default_translate_fallback
qual => como,2,verified_translate,default_translate_fallback
n => em,2,verified_translate,default_translate_fallback
retorquiu => retrucou,2,verified_translate,default_translate_fallback
amas => ama,2,verified_translate,default_translate_fallback
tu => ∅,2,verified_translate,matched_manual_null_rule
a bater => batendo,2,verified_translate,matched_manual_progressive_rule
horrido => horrivel,2,verified_translate,default_translate_fallback
anos => aniversario,2,verified_translate,default_translate_fallback
pachorra => paciencia,2,verified_translate,default_translate_fallback
apoz hum => atras de um,2,verified_translate,default_translate_fallback
ma => ruim,2,verified_translate,default_translate_fallback
nipc => cnpj,2,verified_translate,default_translate_fallback
malas => mala,2,verified_translate,default_translate_fallback
a utilizar => utilizando,2,verified_translate,matched_manual_progressive_rule
troca => chacota,2,verified_translate,default_translate_fallback
a reconstruir => reconstruindo,2,verified_translate,matched_manual_progressive_rule
parvo => bobo,2,verified_translate,default_translate_fallback
no => o,2,verified_translate,default_translate_fallback
mal => ruim,2,verified_translate,default_translate_fallback
terra => chao,2,verified_translate,default_translate_fallback
∅ => aqui,2,verified_translate,matched_manual_null_rule
competencias => habilidades,2,verified_translate,default_translate_fallback
acao => assistencia,2,verified_translate,default_translate_fallback
do grupo => da turma,2,verified_translate,default_translate_fallback
intervencoes => falas,2,verified_translate,default_translate_fallback
temas => pautas,2,verified_translate,default_translate_fallback
a debater => debatendo,2,verified_translate,matched_manual_progressive_rule
a cobrar => cobrando,2,verified_translate,matched_manual_progressive_rule
realizar => fazer,2,verified_translate,default_translate_fallback
reunimo => ∅,2,verified_translate,matched_manual_null_rule
∅ => nos reunimos,2,verified_translate,matched_manual_null_rule
quao => tanto que,2,verified_translate,default_translate_fallback
a medir => medindo,2,verified_translate,matched_manual_progressive_rule
a diminuir => diminuindo,2,verified_translate,matched_manual_progressive_rule
contribuinte => pagador de impostos,2,verified_translate,default_translate_fallback
declaracao => fala,2,verified_translate,default_translate_fallback
a tirar => tirando,2,verified_translate,matched_manual_progressive_rule
a transferencia publica => o repasse publico,2,verified_translate,default_translate_fallback
ventiladores => respiradores,2,verified_translate,default_translate_fallback
ate => mesmo,2,verified_translate,default_translate_fallback
a enfrentar => enfrentando,2,verified_translate,matched_manual_progressive_rule
a transferencia => o repasse,2,verified_translate,default_translate_fallback
libertados => liberados,2,verified_translate,matched_gpt_span
continua a ser => segue sendo,2,verified_translate,matched_gpt_span
ter sucesso => dar certo,2,verified_translate,default_translate_fallback
as despesas => os gastos,2,verified_translate,default_translate_fallback
sectores => segmentos,2,verified_translate,default_translate_fallback
∅ => assistindo,2,verified_translate,matched_manual_null_rule
a estudar => estudando,2,verified_translate,matched_manual_progressive_rule
a boicotar => boicotando,2,verified_translate,matched_manual_progressive_rule
vir => ver,2,verified_translate,default_translate_fallback
tirar => tomar,2,verified_translate,default_translate_fallback
sermos => ser,2,verified_translate,default_translate_fallback
apoiante => apoiador,2,verified_translate,default_translate_fallback
pais => ∅,2,verified_translate,matched_manual_null_rule
parte => parcela,2,verified_translate,default_translate_fallback
sempre => toda vez,2,verified_translate,default_translate_fallback
a facilitar => facilitando,2,verified_translate,matched_manual_progressive_rule
ser => sendo,2,verified_translate,default_translate_fallback
procuram => buscam,2,verified_translate,matched_gpt_span
a esconder => escondendo,2,verified_translate,matched_manual_progressive_rule
afecta a => acomete,2,verified_translate,default_translate_fallback
apesar => a despeito,2,verified_translate,default_translate_fallback
reivindicacoes => demandas,2,verified_translate,default_translate_fallback
do cabaz basico => da cesta basica,2,verified_translate,default_translate_fallback
enviou => mandou,2,verified_translate,default_translate_fallback
aumentar => majorar,2,verified_translate,default_translate_fallback
realmente => ∅,2,verified_translate,matched_manual_null_rule
∅ => caia,2,verified_translate,matched_manual_null_rule
forma => modo,2,verified_translate,default_translate_fallback
a tramitar => tramitando,2,verified_translate,matched_manual_progressive_rule
de investigacao => investigativo,2,verified_translate,default_translate_fallback
equitativo => equanime,2,verified_translate,default_translate_fallback
vos => a voces,2,verified_translate,default_translate_fallback
extorsivos => escorchantes,2,verified_translate,default_translate_fallback
descontrolo => descambamento,2,verified_translate,default_translate_fallback
registo => cadastramento,2,verified_translate,default_translate_fallback
uci => uti,2,verified_translate,default_translate_fallback
desmantelamento => desmonte,2,verified_translate,default_translate_fallback
pelos => aos,2,verified_translate,default_translate_fallback
no rendimento => na renda,2,verified_translate,default_translate_fallback
a encaminhar => encaminhando,2,verified_translate,matched_manual_progressive_rule
precisas => precisa,2,verified_translate,default_translate_fallback
a pedir mb way => pedindo pix,2,verified_translate,default_translate_fallback
queiros => queiroz,2,verified_translate,default_translate_fallback
a ocorrer => ocorrendo,2,verified_translate,matched_manual_progressive_rule
demasiado => demais,2,verified_translate,default_translate_fallback
lado => lugar,2,verified_translate,default_translate_fallback
atualizacao => recomposicao,2,verified_translate,default_translate_fallback
pais => brasil,2,verified_translate,default_translate_fallback
dizerem => dizendo,2,verified_translate,default_translate_fallback
apanhei => peguei,2,verified_translate,default_translate_fallback
assembleia municipal => camara de vereadores,2,verified_translate,default_translate_fallback
taxa => aliquota,2,verified_translate,default_translate_fallback
seguros => planos,2,verified_translate,default_translate_fallback
menu => cardapio,2,verified_translate,default_translate_fallback
negligencia => descaso,2,verified_translate,default_translate_fallback
a reonerar => reonerando,2,verified_translate,matched_manual_progressive_rule
acusacao apresentada => denuncia oferecida,2,verified_translate,default_translate_fallback
nazis => nazistas,2,verified_translate,default_translate_fallback
mil milhoes => bilhao,2,verified_translate,default_translate_fallback
adepto => torcedor,2,verified_translate,default_translate_fallback
online => on line,2,verified_translate,default_translate_fallback
solidarizamo => ∅,2,verified_translate,matched_manual_null_rule
importante => ∅,2,verified_translate,matched_manual_null_rule
comboio de alta velocidade => trem bala,2,verified_translate,default_translate_fallback
portanto => entao,2,verified_translate,default_translate_fallback
o abandono => a evasao,2,verified_translate,default_translate_fallback
empenho => engajamento,2,verified_translate,default_translate_fallback
um percurso => uma caminhada,2,verified_translate,default_translate_fallback
cumprir => saldar,2,verified_translate,default_translate_fallback
publicacoes => postagens,2,verified_translate,default_translate_fallback
mais pequenos => menores,2,verified_translate,default_translate_fallback
a inaugurar => inaugurando,2,verified_translate,matched_manual_progressive_rule
doses => trouxinhas,2,verified_translate,default_translate_fallback
a passear => passeando,2,verified_translate,matched_manual_progressive_rule
apanha => pega,2,verified_translate,default_translate_fallback
a perguntar => ∅,2,verified_translate,matched_manual_null_rule
∅ => perguntando,2,verified_translate,matched_manual_null_rule
podes => voce pode,2,verified_translate,default_translate_fallback
algo => coisa,2,verified_translate,default_translate_fallback
reformadas => aposentadas,2,verified_translate,default_translate_fallback
reformas => aposentadorias,2,verified_translate,default_translate_fallback
medicamentos gratuitos => remedios de graca,2,verified_translate,default_translate_fallback
baixos rendimentos => baixa renda,2,verified_translate,default_translate_fallback
pobres => pobre,2,verified_translate,default_translate_fallback
os pobres => o pobre,2,verified_translate,default_translate_fallback
maldades => maldade,2,verified_translate,default_translate_fallback
ficam => fica,2,verified_translate,default_translate_fallback
simpatico => bacana,2,verified_translate,default_translate_fallback
boa => bom,2,verified_translate,default_translate_fallback
nas despesas => nos gastos,2,verified_translate,default_translate_fallback
concurso => licitacao,2,verified_translate,default_translate_fallback
presidente => governador,2,verified_translate,default_translate_fallback
almocos => almoco,2,verified_translate,default_translate_fallback
centimo => centavo,2,verified_translate,default_translate_fallback
vazio => vacuo,2,verified_translate,default_translate_fallback
a invadir => invadindo,2,verified_translate,matched_manual_progressive_rule
deputados => deputado,2,verified_translate,default_translate_fallback
da sua equipa => do seu time,2,verified_translate,matched_gpt_span
terem => ter,2,verified_translate,default_translate_fallback
garantido => garantida,2,verified_translate,default_translate_fallback
a ajudar => ∅,2,verified_translate,matched_manual_null_rule
fornecedor => provedor,2,verified_translate,default_translate_fallback
adicional => a mais,2,verified_translate,default_translate_fallback
apanharam => pegaram,2,verified_translate,default_translate_fallback
pedir => pegar,2,verified_translate,default_translate_fallback
quer => querem,2,verified_translate,default_translate_fallback
o mesmo => a mesma coisa,2,verified_translate,default_translate_fallback
a querer => querendo se,2,verified_translate,default_translate_fallback
gravidas => gestantes,2,verified_translate,default_translate_fallback
carenciadas => carentes,2,verified_translate,matched_gpt_span
a entregar => entregando,2,verified_translate,matched_manual_progressive_rule
hoje => ∅,2,verified_translate,matched_manual_null_rule
violacoes => estupros,2,verified_translate,default_translate_fallback
lhe => lo,2,verified_translate,default_translate_fallback
a atacar => atacando,2,verified_translate,matched_manual_progressive_rule
sector dos => setor de,2,verified_translate,default_translate_fallback
a acabar => acabando,2,verified_translate,matched_manual_progressive_rule
deslocacao => deslocamento,2,verified_translate,matched_gpt_span
sem abrigo => rua,2,verified_translate,default_translate_fallback
presidentes de camara municipal => prefeitos,2,verified_translate,default_translate_fallback
a => com,2,verified_translate,default_translate_fallback
a acompanhar => ∅,2,verified_translate,matched_manual_null_rule
∅ => acompanhando,2,verified_translate,matched_manual_null_rule
caes => cachorros,2,verified_translate,default_translate_fallback
estao => esta,2,verified_translate,default_translate_fallback
a descer => descendo,2,verified_translate,matched_manual_progressive_rule
senhor => seu,2,verified_translate,default_translate_fallback
a fazer chamadas => fazendo ligacoes,2,verified_translate,default_translate_fallback
descam => desca,2,verified_translate,default_translate_fallback
para o => ao,2,verified_translate,default_translate_fallback
∅ => sua,2,verified_translate,matched_manual_null_rule
vietname => vietna,2,verified_translate,default_translate_fallback
boleia => carona,2,verified_translate,default_translate_fallback
da segunda volta => do segundo turno,2,verified_translate,default_translate_fallback
rapaz => menino,2,verified_translate,default_translate_fallback
estas a fazer => esta fazendo,2,verified_translate,default_translate_fallback
inteiro => todo,2,verified_translate,default_translate_fallback
perturbacao => transtorno,2,verified_translate,default_translate_fallback
do autismo => autista,2,verified_translate,default_translate_fallback
ocupacoes => invasoes,2,verified_translate,default_translate_fallback
a aplicacao => o aplicativo,2,verified_translate,matched_gpt_span
alargada => ampla,2,verified_translate,default_translate_fallback
quota => fatia,2,verified_translate,default_translate_fallback
∅ => faz,2,verified_translate,matched_manual_null_rule
a que => as quais,2,verified_translate,default_translate_fallback
sua => propria,2,verified_translate,default_translate_fallback
se bem que => embora,2,verified_translate,default_translate_fallback
a ter lugar => ocorrendo,2,verified_translate,matched_manual_progressive_rule
ultimo => fim,2,verified_translate,default_translate_fallback
frutuoso => frutifero,2,verified_translate,default_translate_fallback
bagdade => bagda,2,verified_translate,default_translate_fallback
de igual => do mesmo,2,verified_translate,default_translate_fallback
alarga => amplia,2,verified_translate,default_translate_fallback
quadro => ambito,2,verified_translate,default_translate_fallback
encontramo nos => estamos,2,verified_translate,default_translate_fallback
o entenderem => desejarem,2,verified_translate,default_translate_fallback
temos de => precisamos,2,verified_translate,default_translate_fallback
necessitamos de => precisamos,2,verified_translate,default_translate_fallback
∅ => podemos,2,verified_translate,matched_manual_null_rule
podemos => ∅,2,verified_translate,matched_manual_null_rule
molde a => modo,2,verified_translate,default_translate_fallback
tarta => tartan,2,verified_translate,default_translate_fallback
o contributo => a contribuicao,2,verified_translate,default_translate_fallback
exploracao => propriedade,2,verified_translate,default_translate_fallback
refere => menciona,2,verified_translate,default_translate_fallback
refere => ∅,2,verified_translate,matched_manual_null_rule
inscricao => inclusao,2,verified_translate,default_translate_fallback
interrogar => ∅,2,verified_translate,matched_manual_null_rule
iandd => i d,2,verified_translate,default_translate_fallback
altura => hora,2,verified_translate,default_translate_fallback
afectar => destinar,2,verified_translate,default_translate_fallback
levar a cabo => realizar,2,verified_translate,default_translate_fallback
tendo => levando,2,verified_translate,default_translate_fallback
extra judiciais => extrajudiciais,2,verified_translate,default_translate_fallback
o lado => lugar,2,verified_translate,default_translate_fallback
momentos => pouco,2,verified_translate,default_translate_fallback
julgo => acredito,2,verified_translate,default_translate_fallback
a evoluir => evoluindo,2,verified_translate,matched_manual_progressive_rule
pensoes => aposentadorias,2,verified_translate,default_translate_fallback
tonica => enfase,2,verified_translate,default_translate_fallback
forcas => forca,2,verified_translate,default_translate_fallback
defice orcamental => deficit orcamentario,2,verified_translate,default_translate_fallback
assenta => se baseia,2,verified_translate,default_translate_fallback
transacto => passado,2,verified_translate,default_translate_fallback
dos homens => das pessoas,2,verified_translate,default_translate_fallback
encetar => iniciar,2,verified_translate,default_translate_fallback
anti terrorista => antiterrorista,2,verified_translate,default_translate_fallback
sublinha => destaca,2,verified_translate,default_translate_fallback
a desenvolver => desenvolvendo,2,verified_translate,matched_manual_progressive_rule
recordado => mencionado,2,verified_translate,default_translate_fallback
na gra bretanha => no reino unido,2,verified_translate,default_translate_fallback
cimeiras => cupulas,2,verified_translate,default_translate_fallback
os alcancar => alcanca los,2,verified_translate,default_translate_fallback
vamos => ∅,2,verified_translate,matched_manual_null_rule
a => o senhor,2,verified_translate,default_translate_fallback
saber => know,2,verified_translate,default_translate_fallback
fazer => how,2,verified_translate,default_translate_fallback
∅ => nada,2,verified_translate,matched_manual_null_rule
detras => tras,2,verified_translate,matched_gpt_span
tempo => hora,2,verified_translate,default_translate_fallback
liberta => libera,2,verified_translate,matched_gpt_span
a levantar => levantando,2,verified_translate,matched_manual_progressive_rule
∅ => provavelmente,2,verified_translate,matched_manual_null_rule
provavelmente => ∅,2,verified_translate,matched_manual_null_rule
∅ => da opiniao,2,verified_translate,matched_manual_null_rule
opiniao => ∅,2,verified_translate,matched_manual_null_rule
controlo orcamental => controle orcamentario,2,verified_translate,default_translate_fallback
desse modo => dessa forma,2,verified_translate,default_translate_fallback
poupancas => economias,2,verified_translate,default_translate_fallback
nao obstante => no entanto,2,verified_translate,default_translate_fallback
para com os => em relacao aos,2,verified_translate,default_translate_fallback
∅ => deles,2,verified_translate,matched_manual_null_rule
bom => bem,2,verified_translate,default_translate_fallback
pilotagem => praticagem,2,verified_translate,default_translate_fallback
estes actos => esses atos,2,verified_translate,default_translate_fallback
poder => pode,2,verified_translate,default_translate_fallback
no => isso,2,verified_translate,default_translate_fallback
participacoes => denuncias,2,verified_translate,default_translate_fallback
regulamentares => regulatorias,2,verified_translate,default_translate_fallback
poderem => poder,2,verified_translate,default_translate_fallback
parte alguma => lugar algum,2,verified_translate,default_translate_fallback
porem => no entanto,2,verified_translate,default_translate_fallback
se verifica => ocorre,2,verified_translate,default_translate_fallback
pelo alargamento => pela ampliacao,2,verified_translate,default_translate_fallback
emitentes => emissores,2,verified_translate,default_translate_fallback
adjudicar => ser adjudicado,2,verified_translate,default_translate_fallback
a seguir => apos,2,verified_translate,default_translate_fallback
aplicar se => ser aplicadas,2,verified_translate,default_translate_fallback
referi => mencionei,2,verified_translate,default_translate_fallback
partilham => compartilham,2,verified_translate,matched_gpt_span
para la => alem,2,verified_translate,default_translate_fallback
exprimir => expressar,2,verified_translate,default_translate_fallback
a ler => lendo,2,verified_translate,matched_manual_progressive_rule
poem => colocam,2,verified_translate,default_translate_fallback
vai ser => sera,2,verified_translate,default_translate_fallback
podera => ∅,2,verified_translate,matched_manual_null_rule
a birmania => mianmar,2,verified_translate,default_translate_fallback
auto suficiencia => autossuficiencia,2,verified_translate,default_translate_fallback
dever => deve,2,verified_translate,default_translate_fallback
a analisar => analisando,2,verified_translate,matched_manual_progressive_rule
nesta altura => neste momento,2,verified_translate,default_translate_fallback
se numa => em uma,2,verified_translate,matched_gpt_span
∅ => mantermos,2,verified_translate,matched_manual_null_rule
propria => mesma,2,verified_translate,default_translate_fallback
virada => voltada,2,verified_translate,default_translate_fallback
∅ => minha,2,verified_translate,matched_manual_null_rule
passadeira => faixa de pedestres,2,verified_translate,default_translate_fallback
bilhetes => documentos,2,verified_translate,default_translate_fallback
por certo => com certeza,2,verified_translate,default_translate_fallback
ter => terem,2,verified_translate,default_translate_fallback
possui => tem,2,verified_translate,default_translate_fallback
acerca do => sobre o,2,verified_translate,default_translate_fallback
a bloquear => bloqueando,2,verified_translate,matched_manual_progressive_rule
demora => dura,2,verified_translate,default_translate_fallback
pois nao => ne,2,verified_translate,default_translate_fallback
e => a,2,verified_translate,default_translate_fallback
a achar => ∅,2,verified_translate,matched_manual_null_rule
∅ => achando,2,verified_translate,matched_manual_null_rule
lembras te => lembra,2,verified_translate,default_translate_fallback
homens => caras,2,verified_translate,default_translate_fallback
miuda => menina,2,verified_translate,default_translate_fallback
a acordar => acordando,2,verified_translate,matched_manual_progressive_rule
sabe => sabem,2,verified_translate,default_translate_fallback
por que => porque,2,verified_translate,default_translate_fallback
recusa => ∅,2,verified_translate,matched_manual_null_rule
∅ => nega,2,verified_translate,matched_manual_null_rule
∅ => ai,2,verified_translate,matched_manual_null_rule
a lutar => lutando por,2,verified_translate,default_translate_fallback
percebe => entende,2,verified_translate,default_translate_fallback
por => pelo,2,verified_translate,default_translate_fallback
tiveste => teve,2,verified_translate,default_translate_fallback
onde estao => cade,2,verified_translate,default_translate_fallback
reportagens => reportagem,2,verified_translate,default_translate_fallback
pare => para,2,verified_translate,default_translate_fallback
miuda => pirralha,2,verified_translate,default_translate_fallback
cuidar => cuida,2,verified_translate,default_translate_fallback
tudo => td,2,verified_translate,default_translate_fallback
para os => pros,2,verified_translate,default_translate_fallback
da covid 19 => do covid19,2,verified_translate,default_translate_fallback
a => ha,2,verified_translate,default_translate_fallback
acordem => acorda,2,verified_translate,default_translate_fallback
esta a acontecer => ta acontecendo,2,verified_translate,default_translate_fallback
e => eh,2,verified_translate,default_translate_fallback
que voces nao => q vcs n,2,verified_translate,default_translate_fallback
a => sua,2,verified_translate,default_translate_fallback
tu es => vc e,2,verified_translate,default_translate_fallback
usares => usar,2,verified_translate,default_translate_fallback
estou a tocar => to tocando,2,verified_translate,default_translate_fallback
a faturar => faturando,2,verified_translate,matched_manual_progressive_rule
a cortar => cortando,2,verified_translate,matched_manual_progressive_rule
procuram => procura,2,verified_translate,default_translate_fallback
extremo => ponta,2,verified_translate,default_translate_fallback
ouves => ouve se,2,verified_translate,default_translate_fallback
les => le se,2,verified_translate,default_translate_fallback
meter => colocar,2,verified_translate,default_translate_fallback
peditorio => vaquinha,2,verified_translate,default_translate_fallback
piada => graca,2,verified_translate,default_translate_fallback
andar a => ∅,2,verified_translate,matched_manual_null_rule
secundario => ensino medio,2,verified_translate,default_translate_fallback
uma viseira => um protetor facial,2,verified_translate,default_translate_fallback
ves => voce ve,2,verified_translate,default_translate_fallback
uns quantos => alguns,2,verified_translate,default_translate_fallback
viste => viu,2,verified_translate,default_translate_fallback
interessa => importa,2,verified_translate,default_translate_fallback
ex => exemplo,2,verified_translate,default_translate_fallback
expirada => vencida,2,verified_translate,default_translate_fallback
vc => voce,2,verified_translate,default_translate_fallback
poderes => voce poder,2,verified_translate,default_translate_fallback
consultas => visitas,2,verified_translate,default_translate_fallback
cafes => bares,2,verified_translate,default_translate_fallback
central => zagueiro,2,verified_translate,default_translate_fallback
gostos => curtidas,2,verified_translate,default_translate_fallback
mt => muito,2,verified_translate,default_translate_fallback
a cantar => cantando,2,verified_translate,matched_manual_progressive_rule
mts => muitos,2,verified_translate,default_translate_fallback
poderem => possam,2,verified_translate,default_translate_fallback
pq => por que,2,verified_translate,default_translate_fallback
da => dar,2,verified_translate,default_translate_fallback
decidi => resolvi,2,verified_translate,default_translate_fallback
∅ => das,2,verified_translate,matched_manual_null_rule
funciona => trabalha,2,verified_translate,default_translate_fallback
dos => das,2,verified_translate,default_translate_fallback
a segurar => segurando,2,verified_translate,matched_manual_progressive_rule
sei => sabo,2,verified_translate,default_translate_fallback
apoiar => suportar,2,verified_translate,default_translate_fallback
d a => da,2,verified_translate,default_translate_fallback
apanhou => cacou,2,verified_translate,default_translate_fallback
estao => ∅,2,verified_translate,matched_manual_null_rule
autoestrada => auto estrada,2,verified_translate,default_translate_fallback
result => resultado positivo,2,verified_translate,default_translate_fallback
17 horas => 17h,2,verified_translate,default_translate_fallback
oferta => oferece,2,verified_translate,default_translate_fallback
aulas => aula,2,verified_translate,default_translate_fallback
encaminhamento => envio,2,verified_translate,default_translate_fallback
expoe => expoem,2,verified_translate,default_translate_fallback
predio => predios,2,verified_translate,default_translate_fallback
arrendatario => locatario,2,verified_translate,default_translate_fallback
de => os,2,verified_translate,default_translate_fallback
justamente => justo,1,verified_translate,default_translate_fallback
suspendem => sustam,1,verified_translate,matched_manual_span
demolicao => derrubada,1,verified_translate,matched_manual_span
a um => ∅,1,verified_translate,matched_manual_null_rule
regressasse => retornasse,1,verified_translate,matched_manual_span
a esquiar => esquiando,1,verified_translate,matched_manual_progressive_rule
ao espectaculo => o show,1,verified_translate,matched_manual_span
divide se => racha,1,verified_translate,default_translate_fallback
feita => feito,1,verified_translate,matched_manual_span
falecidos => mortos,1,verified_translate,default_translate_fallback
o triturar => tritura lo,1,verified_translate,matched_manual_span
∅ => proximo,1,verified_translate,matched_manual_null_rule
criadores => criatorios,1,verified_translate,matched_manual_span
leilao => remate,1,verified_translate,matched_manual_span
esta a recuperar => ∅,1,verified_translate,matched_manual_null_rule
∅ => recupera,1,verified_translate,matched_manual_null_rule
expropriar => desapropriar,1,verified_translate,matched_manual_span
a caixa de velocidades => o cambio,1,verified_translate,matched_manual_span
fazerem vista grossa => fazer vistas grossas para,1,verified_translate,default_translate_fallback
autorizacao => liberacao,1,verified_translate,matched_manual_span
nos dois jogos => nas duas partidas,1,verified_translate,matched_manual_span
um jogo => uma partida,1,verified_translate,matched_manual_span
este aspeto => esse aspecto,1,verified_translate,matched_manual_span
a plantacao prejudicada => o plantio prejudicado,1,verified_translate,matched_manual_span
cerco => assedio,1,verified_translate,matched_manual_span
uma => quantidade,1,verified_translate,default_translate_fallback
quantidade => ∅,1,verified_translate,matched_manual_null_rule
confecao => confeccao,1,verified_translate,matched_manual_span
a beijar => ∅,1,verified_translate,matched_manual_null_rule
∅ => beijando,1,verified_translate,matched_manual_null_rule
equipa qualificou => equipe,1,verified_translate,default_translate_fallback
∅ => classificou,1,verified_translate,matched_manual_null_rule
amigavel => amistoso,1,verified_translate,matched_manual_span
ter => teriam,1,verified_translate,default_translate_fallback
iam => ∅,1,verified_translate,matched_manual_null_rule
matriculas falsas => placas frias,1,verified_translate,default_translate_fallback
surf => surfe,1,verified_translate,matched_manual_span
desde o => do,1,verified_translate,matched_manual_span
via => pista,1,verified_translate,default_translate_fallback
uma nova relacao => um novo relacionamento,1,verified_translate,matched_manual_span
duplicaram => dobraram,1,verified_translate,matched_manual_span
continuar a aprofundar => seguir aprofundando,1,verified_translate,matched_manual_span
fiscal => impositiva,1,verified_translate,matched_manual_span
a dar => rendendo,1,verified_translate,matched_manual_progressive_rule
que falar => assunto,1,verified_translate,default_translate_fallback
como => tipo,1,verified_translate,default_translate_fallback
extra => extras,1,verified_translate,default_translate_fallback
tema da sida => assunto aids,1,verified_translate,default_translate_fallback
nos => a gente,1,verified_translate,default_translate_fallback
costumamos => costuma,1,verified_translate,default_translate_fallback
ficamos a saber => fica sabendo,1,verified_translate,matched_manual_span
toda a gente a ter => todo mundo tendo,1,verified_translate,default_translate_fallback
correspondencia => correspondencias,1,verified_translate,default_translate_fallback
encher => lotar,1,verified_translate,default_translate_fallback
falsa => fake,1,verified_translate,default_translate_fallback
foram => ∅,1,verified_translate,matched_manual_null_rule
embora => mandaram,1,verified_translate,default_translate_fallback
do iluminismo => da ilustracao,1,verified_translate,default_translate_fallback
economico => economica,1,verified_translate,default_translate_fallback
o defice => deficit,1,verified_translate,default_translate_fallback
na primeira parte => no primeiro tempo,1,verified_translate,default_translate_fallback
remates => finalizacoes,1,verified_translate,default_translate_fallback
rematou => finalizou,1,verified_translate,default_translate_fallback
medios defensivos => volantes,1,verified_translate,default_translate_fallback
antigo => velho,1,verified_translate,default_translate_fallback
decorrem => vao,1,verified_translate,default_translate_fallback
a esta => dessa,1,verified_translate,default_translate_fallback
de => disto,1,verified_translate,default_translate_fallback
sair desta => pular fora dessa,1,verified_translate,default_translate_fallback
bancadas raparigas => arquibancadas meninas,1,verified_translate,default_translate_fallback
calcoes => shorts,1,verified_translate,default_translate_fallback
toda a gente => ∅,1,verified_translate,matched_manual_null_rule
cansada => todo mundo cansado,1,verified_translate,default_translate_fallback
riscas desportivas => listras esportivas,1,verified_translate,default_translate_fallback
por => do,1,verified_translate,default_translate_fallback
perucas gigantes => peruconas,1,verified_translate,default_translate_fallback
caras pintadas => carapintadas,1,verified_translate,default_translate_fallback
ha outra solucao => tem outro jeito,1,verified_translate,default_translate_fallback
por tomar => tomando,1,verified_translate,default_translate_fallback
em atraso dos => atrasados de,1,verified_translate,default_translate_fallback
foi pago => saiu,1,verified_translate,default_translate_fallback
decorrera => transcorrera,1,verified_translate,default_translate_fallback
jogos => cotejos,1,verified_translate,default_translate_fallback
clube => agremiacao,1,verified_translate,default_translate_fallback
punido => punida,1,verified_translate,default_translate_fallback
licenciou => ele,1,verified_translate,default_translate_fallback
∅ => bacharelou,1,verified_translate,matched_manual_null_rule
intermedia => intermediaria,1,verified_translate,default_translate_fallback
termina => acaba,1,verified_translate,default_translate_fallback
estabelecimento prisional em => presidio de,1,verified_translate,default_translate_fallback
a brilhar => brilhando,1,verified_translate,matched_manual_progressive_rule
cheio => lotado,1,verified_translate,default_translate_fallback
a realizar um regresso => realizando uma volta,1,verified_translate,default_translate_fallback
do discurso => da fala,1,verified_translate,default_translate_fallback
a toda a gente => para todo mundo,1,verified_translate,default_translate_fallback
videojogos => videogame,1,verified_translate,default_translate_fallback
biliao de dolares => trilhao,1,verified_translate,default_translate_fallback
se a arder => queimando,1,verified_translate,default_translate_fallback
a sufocar => sufocando,1,verified_translate,matched_manual_progressive_rule
bem => direito,1,verified_translate,default_translate_fallback
passou => ele passsou todo,1,verified_translate,default_translate_fallback
titulos => papeis,1,verified_translate,default_translate_fallback
defesas => zagueiros,1,verified_translate,default_translate_fallback
nos pontapes => nas cobrancas,1,verified_translate,default_translate_fallback
canto => escanteios,1,verified_translate,default_translate_fallback
zona => altura,1,verified_translate,default_translate_fallback
vinhas => videiras,1,verified_translate,default_translate_fallback
espingarda => escopeta,1,verified_translate,default_translate_fallback
instalacao => implantacao,1,verified_translate,default_translate_fallback
controlo acionista => controle acionario,1,verified_translate,default_translate_fallback
um salario minimo => piso,1,verified_translate,default_translate_fallback
dos tribunais => das cortes,1,verified_translate,default_translate_fallback
utilizam => lancam mao,1,verified_translate,default_translate_fallback
∅ => confunde,1,verified_translate,matched_manual_null_rule
confunde => ∅,1,verified_translate,matched_manual_null_rule
realizado => feito,1,verified_translate,default_translate_fallback
parcela do => parela dos,1,verified_translate,default_translate_fallback
gratuita => franca,1,verified_translate,default_translate_fallback
comissao => ∅,1,verified_translate,matched_manual_null_rule
na comissao => no diretorio,1,verified_translate,default_translate_fallback
pessoas => gente,1,verified_translate,default_translate_fallback
pensam => pensa,1,verified_translate,default_translate_fallback
embater => esbarrar,1,verified_translate,default_translate_fallback
no entanto => entretanto,1,verified_translate,default_translate_fallback
ouvido => escutado,1,verified_translate,default_translate_fallback
a sair do => deixando o,1,verified_translate,default_translate_fallback
∅ => quatro,1,verified_translate,matched_manual_null_rule
quatro => ∅,1,verified_translate,matched_manual_null_rule
dispararam contra os adeptos => atiraram nos torcedores,1,verified_translate,default_translate_fallback
a alcunha => o apelido,1,verified_translate,default_translate_fallback
camiao do => caminhao de,1,verified_translate,default_translate_fallback
nesta digressao => nessa turne,1,verified_translate,default_translate_fallback
concertos => shows,1,verified_translate,matched_gpt_span
espingardas automaticas => fuzis,1,verified_translate,default_translate_fallback
cacadeiras => espingardas,1,verified_translate,default_translate_fallback
delegacoes => sucursais,1,verified_translate,default_translate_fallback
identificar => levantar,1,verified_translate,default_translate_fallback
dentro de => em,1,verified_translate,default_translate_fallback
a passar os => passando,1,verified_translate,matched_manual_progressive_rule
proximo => perto,1,verified_translate,default_translate_fallback
assumiu para => tomou a,1,verified_translate,default_translate_fallback
a vencer => vencendo,1,verified_translate,matched_manual_progressive_rule
para nao => sem,1,verified_translate,default_translate_fallback
∅ => nome,1,verified_translate,matched_manual_null_rule
nome => ∅,1,verified_translate,matched_manual_null_rule
te => a voce,1,verified_translate,default_translate_fallback
em relacao ao => sobre o,1,verified_translate,default_translate_fallback
aos media => a midia,1,verified_translate,default_translate_fallback
travar => barrar,1,verified_translate,default_translate_fallback
a liderar => liderando,1,verified_translate,matched_manual_progressive_rule
partiu => largou,1,verified_translate,default_translate_fallback
infracao => falta,1,verified_translate,default_translate_fallback
nas => nos,1,verified_translate,default_translate_fallback
vez => lugar,1,verified_translate,default_translate_fallback
ma gestao => malversacao,1,verified_translate,default_translate_fallback
outros meios => outras formas,1,verified_translate,default_translate_fallback
com a => ∅,1,verified_translate,matched_manual_null_rule
desfecho => desenlace,1,verified_translate,default_translate_fallback
mantivesse => mantivessem,1,verified_translate,default_translate_fallback
maneira => jeito,1,verified_translate,default_translate_fallback
apreciava => curtia,1,verified_translate,default_translate_fallback
minha maneira => meu modo,1,verified_translate,default_translate_fallback
tocar => tocas,1,verified_translate,default_translate_fallback
desfazer => ∅,1,verified_translate,matched_manual_null_rule
∅ => defazer,1,verified_translate,matched_manual_null_rule
mil milhao de reais => bilhao,1,verified_translate,default_translate_fallback
tipo estava a morrer => cara tava morrendo,1,verified_translate,default_translate_fallback
estas sandalias => essa sandalia,1,verified_translate,default_translate_fallback
usa las => usar,1,verified_translate,default_translate_fallback
estao a sair => ela esta saindo,1,verified_translate,default_translate_fallback
atencao => atencaop,1,verified_translate,default_translate_fallback
do pessoal => da galera,1,verified_translate,default_translate_fallback
diz => ∅,1,verified_translate,matched_manual_null_rule
∅ => diga,1,verified_translate,matched_manual_null_rule
a minha equipa => o meu time,1,verified_translate,default_translate_fallback
reais => 00,1,verified_translate,default_translate_fallback
pa => po,1,verified_translate,default_translate_fallback
sofremos => levamos,1,verified_translate,default_translate_fallback
organismo => orgao,1,verified_translate,default_translate_fallback
o seu objetivo => sua meta,1,verified_translate,default_translate_fallback
angariar => levantar,1,verified_translate,default_translate_fallback
medios => volantes,1,verified_translate,default_translate_fallback
construcao => armacao,1,verified_translate,default_translate_fallback
estaleiros => canteiros,1,verified_translate,default_translate_fallback
a apoia lo => apoiando ele,1,verified_translate,default_translate_fallback
regatear => pechinchar,1,verified_translate,default_translate_fallback
windsurf => windsurfe,1,verified_translate,default_translate_fallback
nazi => nazista,1,verified_translate,default_translate_fallback
salienta => ressalta,1,verified_translate,default_translate_fallback
passou => pulou,1,verified_translate,default_translate_fallback
no projecto => do projeto,1,verified_translate,default_translate_fallback
enfrenta => sofre,1,verified_translate,default_translate_fallback
no 11 o juizo => na 11a vara,1,verified_translate,default_translate_fallback
devido a => em razao da,1,verified_translate,default_translate_fallback
de inquerito instaurada => sindicante instalada,1,verified_translate,default_translate_fallback
licenciados => bachareis,1,verified_translate,default_translate_fallback
mil milhoes de dolares => bilhao,1,verified_translate,default_translate_fallback
enfarte => infarto,1,verified_translate,default_translate_fallback
1990 => 90,1,verified_translate,default_translate_fallback
ordem => vista,1,verified_translate,default_translate_fallback
voto => votos,1,verified_translate,default_translate_fallback
os quatro piscas ligados => o pisca alerta ligado,1,verified_translate,default_translate_fallback
basta => e so,1,verified_translate,default_translate_fallback
reivindicacao => demanda,1,verified_translate,default_translate_fallback
se do => o,1,verified_translate,default_translate_fallback
rigidas => duras,1,verified_translate,default_translate_fallback
suficientes => suficiente,1,verified_translate,default_translate_fallback
centros comerciais => shopping centers,1,verified_translate,default_translate_fallback
apoio a => apoioa,1,verified_translate,default_translate_fallback
convencoes medicas => convenios medicos,1,verified_translate,default_translate_fallback
cobrirem => atenderem,1,verified_translate,default_translate_fallback
seguro => convenio,1,verified_translate,default_translate_fallback
solicitara => cobrara,1,verified_translate,default_translate_fallback
reembolsar => ressarcir,1,verified_translate,default_translate_fallback
suportada => bancada,1,verified_translate,default_translate_fallback
as casas de banho => os banheiros,1,verified_translate,default_translate_fallback
pessoas com deficiencia => deficientes fisicos,1,verified_translate,default_translate_fallback
telemarketing => tele vendas,1,verified_translate,default_translate_fallback
no final => ao termino,1,verified_translate,default_translate_fallback
melhor marcador => cestinha,1,verified_translate,default_translate_fallback
destacou se => despontou,1,verified_translate,default_translate_fallback
gere => gerencia,1,verified_translate,default_translate_fallback
tempos recentes => tempo recente,1,verified_translate,default_translate_fallback
ecra larguissimo => tela larguissima,1,verified_translate,default_translate_fallback
motor => carro chefe,1,verified_translate,default_translate_fallback
a rir nos disto => rindo disso,1,verified_translate,default_translate_fallback
do mercado => ∅,1,verified_translate,matched_manual_null_rule
pela gestao => pelo manejo,1,verified_translate,default_translate_fallback
queixar se => reclamar,1,verified_translate,default_translate_fallback
afastamento => descolamento,1,verified_translate,default_translate_fallback
campanha => safra,1,verified_translate,default_translate_fallback
suficiente => bastante,1,verified_translate,default_translate_fallback
isso => ela,1,verified_translate,default_translate_fallback
adesao => ingresso,1,verified_translate,default_translate_fallback
queixava se => reclamava,1,verified_translate,default_translate_fallback
tostao => vintem,1,verified_translate,default_translate_fallback
a ganhar => ganhando,1,verified_translate,matched_manual_progressive_rule
desapareceram => sumiram,1,verified_translate,default_translate_fallback
a desaparecer => sumindo,1,verified_translate,matched_manual_progressive_rule
tinham => tinha,1,verified_translate,default_translate_fallback
bebidas coloridas => drinques coloridos,1,verified_translate,default_translate_fallback
das caraibas => do caribe,1,verified_translate,default_translate_fallback
a molhar => molhando,1,verified_translate,matched_manual_progressive_rule
frente ao => para o,1,verified_translate,default_translate_fallback
classificados => colocados,1,verified_translate,default_translate_fallback
garantir => conseguir,1,verified_translate,default_translate_fallback
empresario => empresarios,1,verified_translate,default_translate_fallback
de toda a => da,1,verified_translate,default_translate_fallback
∅ => inteira,1,verified_translate,matched_manual_null_rule
electrodomesticos => eletrodomesticos se,1,verified_translate,default_translate_fallback
numa => de uma,1,verified_translate,matched_gpt_span
a agitacao => o agito,1,verified_translate,default_translate_fallback
subsidios => subvencoes,1,verified_translate,default_translate_fallback
senhoras => lulus,1,verified_translate,default_translate_fallback
sido realizados => se realizado,1,verified_translate,default_translate_fallback
18 anos => idade,1,verified_translate,default_translate_fallback
jogo => cotejo,1,verified_translate,default_translate_fallback
sentou => ∅,1,verified_translate,matched_manual_null_rule
∅ => sentara,1,verified_translate,matched_manual_null_rule
suplentes => reservas,1,verified_translate,default_translate_fallback
foi parar => desabava,1,verified_translate,default_translate_fallback
uma => do,1,verified_translate,default_translate_fallback
pena => ∅,1,verified_translate,matched_manual_null_rule
jovem => moco,1,verified_translate,default_translate_fallback
facadas => punhaladas,1,verified_translate,default_translate_fallback
preso => engaiolado,1,verified_translate,default_translate_fallback
registado => fichado,1,verified_translate,default_translate_fallback
morada => endereco residencial,1,verified_translate,default_translate_fallback
soutien => sutia,1,verified_translate,default_translate_fallback
espetacular => barbaro,1,verified_translate,default_translate_fallback
no totoloto => na loto,1,verified_translate,default_translate_fallback
para uma => pruma,1,verified_translate,default_translate_fallback
pretos => preto,1,verified_translate,default_translate_fallback
para voltar para a => pra retornar pra,1,verified_translate,default_translate_fallback
para que e => pra,1,verified_translate,default_translate_fallback
reboque => guincho,1,verified_translate,default_translate_fallback
desta percentagem => deste percentual,1,verified_translate,default_translate_fallback
em vez => no lugar,1,verified_translate,default_translate_fallback
resultado => placar,1,verified_translate,default_translate_fallback
bifes => files,1,verified_translate,default_translate_fallback
faturacao => faturamento,1,verified_translate,default_translate_fallback
duplicar a sua faturacao => dobrar seu faturamento,1,verified_translate,default_translate_fallback
agencias => agencia,1,verified_translate,default_translate_fallback
editora => gravadora,1,verified_translate,default_translate_fallback
banco central => bc,1,verified_translate,default_translate_fallback
juro registam subida => juros registram alta,1,verified_translate,default_translate_fallback
dolares => dolar,1,verified_translate,default_translate_fallback
registou uma subida => registrou alta,1,verified_translate,default_translate_fallback
expirados => vencidos,1,verified_translate,default_translate_fallback
reutilizassem => reaproveitassem,1,verified_translate,default_translate_fallback
o senhor => seo,1,verified_translate,default_translate_fallback
bajuladores => puxa sacos,1,verified_translate,default_translate_fallback
um biberao => uma mamadeira,1,verified_translate,default_translate_fallback
a comemorar o => comemorando,1,verified_translate,matched_manual_progressive_rule
provenca => provence,1,verified_translate,default_translate_fallback
os agentes da => policiais do,1,verified_translate,default_translate_fallback
incluido => embutido,1,verified_translate,default_translate_fallback
suicidou => ∅,1,verified_translate,matched_manual_null_rule
∅ => matou,1,verified_translate,matched_manual_null_rule
por => algumas,1,verified_translate,default_translate_fallback
direcciona os => direciona,1,verified_translate,default_translate_fallback
∅ => aberto,1,verified_translate,matched_manual_null_rule
aberta => ∅,1,verified_translate,matched_manual_null_rule
ecra colorido => tela colorida,1,verified_translate,default_translate_fallback
referendo => plebiscito,1,verified_translate,default_translate_fallback
uma subida => alta,1,verified_translate,default_translate_fallback
lha => a ele que,1,verified_translate,default_translate_fallback
e ele => ∅,1,verified_translate,matched_manual_null_rule
nos correios => no correio,1,verified_translate,default_translate_fallback
ter vetado => vetou,1,verified_translate,default_translate_fallback
dos correios => do correio,1,verified_translate,default_translate_fallback
transmitiu ao => passou para o,1,verified_translate,default_translate_fallback
da equipa brasileira => do time brasileiro,1,verified_translate,default_translate_fallback
resolvido => sanado,1,verified_translate,default_translate_fallback
jantes => rodas,1,verified_translate,default_translate_fallback
dizem => diz,1,verified_translate,default_translate_fallback
embaracado => sem graca,1,verified_translate,default_translate_fallback
uma boa equipa => um bom time,1,verified_translate,default_translate_fallback
unidos => ∅,1,verified_translate,matched_manual_null_rule
estava a ser => era,1,verified_translate,default_translate_fallback
uma percentagem minima => um percentual minimo,1,verified_translate,default_translate_fallback
remates => chutes,1,verified_translate,default_translate_fallback
na segunda parte => no segundo tempo,1,verified_translate,default_translate_fallback
fundo => capital,1,verified_translate,default_translate_fallback
maneio => giro,1,verified_translate,default_translate_fallback
notas => cedulas,1,verified_translate,default_translate_fallback
equipa => time,1,verified_translate,default_translate_fallback
em campo => na quadra,1,verified_translate,default_translate_fallback
posse => porte,1,verified_translate,default_translate_fallback
raparigas => garotas,1,verified_translate,default_translate_fallback
mundial => copa,1,verified_translate,default_translate_fallback
espanhol a => espanho la,1,verified_translate,default_translate_fallback
dos mundiais => das copas,1,verified_translate,default_translate_fallback
numa zona => em um trecho,1,verified_translate,default_translate_fallback
liga para o => disca,1,verified_translate,default_translate_fallback
sondagem => enquete,1,verified_translate,default_translate_fallback
tera lugar => acontecera,1,verified_translate,default_translate_fallback
violando => ferindo,1,verified_translate,default_translate_fallback
xx ocorre => 20 se da,1,verified_translate,default_translate_fallback
inicio => comecos,1,verified_translate,default_translate_fallback
ultrapassar os => desbordar dos,1,verified_translate,default_translate_fallback
abrangem => compreendem,1,verified_translate,default_translate_fallback
a maneira => ao modo,1,verified_translate,default_translate_fallback
descontamos => a gente desconta,1,verified_translate,default_translate_fallback
havia => tinha,1,verified_translate,default_translate_fallback
temos => a gente tem,1,verified_translate,default_translate_fallback
haver problemas => dar problema,1,verified_translate,default_translate_fallback
abdicar da => abrir mao de,1,verified_translate,default_translate_fallback
se tornaria => viraria,1,verified_translate,default_translate_fallback
gestao adequada => manejo adequado,1,verified_translate,default_translate_fallback
gestoes => gerencias,1,verified_translate,default_translate_fallback
exibicao => cartaz,1,verified_translate,default_translate_fallback
num ecra => numa tela,1,verified_translate,default_translate_fallback
secundario => colegial,1,verified_translate,default_translate_fallback
do arrendamento => da locacao,1,verified_translate,default_translate_fallback
vendido => vendida,1,verified_translate,default_translate_fallback
acordo => acerto,1,verified_translate,default_translate_fallback
revoltaram => ∅,1,verified_translate,matched_manual_null_rule
∅ => rebelaram,1,verified_translate,matched_manual_null_rule
defesa => zaga,1,verified_translate,default_translate_fallback
29 minutos => 29min,1,verified_translate,default_translate_fallback
canto => escanteio,1,verified_translate,default_translate_fallback
inicio diz => cara,1,verified_translate,default_translate_fallback
∅ => fala,1,verified_translate,matched_manual_null_rule
do campeonato => da copa,1,verified_translate,default_translate_fallback
apresentou => deu,1,verified_translate,default_translate_fallback
componentes automoveis => autopecas,1,verified_translate,default_translate_fallback
xvii => 17,1,verified_translate,default_translate_fallback
xviii => 18,1,verified_translate,default_translate_fallback
ou => o,1,verified_translate,default_translate_fallback
realizados => feitos,1,verified_translate,default_translate_fallback
direccao => diretoria,1,verified_translate,default_translate_fallback
os adeptos => a torcida,1,verified_translate,default_translate_fallback
tinham => havia,1,verified_translate,default_translate_fallback
comecaram => comecou,1,verified_translate,default_translate_fallback
32 minutos da segunda parte => 32min do segundo tempo,1,verified_translate,default_translate_fallback
conducao => motorista,1,verified_translate,default_translate_fallback
no => a,1,verified_translate,default_translate_fallback
jogos amigaveis => amistosos,1,verified_translate,default_translate_fallback
as cassetes => os teipes,1,verified_translate,default_translate_fallback
a compactar as => compactando,1,verified_translate,matched_manual_progressive_rule
daca => dakha,1,verified_translate,default_translate_fallback
no mundial => a copa,1,verified_translate,default_translate_fallback
confirmada => confirma,1,verified_translate,default_translate_fallback
e que superaste => voce superou,1,verified_translate,default_translate_fallback
formacao do => montagem de,1,verified_translate,default_translate_fallback
necessarios => precisos,1,verified_translate,default_translate_fallback
9 => 9a colocacao,1,verified_translate,default_translate_fallback
a posicao => ∅,1,verified_translate,matched_manual_null_rule
jogos => games,1,verified_translate,default_translate_fallback
a cores => colorido,1,verified_translate,default_translate_fallback
engracado => gozado,1,verified_translate,default_translate_fallback
sim => ∅,1,verified_translate,matched_manual_null_rule
adepta => torcedora,1,verified_translate,default_translate_fallback
tenhas => voce tenha,1,verified_translate,default_translate_fallback
tornam se => viram,1,verified_translate,default_translate_fallback
jogo => game,1,verified_translate,default_translate_fallback
fracionamento => parcelamento,1,verified_translate,default_translate_fallback
jogo do => ∅,1,verified_translate,matched_manual_null_rule
altera => muda,1,verified_translate,default_translate_fallback
accoes directas => acoes diretas,1,verified_translate,default_translate_fallback
a semelhanca => aos moldes,1,verified_translate,default_translate_fallback
vice presidentes => vices,1,verified_translate,default_translate_fallback
contraiu => tomou,1,verified_translate,default_translate_fallback
indexante => indexador,1,verified_translate,default_translate_fallback
moeda => ∅,1,verified_translate,matched_manual_null_rule
∅ => atraves de,1,verified_translate,matched_manual_null_rule
obtencao => tomada,1,verified_translate,default_translate_fallback
as contas => a,1,verified_translate,default_translate_fallback
mil milhoes de dolares => ∅,1,verified_translate,matched_manual_null_rule
singulares => ∅,1,verified_translate,matched_manual_null_rule
distribuido => distribuida,1,verified_translate,default_translate_fallback
concentrado => concentrada,1,verified_translate,default_translate_fallback
videoclipes => clips,1,verified_translate,default_translate_fallback
ouvem => escutam,1,verified_translate,default_translate_fallback
com => faltando,1,verified_translate,default_translate_fallback
em falta => ∅,1,verified_translate,matched_manual_null_rule
∅ => simulando,1,verified_translate,matched_manual_null_rule
simular o boletim de voto eletronico => cedula eletronica,1,verified_translate,default_translate_fallback
distracao => bobeada,1,verified_translate,default_translate_fallback
construtoras => montadoras,1,verified_translate,default_translate_fallback
por grosso => no atacado,1,verified_translate,default_translate_fallback
continuasse => continuaria,1,verified_translate,default_translate_fallback
otimos livres directos => otimas cobrancas de falta,1,verified_translate,default_translate_fallback
passes => ∅,1,verified_translate,matched_manual_null_rule
∅ => lancamentos,1,verified_translate,matched_manual_null_rule
entusiasmado => empolgado,1,verified_translate,default_translate_fallback
preventiva => cautelar,1,verified_translate,default_translate_fallback
operacao stop => blitz,1,verified_translate,default_translate_fallback
armazenavam => estocavam,1,verified_translate,default_translate_fallback
clientela => freguesia,1,verified_translate,default_translate_fallback
um grande => o maior,1,verified_translate,default_translate_fallback
milagres => milagre,1,verified_translate,default_translate_fallback
estrangeiro do => exterior,1,verified_translate,default_translate_fallback
bandas sonoras => trilhas,1,verified_translate,default_translate_fallback
primeira parte => primeiro tempo,1,verified_translate,default_translate_fallback
neste mundial => nesta copa,1,verified_translate,default_translate_fallback
oportunidades => chances,1,verified_translate,default_translate_fallback
golo => gols,1,verified_translate,default_translate_fallback
tirou => limpou,1,verified_translate,default_translate_fallback
guarda redes do caminho => goleiro,1,verified_translate,default_translate_fallback
a baliza vazia => o gol vazio,1,verified_translate,default_translate_fallback
recarga => rebatida,1,verified_translate,default_translate_fallback
baliza aberta => gol aberto,1,verified_translate,default_translate_fallback
produz => ela faz,1,verified_translate,default_translate_fallback
produtos do mar => pescados,1,verified_translate,default_translate_fallback
impulso => empurrao,1,verified_translate,default_translate_fallback
de dolares apenas nestes => so nesses,1,verified_translate,default_translate_fallback
publicidade => propaganda,1,verified_translate,default_translate_fallback
sera destinado => vai para,1,verified_translate,default_translate_fallback
severas => duras,1,verified_translate,default_translate_fallback
consiste => consista,1,verified_translate,default_translate_fallback
ficaram para tras => sobraram,1,verified_translate,default_translate_fallback
a acumular => empilhando,1,verified_translate,matched_manual_progressive_rule
camas hospitalares => leitos,1,verified_translate,default_translate_fallback
∅ => paulistano,1,verified_translate,matched_manual_null_rule
paulistano => ∅,1,verified_translate,matched_manual_null_rule
ultrapassou => extrapolou,1,verified_translate,default_translate_fallback
∅ => cr,1,verified_translate,matched_manual_null_rule
cruzeiros => ∅,1,verified_translate,matched_manual_null_rule
do salario => da folha de pagamento,1,verified_translate,default_translate_fallback
quota do => cota de,1,verified_translate,default_translate_fallback
uma rotatividade => um rodizio,1,verified_translate,default_translate_fallback
a voar => voando,1,verified_translate,matched_manual_progressive_rule
mesmo => logo,1,verified_translate,default_translate_fallback
estilhacaram => ∅,1,verified_translate,matched_manual_null_rule
∅ => espatifaram,1,verified_translate,matched_manual_null_rule
recordando => lembrando,1,verified_translate,default_translate_fallback
cuecas => calcinhas,1,verified_translate,default_translate_fallback
detecao => deteccao,1,verified_translate,matched_gpt_span
o preservativo => a camisinha,1,verified_translate,default_translate_fallback
usado => usada,1,verified_translate,default_translate_fallback
probabilidade de o => chance do,1,verified_translate,default_translate_fallback
consultas ginecologicas => retornos ginecologicos,1,verified_translate,default_translate_fallback
enlouqueceu => pirou,1,verified_translate,default_translate_fallback
investiu => jogou us,1,verified_translate,default_translate_fallback
empregado de mesa => garcom,1,verified_translate,default_translate_fallback
se senta => assenta,1,verified_translate,default_translate_fallback
visita => visitas,1,verified_translate,default_translate_fallback
condutas => dutos,1,verified_translate,default_translate_fallback
embraiagem => embreagem,1,verified_translate,matched_gpt_span
a custar => saindo por,1,verified_translate,default_translate_fallback
colou => grudou,1,verified_translate,default_translate_fallback
a pingar => pingando,1,verified_translate,matched_manual_progressive_rule
a vender marijuana => vendendo maconha,1,verified_translate,default_translate_fallback
de seguida => a seguir,1,verified_translate,default_translate_fallback
aborda os => cuida dos,1,verified_translate,default_translate_fallback
detencao => prisao,1,verified_translate,default_translate_fallback
por confessar => confessando,1,verified_translate,default_translate_fallback
∅ => investigar,1,verified_translate,matched_manual_null_rule
investigar => ∅,1,verified_translate,matched_manual_null_rule
os dois ultimos mundiais => as duas ultimas copas,1,verified_translate,default_translate_fallback
31 minutos => 31min,1,verified_translate,default_translate_fallback
tempos => lances,1,verified_translate,default_translate_fallback
33 minutos da segunda parte => 33min do segundo tempo,1,verified_translate,default_translate_fallback
agarrado => seguro,1,verified_translate,default_translate_fallback
assinalado => marcado,1,verified_translate,default_translate_fallback
fluidez => fluencia,1,verified_translate,default_translate_fallback
grandes => grande,1,verified_translate,default_translate_fallback
abrangesse => atingisse,1,verified_translate,default_translate_fallback
∅ => sagra,1,verified_translate,matched_manual_null_rule
sagra => ∅,1,verified_translate,matched_manual_null_rule
regressa => retorna,1,verified_translate,default_translate_fallback
praxe => trote,1,verified_translate,default_translate_fallback
os restantes => o restante,1,verified_translate,default_translate_fallback
entendiam => entendia,1,verified_translate,default_translate_fallback
exame de admissao => vestibular,1,verified_translate,default_translate_fallback
ao ministerio das financas => a fazenda,1,verified_translate,default_translate_fallback
apurou => ∅,1,verified_translate,matched_manual_null_rule
no ministerio das financas => apurou na fazenda,1,verified_translate,default_translate_fallback
que utilizem => a usar,1,verified_translate,default_translate_fallback
do ministerio das financas => da fazenda,1,verified_translate,default_translate_fallback
teve => tiveram,1,verified_translate,default_translate_fallback
e => ate,1,verified_translate,default_translate_fallback
topo da => alto de,1,verified_translate,default_translate_fallback
grupo => bando,1,verified_translate,default_translate_fallback
ao contrario dos => diferentemente de,1,verified_translate,default_translate_fallback
socialista => petista,1,verified_translate,default_translate_fallback
psd do => psdb de,1,verified_translate,default_translate_fallback
da estrela => do star,1,verified_translate,default_translate_fallback
recuperados => resgatados,1,verified_translate,default_translate_fallback
imprensa escrita => midia impressa,1,verified_translate,default_translate_fallback
o campeonato => a copa,1,verified_translate,default_translate_fallback
verificou => checou,1,verified_translate,default_translate_fallback
correccao total => correcao cheia,1,verified_translate,default_translate_fallback
devera comecar => deve iniciar,1,verified_translate,default_translate_fallback
gira => toca,1,verified_translate,default_translate_fallback
reles => chinfrin,1,verified_translate,default_translate_fallback
por ganhar => ganhando,1,verified_translate,default_translate_fallback
a cansar => ∅,1,verified_translate,matched_manual_null_rule
∅ => cansando,1,verified_translate,matched_manual_null_rule
a dedicar generosos destaques na => dedicando generosas chamadas em,1,verified_translate,default_translate_fallback
registar a => registrar,1,verified_translate,default_translate_fallback
estacas => palanques,1,verified_translate,default_translate_fallback
objectos do => objetos de,1,verified_translate,default_translate_fallback
merleau => merleay,1,verified_translate,default_translate_fallback
lista => chapa,1,verified_translate,default_translate_fallback
hora => horario,1,verified_translate,default_translate_fallback
ponta => pico,1,verified_translate,default_translate_fallback
utilizador a passear => usuario passeando,1,verified_translate,default_translate_fallback
da loica => das loucas,1,verified_translate,default_translate_fallback
o ter registado => te lo registrado,1,verified_translate,default_translate_fallback
autocontrolo => autocontrole,1,verified_translate,default_translate_fallback
concerto dos => show do,1,verified_translate,default_translate_fallback
lesao => contusao,1,verified_translate,default_translate_fallback
seleccao do pais => selecao,1,verified_translate,default_translate_fallback
a organizar => organizando,1,verified_translate,matched_manual_progressive_rule
adeptos => torcedor,1,verified_translate,default_translate_fallback
a concorrer => concorrendo,1,verified_translate,matched_manual_progressive_rule
bem vindo => benvindo,1,verified_translate,default_translate_fallback
lhe mostrar => passar,1,verified_translate,default_translate_fallback
prestes a rebentar => perto de estourar,1,verified_translate,default_translate_fallback
quao => quanto for,1,verified_translate,default_translate_fallback
avancar => mover se,1,verified_translate,default_translate_fallback
alteracao => mudanca,1,verified_translate,default_translate_fallback
utilizou => usou,1,verified_translate,default_translate_fallback
estratagema => truque,1,verified_translate,default_translate_fallback
reconstruida => levantada novamente,1,verified_translate,default_translate_fallback
entrada => ingresso,1,verified_translate,default_translate_fallback
no ecra => na tela,1,verified_translate,default_translate_fallback
decorre => acontece,1,verified_translate,default_translate_fallback
incluir => entrar,1,verified_translate,default_translate_fallback
um aumento => reajuste,1,verified_translate,default_translate_fallback
ira interpor => entrara com,1,verified_translate,default_translate_fallback
por elevar => elevando,1,verified_translate,default_translate_fallback
vencedor => ganhador,1,verified_translate,default_translate_fallback
refugiar => ∅,1,verified_translate,matched_manual_null_rule
∅ => refugiarem,1,verified_translate,matched_manual_null_rule
ripostamos => revidamos,1,verified_translate,default_translate_fallback
na planificacao => no planejamento,1,verified_translate,default_translate_fallback
∅ => junto,1,verified_translate,matched_manual_null_rule
a encarar => encarando,1,verified_translate,matched_manual_progressive_rule
∅ => regiao,1,verified_translate,matched_manual_null_rule
fecharem => trancarem,1,verified_translate,default_translate_fallback
boxeur => boxeador,1,verified_translate,default_translate_fallback
cena => cartaz,1,verified_translate,default_translate_fallback
de regresso => retomando,1,verified_translate,default_translate_fallback
afecta => ligada,1,verified_translate,default_translate_fallback
este falhanco => esse fracasso,1,verified_translate,default_translate_fallback
pilotos => praticos,1,verified_translate,default_translate_fallback
lisboetas => de lisboa,1,verified_translate,default_translate_fallback
autocarros estiveram => onibus ficaram,1,verified_translate,default_translate_fallback
funcionando => operando,1,verified_translate,default_translate_fallback
tenha => tenham,1,verified_translate,default_translate_fallback
virote => alvoroco,1,verified_translate,default_translate_fallback
lustro => brilho,1,verified_translate,default_translate_fallback
multibanco => caixa eletronico,1,verified_translate,default_translate_fallback
cartao press => cracha de imprensa,1,verified_translate,default_translate_fallback
correntezinha ao => correntinha no,1,verified_translate,default_translate_fallback
grupo => tipo,1,verified_translate,default_translate_fallback
a borla => gratis,1,verified_translate,default_translate_fallback
jeitosas => ajeitadas,1,verified_translate,default_translate_fallback
se passam => acontecem,1,verified_translate,default_translate_fallback
seu => proprio,1,verified_translate,default_translate_fallback
interveniente => atuante,1,verified_translate,default_translate_fallback
dando mostras de => demonstrando,1,verified_translate,default_translate_fallback
a um => ao mesmo,1,verified_translate,default_translate_fallback
majestatico => majestoso,1,verified_translate,default_translate_fallback
daria provas de => apresentou,1,verified_translate,default_translate_fallback
langorosa => languida,1,verified_translate,default_translate_fallback
assumiu => ∅,1,verified_translate,matched_manual_null_rule
pondo a claro => evidenciando,1,verified_translate,default_translate_fallback
far => so,1,verified_translate,default_translate_fallback
ia apenas => faria,1,verified_translate,default_translate_fallback
pendor cenico => inclinacao cenica,1,verified_translate,default_translate_fallback
escamosa => escamoso,1,verified_translate,default_translate_fallback
escaldoes sofridos => queimaduras sofridas,1,verified_translate,default_translate_fallback
a confirmar => confirma la,1,verified_translate,default_translate_fallback
numa prestacao => em uma performance,1,verified_translate,default_translate_fallback
da estafeta => do revezamento,1,verified_translate,default_translate_fallback
balnear => balnearia,1,verified_translate,default_translate_fallback
elegeu => escolheu,1,verified_translate,default_translate_fallback
gentes => pessoas,1,verified_translate,default_translate_fallback
a investigar => investigando,1,verified_translate,matched_manual_progressive_rule
apostados em => determinados a,1,verified_translate,default_translate_fallback
ascendente => dominio,1,verified_translate,default_translate_fallback
apontou => marcou,1,verified_translate,default_translate_fallback
num remate => em um chute,1,verified_translate,default_translate_fallback
menina => senhorita,1,verified_translate,default_translate_fallback
qualquer coisa como => algo em torno de,1,verified_translate,default_translate_fallback
adiantada => apresentada,1,verified_translate,default_translate_fallback
rasgado => rompido,1,verified_translate,default_translate_fallback
barato => barata,1,verified_translate,default_translate_fallback
centro => meio,1,verified_translate,default_translate_fallback
seta => flecha,1,verified_translate,default_translate_fallback
futebolista => jogador,1,verified_translate,default_translate_fallback
a rematar a baliza => para chutar ao gol,1,verified_translate,default_translate_fallback
black out => blackout,1,verified_translate,default_translate_fallback
de maior => maiores,1,verified_translate,default_translate_fallback
medira => mediu,1,verified_translate,default_translate_fallback
admitida => admitisse,1,verified_translate,default_translate_fallback
regular => ser regulada,1,verified_translate,default_translate_fallback
suportam => sustentam,1,verified_translate,default_translate_fallback
fim de => ∅,1,verified_translate,matched_manual_null_rule
se chama por => e chamado,1,verified_translate,default_translate_fallback
∅ => maior,1,verified_translate,matched_manual_null_rule
maior => ∅,1,verified_translate,matched_manual_null_rule
percentagem do => porcentagem de,1,verified_translate,default_translate_fallback
ordenado => salario,1,verified_translate,default_translate_fallback
um pe de meia => uma poupanca,1,verified_translate,default_translate_fallback
ao passo => enquanto,1,verified_translate,default_translate_fallback
daquilo => do,1,verified_translate,default_translate_fallback
pareceria de => parceria com,1,verified_translate,default_translate_fallback
ee => e,1,verified_translate,default_translate_fallback
aluguer o => aluguel ao,1,verified_translate,default_translate_fallback
recensao => resenha,1,verified_translate,default_translate_fallback
oscila amiude => oscilam frequentemente,1,verified_translate,default_translate_fallback
o incensar => a exaltacao,1,verified_translate,default_translate_fallback
conferir => atribuir,1,verified_translate,default_translate_fallback
lado => largo,1,verified_translate,default_translate_fallback
um recuo do => uma queda no,1,verified_translate,default_translate_fallback
no espaco => em questao,1,verified_translate,default_translate_fallback
casa => corretora,1,verified_translate,default_translate_fallback
∅ => amigo,1,verified_translate,matched_manual_null_rule
amigo => ∅,1,verified_translate,matched_manual_null_rule
o internamento => a internacao,1,verified_translate,default_translate_fallback
∅ => a ela,1,verified_translate,matched_manual_null_rule
pose => postura,1,verified_translate,default_translate_fallback
num comboio => em um trem,1,verified_translate,default_translate_fallback
auxiliar => ajudar,1,verified_translate,default_translate_fallback
inquiridos estavam => entrevistados estava,1,verified_translate,default_translate_fallback
concentrados => concentrada,1,verified_translate,default_translate_fallback
estao => estavam,1,verified_translate,default_translate_fallback
vao mudar => mudariam,1,verified_translate,default_translate_fallback
a banca => o setor bancario,1,verified_translate,default_translate_fallback
juntas de freguesia => subprefeituras,1,verified_translate,default_translate_fallback
entenda necessario realizar => considerar necessarios,1,verified_translate,default_translate_fallback
regressar a => retornar para,1,verified_translate,default_translate_fallback
o seu carregamento => sua carga,1,verified_translate,default_translate_fallback
autarquica => municipal,1,verified_translate,default_translate_fallback
veio a ser => foi,1,verified_translate,default_translate_fallback
das autarquias => dos municipios,1,verified_translate,default_translate_fallback
seu => sua,1,verified_translate,default_translate_fallback
suportar => sustentar,1,verified_translate,default_translate_fallback
a subsidiar => subsidia la,1,verified_translate,default_translate_fallback
em baixo a => embaixo,1,verified_translate,default_translate_fallback
em tijolo => de tijolos,1,verified_translate,default_translate_fallback
uns => cerca de,1,verified_translate,default_translate_fallback
esteve => ficou,1,verified_translate,default_translate_fallback
a embrulhar => toda embrulhando,1,verified_translate,matched_manual_progressive_rule
teve a seu cargo => ficou responsavel por,1,verified_translate,default_translate_fallback
a oferecer => oferecendo,1,verified_translate,matched_manual_progressive_rule
pelos ajustes => de acordo,1,verified_translate,default_translate_fallback
adianta => acrescenta,1,verified_translate,default_translate_fallback
numa barraca => em um barraco,1,verified_translate,default_translate_fallback
estafada => desgastada,1,verified_translate,default_translate_fallback
ma => a,1,verified_translate,default_translate_fallback
la isto => so isso,1,verified_translate,default_translate_fallback
puseram em => colocaram no,1,verified_translate,default_translate_fallback
editoras => gravadoras,1,verified_translate,default_translate_fallback
telediscos => videoclipes,1,verified_translate,default_translate_fallback
canadiano => canadense,1,verified_translate,default_translate_fallback
recta da meta => reta de chegada,1,verified_translate,default_translate_fallback
ficara => ficou,1,verified_translate,default_translate_fallback
o arranque => a largada,1,verified_translate,default_translate_fallback
demasiado subvirador => muito subestercante,1,verified_translate,default_translate_fallback
relvados => gramados,1,verified_translate,default_translate_fallback
co financiados => cofinanciados,1,verified_translate,default_translate_fallback
arrancam => comecam,1,verified_translate,default_translate_fallback
camararias => municipais,1,verified_translate,default_translate_fallback
arrancaram a => comecaram no,1,verified_translate,default_translate_fallback
ruir => desabar,1,verified_translate,default_translate_fallback
sobretudo => especialmente,1,verified_translate,default_translate_fallback
usam => utilizam,1,verified_translate,default_translate_fallback
se mantem => persiste,1,verified_translate,default_translate_fallback
frontaria => fachada,1,verified_translate,default_translate_fallback
excessiva => ∅,1,verified_translate,matched_manual_null_rule
∅ => excessiva,1,verified_translate,matched_manual_null_rule
encerrado => fechado,1,verified_translate,default_translate_fallback
encerrou => fechou,1,verified_translate,default_translate_fallback
passado => ultimo,1,verified_translate,default_translate_fallback
escorregas aquaticos => toboaguas,1,verified_translate,default_translate_fallback
encontrava se a funcionar => estava funcionando,1,verified_translate,default_translate_fallback
levantou => gerou,1,verified_translate,default_translate_fallback
ruido que provoca o => barulho causado pelo,1,verified_translate,default_translate_fallback
corrido => realizado,1,verified_translate,default_translate_fallback
conservou o => manteve,1,verified_translate,default_translate_fallback
classificado => colocado,1,verified_translate,default_translate_fallback
se ter escapado => escapar,1,verified_translate,default_translate_fallback
efectuar => ser realizada,1,verified_translate,default_translate_fallback
aceder na => acessar a,1,verified_translate,default_translate_fallback
se executasse => fosse executada,1,verified_translate,default_translate_fallback
difundido => divulgado,1,verified_translate,default_translate_fallback
por fertilizar => nao fertilizado,1,verified_translate,default_translate_fallback
a banhos => para as ferias,1,verified_translate,default_translate_fallback
gozo das => aproveitamento de,1,verified_translate,default_translate_fallback
missiva => carta,1,verified_translate,default_translate_fallback
cobranca => arrecadacao,1,verified_translate,default_translate_fallback
me do => o,1,verified_translate,default_translate_fallback
vinha => vim,1,verified_translate,default_translate_fallback
varreu se => ∅,1,verified_translate,matched_manual_null_rule
∅ => fugiu,1,verified_translate,matched_manual_null_rule
limitada => limitadas,1,verified_translate,default_translate_fallback
sair => vir,1,verified_translate,default_translate_fallback
todo o detalhe => todos os detalhes,1,verified_translate,default_translate_fallback
actualmente director => atualmente diretor,1,verified_translate,default_translate_fallback
intra uterina => intrauterina,1,verified_translate,default_translate_fallback
tao so => apenas,1,verified_translate,default_translate_fallback
destapou => revelou,1,verified_translate,default_translate_fallback
revelou a => mostrou,1,verified_translate,default_translate_fallback
e passou => passando,1,verified_translate,default_translate_fallback
tem importancia => e relevante,1,verified_translate,default_translate_fallback
revela => mostra,1,verified_translate,default_translate_fallback
a frio => fria,1,verified_translate,default_translate_fallback
inglesa => em ingles,1,verified_translate,default_translate_fallback
acertar de agulhas => alinhamento,1,verified_translate,default_translate_fallback
antigo presidente do municipio => ex prefeito,1,verified_translate,default_translate_fallback
bangkok => bangcoc,1,verified_translate,default_translate_fallback
iniciara => iniciou,1,verified_translate,default_translate_fallback
antigo => ex,1,verified_translate,default_translate_fallback
concentraram => reuniram,1,verified_translate,default_translate_fallback
freguesia => distrito,1,verified_translate,default_translate_fallback
de freguesia => distrital,1,verified_translate,default_translate_fallback
da freguesia => do distrito,1,verified_translate,default_translate_fallback
vivendas => casas ser,1,verified_translate,default_translate_fallback
habitacionais => residenciais,1,verified_translate,default_translate_fallback
da cdu na freguesia => do pcdob no distrito,1,verified_translate,default_translate_fallback
sociais => social,1,verified_translate,default_translate_fallback
ir ao encontro de => atender aos,1,verified_translate,default_translate_fallback
titula => titular,1,verified_translate,default_translate_fallback
bandeirola => faixa,1,verified_translate,default_translate_fallback
incriminara => incriminou,1,verified_translate,default_translate_fallback
gabinete => departamento,1,verified_translate,default_translate_fallback
desaire => fracasso,1,verified_translate,default_translate_fallback
hipoteses => opcoes,1,verified_translate,default_translate_fallback
a belem => ao planalto,1,verified_translate,default_translate_fallback
redundaria => resultaria,1,verified_translate,default_translate_fallback
acantona => concentra,1,verified_translate,default_translate_fallback
a procura => em busca,1,verified_translate,matched_gpt_span
desde modo => dessa forma,1,verified_translate,default_translate_fallback
conselhos => municipios,1,verified_translate,default_translate_fallback
o inquerito aos => a pesquisa de,1,verified_translate,default_translate_fallback
do oeste => ocidental,1,verified_translate,default_translate_fallback
a discutir numa => discutindo em uma,1,verified_translate,default_translate_fallback
a partir => ∅,1,verified_translate,matched_manual_null_rule
∅ => quebrando,1,verified_translate,matched_manual_null_rule
direito => certo,1,verified_translate,default_translate_fallback
mexidas => mudancas,1,verified_translate,default_translate_fallback
beneplacito => aval,1,verified_translate,default_translate_fallback
ao actual => no atual,1,verified_translate,default_translate_fallback
a materia => o tema,1,verified_translate,default_translate_fallback
britanica => office britanico,1,verified_translate,default_translate_fallback
precisou => especificou,1,verified_translate,default_translate_fallback
a nao ter => sem,1,verified_translate,default_translate_fallback
∅ => poder,1,verified_translate,matched_manual_null_rule
poder => ∅,1,verified_translate,matched_manual_null_rule
completar se => ser concluido,1,verified_translate,default_translate_fallback
luz => sinal,1,verified_translate,default_translate_fallback
conceder => serem concedidas,1,verified_translate,default_translate_fallback
despromovido => rebaixado,1,verified_translate,default_translate_fallback
lote => elenco,1,verified_translate,default_translate_fallback
hoquistas => jogadores de hoquei,1,verified_translate,default_translate_fallback
suaves => faceis,1,verified_translate,default_translate_fallback
chuvadas => chuvas fortes,1,verified_translate,default_translate_fallback
seu turno => sua vez,1,verified_translate,default_translate_fallback
roterdao => roterda,1,verified_translate,default_translate_fallback
pura => puras,1,verified_translate,default_translate_fallback
acambarcando => estocando,1,verified_translate,default_translate_fallback
alimentares => alimenticios,1,verified_translate,matched_gpt_span
a descoberto => em aberto,1,verified_translate,default_translate_fallback
estiver => for,1,verified_translate,default_translate_fallback
dar => ocorrer,1,verified_translate,default_translate_fallback
duras => rigidas,1,verified_translate,default_translate_fallback
esta equipa => essa equipe,1,verified_translate,default_translate_fallback
∅ => local,1,verified_translate,matched_manual_null_rule
desenvolver => serem desenvolvidas,1,verified_translate,default_translate_fallback
punha => questionava,1,verified_translate,default_translate_fallback
em causa => ∅,1,verified_translate,matched_manual_null_rule
a trabalhar a => trabalhando em,1,verified_translate,default_translate_fallback
em alerta => de plantao,1,verified_translate,default_translate_fallback
a saida => ao sair,1,verified_translate,default_translate_fallback
partido => proveito,1,verified_translate,default_translate_fallback
aos => ∅,1,verified_translate,matched_manual_null_rule
precisas => necessarias,1,verified_translate,default_translate_fallback
frente a => contra,1,verified_translate,default_translate_fallback
o despacho normativo => a portaria normativa,1,verified_translate,default_translate_fallback
renda apoiada => aluguel social,1,verified_translate,default_translate_fallback
mantas => cobertores,1,verified_translate,default_translate_fallback
tapou => cobriu,1,verified_translate,default_translate_fallback
uma manta => um cobertor,1,verified_translate,default_translate_fallback
a manta => o cobertor,1,verified_translate,default_translate_fallback
deram pelo doente => perceberam o paciente,1,verified_translate,default_translate_fallback
piquete => plantao,1,verified_translate,default_translate_fallback
a => para se,1,verified_translate,default_translate_fallback
se na casa de banho => no banheiro,1,verified_translate,default_translate_fallback
comungado => compartilhado,1,verified_translate,default_translate_fallback
objectivo devia => objetivo deveria,1,verified_translate,default_translate_fallback
as maneiras => os modos,1,verified_translate,default_translate_fallback
deputados => representantes,1,verified_translate,default_translate_fallback
com os => aos,1,verified_translate,default_translate_fallback
cordializa => harmoniza,1,verified_translate,default_translate_fallback
atirou para o => jogou no,1,verified_translate,default_translate_fallback
reconversao => requalificacao,1,verified_translate,default_translate_fallback
a passar => acontecendo,1,verified_translate,matched_manual_progressive_rule
contacto consigo => contato com voce,1,verified_translate,default_translate_fallback
a ser posto => colocado,1,verified_translate,default_translate_fallback
∅ => doenca,1,verified_translate,matched_manual_null_rule
reparou => percebeu,1,verified_translate,default_translate_fallback
∅ => genes,1,verified_translate,matched_manual_null_rule
∅ => olhos,1,verified_translate,matched_manual_null_rule
do que as => ∅,1,verified_translate,matched_manual_null_rule
conservacao => permanencia,1,verified_translate,default_translate_fallback
acrescido => maior,1,verified_translate,default_translate_fallback
boca => piada,1,verified_translate,default_translate_fallback
tera mandado ao na => teria feito de,1,verified_translate,default_translate_fallback
factos se passaram => fatos ocorreram,1,verified_translate,default_translate_fallback
ao soco => a briga,1,verified_translate,default_translate_fallback
tapado => bloqueado,1,verified_translate,default_translate_fallback
passou se => aconteceu,1,verified_translate,default_translate_fallback
vindo a realizar => realizado,1,verified_translate,default_translate_fallback
se disputa => sera disputado no,1,verified_translate,default_translate_fallback
a ser um combate => sendo uma luta,1,verified_translate,default_translate_fallback
pelo supremo tribunal => pela suprema corte,1,verified_translate,default_translate_fallback
consumar => ser consumada,1,verified_translate,default_translate_fallback
dependencia => agencia,1,verified_translate,default_translate_fallback
sob a => na,1,verified_translate,default_translate_fallback
passar pela => incluir a,1,verified_translate,default_translate_fallback
se dar => que ocorra,1,verified_translate,default_translate_fallback
a libertar => libera la,1,verified_translate,default_translate_fallback
ouvir => ouvi los,1,verified_translate,default_translate_fallback
nas ainda => ∅,1,verified_translate,matched_manual_null_rule
avolumar => aumento,1,verified_translate,default_translate_fallback
engenhos => artefatos,1,verified_translate,default_translate_fallback
se registava => ocorria,1,verified_translate,default_translate_fallback
avultada => vultosa,1,verified_translate,default_translate_fallback
referenciar => ser referenciados,1,verified_translate,default_translate_fallback
alcunha => apelida,1,verified_translate,default_translate_fallback
findo => apos,1,verified_translate,default_translate_fallback
folhas de calculo => planilhas eletronicas,1,verified_translate,default_translate_fallback
do utente => para o usuario,1,verified_translate,default_translate_fallback
levantar se => surgir,1,verified_translate,default_translate_fallback
se efectua => e realizado,1,verified_translate,default_translate_fallback
em pleno => plenamente,1,verified_translate,default_translate_fallback
ligaduras => ataduras,1,verified_translate,default_translate_fallback
os hierarquizar => hierarquiza los,1,verified_translate,default_translate_fallback
rasura => apaga,1,verified_translate,default_translate_fallback
embora => ∅,1,verified_translate,matched_manual_null_rule
a uma => numa,1,verified_translate,default_translate_fallback
a furtar => furtando,1,verified_translate,matched_manual_progressive_rule
tomou em maos => assumiu,1,verified_translate,default_translate_fallback
aveirense => de aveiro,1,verified_translate,default_translate_fallback
actos de => atos como,1,verified_translate,default_translate_fallback
adeptos o => torcedores,1,verified_translate,default_translate_fallback
repartida => compartilhada,1,verified_translate,default_translate_fallback
a levar a cabo => sendo realizada,1,verified_translate,default_translate_fallback
tiro => tiros,1,verified_translate,default_translate_fallback
despistou se => saiu da pista,1,verified_translate,matched_manual_span
de que => sobre quem,1,verified_translate,default_translate_fallback
partidas => quebradas,1,verified_translate,default_translate_fallback
partiu => quebrou,1,verified_translate,default_translate_fallback
procurava faze => tentava leva,1,verified_translate,default_translate_fallback
chegar => ∅,1,verified_translate,matched_manual_null_rule
descura => deixa de lado,1,verified_translate,default_translate_fallback
definirem => definir,1,verified_translate,default_translate_fallback
despedimentos colectivos => demissoes coletivas,1,verified_translate,default_translate_fallback
lhe convira => sera conveniente,1,verified_translate,default_translate_fallback
estar se apostado em => haver um esforco para,1,verified_translate,default_translate_fallback
∅ => queiram,1,verified_translate,matched_manual_null_rule
queiram impingir => empurrar,1,verified_translate,default_translate_fallback
carruagem => cabine,1,verified_translate,default_translate_fallback
cama => leito,1,verified_translate,default_translate_fallback
malta bue => galera muito descolada,1,verified_translate,default_translate_fallback
hasta publica => leilao publico,1,verified_translate,default_translate_fallback
populares => moradores,1,verified_translate,default_translate_fallback
junta de freguesia => administracao regional,1,verified_translate,default_translate_fallback
autarquias => autoridades locais,1,verified_translate,default_translate_fallback
num so => em um unico,1,verified_translate,default_translate_fallback
contador => medidor,1,verified_translate,default_translate_fallback
face a essa => diante dessa,1,verified_translate,default_translate_fallback
a custa dos => as custas de,1,verified_translate,default_translate_fallback
o seu agregado familiar => sua familia,1,verified_translate,default_translate_fallback
constituido => composta,1,verified_translate,default_translate_fallback
feitos inqueritos => feitas investigacoes,1,verified_translate,default_translate_fallback
banco => pronto socorro,1,verified_translate,default_translate_fallback
∅ => relatorios,1,verified_translate,matched_manual_null_rule
relatorios => ∅,1,verified_translate,matched_manual_null_rule
escolar => escolas,1,verified_translate,default_translate_fallback
interrogado => questionado,1,verified_translate,default_translate_fallback
banguecoque => bangcoc,1,verified_translate,default_translate_fallback
mete agua => tem goteiras,1,verified_translate,default_translate_fallback
desbloqueie => libere,1,verified_translate,default_translate_fallback
compreendem => incluem,1,verified_translate,default_translate_fallback
arranjo => reparo,1,verified_translate,default_translate_fallback
esta em vias de sair => ∅,1,verified_translate,matched_manual_null_rule
a cobrir => cobri la,1,verified_translate,default_translate_fallback
antena => linha,1,verified_translate,default_translate_fallback
regresso a => retorno ao,1,verified_translate,default_translate_fallback
complementarizarao => se complementarao,1,verified_translate,default_translate_fallback
paragens => paradas,1,verified_translate,default_translate_fallback
bichas => filas,1,verified_translate,default_translate_fallback
semeadura => plantio,1,verified_translate,default_translate_fallback
vivendas => casas,1,verified_translate,default_translate_fallback
bombas => postos,1,verified_translate,default_translate_fallback
desempanagem => conserto,1,verified_translate,default_translate_fallback
balcoes => bancas,1,verified_translate,default_translate_fallback
barros => ceramicas,1,verified_translate,default_translate_fallback
mobiliarios => moveis,1,verified_translate,default_translate_fallback
camionetas => caminhoes,1,verified_translate,matched_manual_span
velhos => idosos,1,verified_translate,default_translate_fallback
bermas => beiradas,1,verified_translate,default_translate_fallback
a churrascar => assando,1,verified_translate,matched_manual_progressive_rule
a oferecerem => ∅,1,verified_translate,matched_manual_null_rule
∅ => oferecendo,1,verified_translate,matched_manual_null_rule
zangas => brigas,1,verified_translate,default_translate_fallback
a => por,1,verified_translate,default_translate_fallback
solavancar => sacolejar,1,verified_translate,default_translate_fallback
pacato => tranquilo,1,verified_translate,default_translate_fallback
a ribeira => o riacho,1,verified_translate,default_translate_fallback
proxima => proximo,1,verified_translate,default_translate_fallback
traduziram se numa => resultaram em uma,1,verified_translate,matched_manual_span
efectuaria => realizaria,1,verified_translate,default_translate_fallback
ainda => mesmo,1,verified_translate,default_translate_fallback
∅ => respeito,1,verified_translate,matched_manual_null_rule
respeito => ∅,1,verified_translate,matched_manual_null_rule
ira haver => havera,1,verified_translate,default_translate_fallback
arrancara => comecara,1,verified_translate,default_translate_fallback
sublinhados => destacados,1,verified_translate,default_translate_fallback
a proceder => agindo,1,verified_translate,matched_manual_progressive_rule
os nevoes => as nevascas,1,verified_translate,default_translate_fallback
ripostou => retrucou,1,verified_translate,default_translate_fallback
actual director => atual diretor,1,verified_translate,default_translate_fallback
fuga aos => sonegacao de,1,verified_translate,default_translate_fallback
descarga => descarte,1,verified_translate,default_translate_fallback
aceitara => havia,1,verified_translate,default_translate_fallback
∅ => aceitado,1,verified_translate,matched_manual_null_rule
as considerar => considera los,1,verified_translate,default_translate_fallback
se => estar,1,verified_translate,default_translate_fallback
caduca => expira,1,verified_translate,default_translate_fallback
∅ => hospital,1,verified_translate,matched_manual_null_rule
a ser efectuado => sendo realizado,1,verified_translate,default_translate_fallback
bolseiros => bolsistas,1,verified_translate,default_translate_fallback
licenciados => formados,1,verified_translate,default_translate_fallback
espolio => acervo,1,verified_translate,default_translate_fallback
comungar => compartilhar,1,verified_translate,default_translate_fallback
doseada => dosada,1,verified_translate,matched_manual_span
rubricou => assinou,1,verified_translate,default_translate_fallback
obviar a esta => suprir essa,1,verified_translate,default_translate_fallback
afectam a => afetam,1,verified_translate,default_translate_fallback
reduziu => reduziram,1,verified_translate,default_translate_fallback
a seguir ao => logo apos o,1,verified_translate,default_translate_fallback
de novo => nova,1,verified_translate,default_translate_fallback
guardar => guardando,1,verified_translate,default_translate_fallback
provocatoria => provocativa,1,verified_translate,matched_manual_span
colonatos => assentamentos,1,verified_translate,default_translate_fallback
registar => registra lo,1,verified_translate,default_translate_fallback
a => me,1,verified_translate,default_translate_fallback
sua => minha,1,verified_translate,default_translate_fallback
neonazi => neonazista,1,verified_translate,default_translate_fallback
de monta => significativas,1,verified_translate,default_translate_fallback
basico => ensino fundamental,1,verified_translate,default_translate_fallback
a causar => causando,1,verified_translate,matched_manual_progressive_rule
clarificar => esclarecer,1,verified_translate,default_translate_fallback
bolsista => de acoes,1,verified_translate,default_translate_fallback
como => de,1,verified_translate,default_translate_fallback
autarquia limiana => prefeitura de ponte de lima,1,verified_translate,default_translate_fallback
presidente da camara limiana => prefeito de ponte de lima,1,verified_translate,default_translate_fallback
igualmente => ∅,1,verified_translate,matched_manual_null_rule
laboram => trabalham,1,verified_translate,default_translate_fallback
na toada do => no tom de,1,verified_translate,default_translate_fallback
galardoado => homenageado,1,verified_translate,default_translate_fallback
∅ => quantos,1,verified_translate,matched_manual_null_rule
quantos => ∅,1,verified_translate,matched_manual_null_rule
equivoca => ambigua,1,verified_translate,default_translate_fallback
partira => partiu,1,verified_translate,default_translate_fallback
a que => para onde,1,verified_translate,default_translate_fallback
da fita => do filme,1,verified_translate,default_translate_fallback
∅ => nunca,1,verified_translate,matched_manual_null_rule
nunca => ∅,1,verified_translate,matched_manual_null_rule
∅ => geografia,1,verified_translate,matched_manual_null_rule
geografia => ∅,1,verified_translate,matched_manual_null_rule
dos regressou => voltou,1,verified_translate,default_translate_fallback
lote => grupo,1,verified_translate,default_translate_fallback
defesa => lateral,1,verified_translate,default_translate_fallback
em baixa => para baixo,1,verified_translate,default_translate_fallback
acerca disto => a respeito disso,1,verified_translate,default_translate_fallback
queixarmo nos acerca da => reclamarmos sobre a,1,verified_translate,default_translate_fallback
∅ => estado,1,verified_translate,matched_manual_null_rule
gostasse => gostaria,1,verified_translate,default_translate_fallback
ver => assistir a,1,verified_translate,default_translate_fallback
a sec => ao ministerio da cultura,1,verified_translate,default_translate_fallback
actuar => atuando,1,verified_translate,default_translate_fallback
nao e ideia que => ∅,1,verified_translate,matched_manual_null_rule
no => noticia em,1,verified_translate,default_translate_fallback
deslocavam => dirigiam,1,verified_translate,default_translate_fallback
encarado => visto,1,verified_translate,default_translate_fallback
carece => ∅,1,verified_translate,matched_manual_null_rule
∅ => precisa,1,verified_translate,matched_manual_null_rule
e pode entao afirmar se na => base,1,verified_translate,default_translate_fallback
∅ => sendo,1,verified_translate,matched_manual_null_rule
ser a prestacao => atuacao,1,verified_translate,default_translate_fallback
∅ => classificacao,1,verified_translate,matched_manual_null_rule
posices da => posicoes na,1,verified_translate,default_translate_fallback
avaliar => julgar,1,verified_translate,default_translate_fallback
fez reunir => reuniu,1,verified_translate,default_translate_fallback
∅ => foi,1,verified_translate,matched_manual_null_rule
coibiu de => furtou a,1,verified_translate,default_translate_fallback
por concordar => concordando,1,verified_translate,default_translate_fallback
∅ => a disposicao,1,verified_translate,matched_manual_null_rule
a lutar por => lutando para,1,verified_translate,default_translate_fallback
∅ => fatos,1,verified_translate,matched_manual_null_rule
factos => ∅,1,verified_translate,matched_manual_null_rule
sector automovel => setor automotivo,1,verified_translate,default_translate_fallback
loicas => loucas,1,verified_translate,matched_manual_span
casa de banho => banheiro,1,verified_translate,default_translate_fallback
ultrapassou => superou,1,verified_translate,default_translate_fallback
sumptuarios => superfluos,1,verified_translate,default_translate_fallback
∅ => com ela,1,verified_translate,matched_manual_null_rule
pelos => ∅,1,verified_translate,matched_manual_null_rule
a circularem => anos circulando,1,verified_translate,matched_manual_progressive_rule
a cometerem => cometendo,1,verified_translate,matched_manual_progressive_rule
modo => tao brutalizadas que,1,verified_translate,default_translate_fallback
brutalizadas => ∅,1,verified_translate,matched_manual_null_rule
asneiras => besteiras,1,verified_translate,default_translate_fallback
funcionarem => funcionar,1,verified_translate,default_translate_fallback
a distribuir => distribuindo,1,verified_translate,matched_manual_progressive_rule
ele proprio => si mesmo,1,verified_translate,default_translate_fallback
inscreve => insere,1,verified_translate,default_translate_fallback
∅ => partes,1,verified_translate,matched_manual_null_rule
para ai => por volta de,1,verified_translate,default_translate_fallback
da => deu,1,verified_translate,default_translate_fallback
caras => cara,1,verified_translate,default_translate_fallback
∅ => uns,1,verified_translate,matched_manual_null_rule
tentara => tentou,1,verified_translate,default_translate_fallback
como os => ∅,1,verified_translate,matched_manual_null_rule
ao abrigo do => sob o,1,verified_translate,default_translate_fallback
fogos => domicilios,1,verified_translate,default_translate_fallback
neles tendo participado => com a participacao de,1,verified_translate,default_translate_fallback
deixarem => que,1,verified_translate,default_translate_fallback
∅ => deixassem,1,verified_translate,matched_manual_null_rule
concelhia => comissao municipal,1,verified_translate,default_translate_fallback
acautelasse => resguardasse,1,verified_translate,default_translate_fallback
chatices => problemas,1,verified_translate,default_translate_fallback
ficar atras => colocar ao fundo,1,verified_translate,default_translate_fallback
debaixo => sob a sombra,1,verified_translate,default_translate_fallback
de a => da,1,verified_translate,default_translate_fallback
mais pequeno pormenor => menor detalhe,1,verified_translate,default_translate_fallback
carrinha => van,1,verified_translate,default_translate_fallback
primor => capricho,1,verified_translate,default_translate_fallback
originava => ∅,1,verified_translate,matched_manual_null_rule
∅ => gerava,1,verified_translate,matched_manual_null_rule
aleijado a => machucado de,1,verified_translate,default_translate_fallback
teimava => insistia,1,verified_translate,default_translate_fallback
a trabalhar => funcionando,1,verified_translate,matched_manual_progressive_rule
central => usina,1,verified_translate,default_translate_fallback
coloca => apresenta,1,verified_translate,default_translate_fallback
delicada => delicado,1,verified_translate,default_translate_fallback
a partir => para quebrar,1,verified_translate,default_translate_fallback
nuns => em alguns,1,verified_translate,default_translate_fallback
castigado desta => punido dessa,1,verified_translate,default_translate_fallback
tecnologia => tecnologias,1,verified_translate,default_translate_fallback
nas suas de => ao dizer,1,verified_translate,default_translate_fallback
andam as => fazem,1,verified_translate,default_translate_fallback
gozam => desfrutam,1,verified_translate,default_translate_fallback
nessa => naquela,1,verified_translate,default_translate_fallback
promovera => promoveu,1,verified_translate,default_translate_fallback
a estudar se => sendo estudada,1,verified_translate,default_translate_fallback
fechar => encerrar,1,verified_translate,default_translate_fallback
punha => colocava,1,verified_translate,default_translate_fallback
util => habil,1,verified_translate,default_translate_fallback
o do => proximo,1,verified_translate,default_translate_fallback
tempo => epoca,1,verified_translate,default_translate_fallback
num => em um terreno,1,verified_translate,default_translate_fallback
falira => havia falido,1,verified_translate,default_translate_fallback
fazer regressar => trazer de volta,1,verified_translate,default_translate_fallback
a subida => o aumento,1,verified_translate,default_translate_fallback
regalias => beneficios,1,verified_translate,default_translate_fallback
um estudo => uma pesquisa,1,verified_translate,default_translate_fallback
publicado => publicada,1,verified_translate,default_translate_fallback
lhes => a eles,1,verified_translate,default_translate_fallback
regadios => sistemas de irrigacao,1,verified_translate,default_translate_fallback
quer nos => tanto em,1,verified_translate,default_translate_fallback
quer nos => quanto em,1,verified_translate,default_translate_fallback
reduzida => reduzido,1,verified_translate,default_translate_fallback
∅ => deva,1,verified_translate,matched_manual_null_rule
deva => ∅,1,verified_translate,matched_manual_null_rule
ratinhos => camundongos,1,verified_translate,default_translate_fallback
para => como,1,verified_translate,default_translate_fallback
quer => querendo,1,verified_translate,default_translate_fallback
finais => o final,1,verified_translate,default_translate_fallback
crentes => fieis,1,verified_translate,default_translate_fallback
hao de faltar => faltarao,1,verified_translate,default_translate_fallback
colocar de fora => descartar,1,verified_translate,default_translate_fallback
nesta altura => nesse momento,1,verified_translate,default_translate_fallback
tratou => tratava,1,verified_translate,default_translate_fallback
rixa => briga,1,verified_translate,default_translate_fallback
anti governamentais => antigovernamentais,1,verified_translate,default_translate_fallback
assumido => empossado,1,verified_translate,default_translate_fallback
prestacao => atuacao,1,verified_translate,default_translate_fallback
na mira => como alvo,1,verified_translate,default_translate_fallback
objectivo atingir => objetivo criticar,1,verified_translate,default_translate_fallback
reaccao que fosse => reacao,1,verified_translate,default_translate_fallback
anda => esta,1,verified_translate,default_translate_fallback
por => a,1,verified_translate,default_translate_fallback
esta convidada gente => estao convidados representantes,1,verified_translate,default_translate_fallback
pedido => solicitado,1,verified_translate,default_translate_fallback
videodepoimento => video depoimento,1,verified_translate,default_translate_fallback
transmitida => feita,1,verified_translate,default_translate_fallback
na => no primeiro dia da temporada de caca,1,verified_translate,default_translate_fallback
saldou se => resultou,1,verified_translate,default_translate_fallback
tiveram => precisaram,1,verified_translate,default_translate_fallback
receber tratamento => atendimento,1,verified_translate,default_translate_fallback
assistidos => atendidos,1,verified_translate,default_translate_fallback
com tiros => causados por disparos,1,verified_translate,default_translate_fallback
laboriosas => trabalhadoras,1,verified_translate,default_translate_fallback
nesta accao => nessa acao,1,verified_translate,default_translate_fallback
fazendo edificar => construindo,1,verified_translate,default_translate_fallback
desafogo => conforto,1,verified_translate,default_translate_fallback
alojamento ao seu pessoal => moradia aos seus funcionarios,1,verified_translate,default_translate_fallback
ligavam => vinculavam,1,verified_translate,default_translate_fallback
junto das => proximas as,1,verified_translate,default_translate_fallback
de oitocentos => do seculo xix,1,verified_translate,default_translate_fallback
ligeira => popular,1,verified_translate,default_translate_fallback
discografica => fonografica,1,verified_translate,default_translate_fallback
erro => me engano,1,verified_translate,default_translate_fallback
a meia => em,1,verified_translate,default_translate_fallback
∅ => baixa,1,verified_translate,matched_manual_null_rule
civil => paisana,1,verified_translate,default_translate_fallback
dissuadora => dissuasiva,1,verified_translate,default_translate_fallback
∅ => anunciado,1,verified_translate,matched_manual_null_rule
anunciado => ∅,1,verified_translate,matched_manual_null_rule
referida => mencionada,1,verified_translate,default_translate_fallback
a cujos trabalhos preside => do qual e presidente,1,verified_translate,default_translate_fallback
sublinhou => destacou,1,verified_translate,matched_gpt_span
desde ha => nos ultimos,1,verified_translate,default_translate_fallback
registou um => registrou o,1,verified_translate,default_translate_fallback
a sua performance economica => seu desempenho economico,1,verified_translate,default_translate_fallback
giras => legais,1,verified_translate,default_translate_fallback
baralhada => confusa,1,verified_translate,default_translate_fallback
facto => fato de,1,verified_translate,default_translate_fallback
mese => mes,1,verified_translate,default_translate_fallback
ao facto => do fato,1,verified_translate,default_translate_fallback
defice avultado => deficit elevado,1,verified_translate,default_translate_fallback
a assinar => assinando,1,verified_translate,matched_manual_progressive_rule
percebido => entendido,1,verified_translate,default_translate_fallback
havera => ha,1,verified_translate,default_translate_fallback
em belem => no palacio da alvorada,1,verified_translate,default_translate_fallback
aquando dos => nos,1,verified_translate,default_translate_fallback
a mesma hora => no mesmo horario,1,verified_translate,default_translate_fallback
realizar se a => sera realizada,1,verified_translate,default_translate_fallback
arquitectonicamente ma => arquitetonicamente ruim,1,verified_translate,default_translate_fallback
∅ => tambem se,1,verified_translate,matched_manual_null_rule
se igualmente => ∅,1,verified_translate,matched_manual_null_rule
mostra se modifica => exposicao,1,verified_translate,default_translate_fallback
∅ => for modificado,1,verified_translate,matched_manual_null_rule
ser => se tornar,1,verified_translate,default_translate_fallback
ser esta => se tratar,1,verified_translate,default_translate_fallback
efectuada se => efetuada,1,verified_translate,default_translate_fallback
retirar => ser retirada,1,verified_translate,default_translate_fallback
instante => momento,1,verified_translate,default_translate_fallback
a hora => no momento,1,verified_translate,default_translate_fallback
produziu => causou,1,verified_translate,default_translate_fallback
electricidade => energia eletrica,1,verified_translate,default_translate_fallback
povoacao => localidade,1,verified_translate,default_translate_fallback
e a de => ∅,1,verified_translate,matched_manual_null_rule
obriga => exige,1,verified_translate,default_translate_fallback
porque nao reuniu => por que,1,verified_translate,default_translate_fallback
∅ => nao se reuniu,1,verified_translate,matched_manual_null_rule
na facturacao => no faturamento,1,verified_translate,default_translate_fallback
a volta => em torno,1,verified_translate,default_translate_fallback
o pendor => a inclinacao,1,verified_translate,default_translate_fallback
nortenho => do norte,1,verified_translate,default_translate_fallback
bateu contra o => opos ao,1,verified_translate,default_translate_fallback
praceta => pracinha,1,verified_translate,default_translate_fallback
em que => onde,1,verified_translate,default_translate_fallback
ser acompanhados medicamente => receber acompanhamento medico,1,verified_translate,default_translate_fallback
bastonario => presidente,1,verified_translate,default_translate_fallback
e desta forma => ∅,1,verified_translate,matched_manual_null_rule
esfaimados => famintos,1,verified_translate,default_translate_fallback
carecidos => necessitados,1,verified_translate,default_translate_fallback
mao dada => maos dadas,1,verified_translate,default_translate_fallback
e de => em,1,verified_translate,default_translate_fallback
na pratica => pratico e que,1,verified_translate,default_translate_fallback
public0 => publico,1,verified_translate,default_translate_fallback
agro alimentar => agroalimentar,1,verified_translate,default_translate_fallback
alias => assim,1,verified_translate,default_translate_fallback
processado => ocorrido,1,verified_translate,default_translate_fallback
baixa => queda,1,verified_translate,default_translate_fallback
anotam => registram,1,verified_translate,default_translate_fallback
consumos => consumo,1,verified_translate,default_translate_fallback
mas => das,1,verified_translate,default_translate_fallback
se nao => senao,1,verified_translate,default_translate_fallback
efectuar => ser efetuadas,1,verified_translate,default_translate_fallback
secundario => coadjuvante,1,verified_translate,default_translate_fallback
para o => de,1,verified_translate,default_translate_fallback
nomeado => indicado,1,verified_translate,default_translate_fallback
∅ => ao,1,verified_translate,matched_manual_null_rule
vao ser => serao,1,verified_translate,default_translate_fallback
passar => acontecer,1,verified_translate,default_translate_fallback
esta seleccao => essa selecao,1,verified_translate,default_translate_fallback
concerto => show,1,verified_translate,matched_gpt_span
realizadora => diretora,1,verified_translate,default_translate_fallback
terem proibido => proibirem,1,verified_translate,default_translate_fallback
coloca => cogita ate,1,verified_translate,default_translate_fallback
actuar => se apresentar,1,verified_translate,default_translate_fallback
actuou => se apresentou,1,verified_translate,default_translate_fallback
concerto da => show de,1,verified_translate,default_translate_fallback
rabo => bumbum,1,verified_translate,default_translate_fallback
o actores => os atores se,1,verified_translate,default_translate_fallback
julgam => acham,1,verified_translate,default_translate_fallback
∅ => parecer,1,verified_translate,matched_manual_null_rule
parece terem => parecem ter,1,verified_translate,default_translate_fallback
por lancar foguetoes ligeiros => lancando foguetes leves,1,verified_translate,default_translate_fallback
intervenientes => participantes,1,verified_translate,default_translate_fallback
conferencias => coletivas,1,verified_translate,default_translate_fallback
apinhadas => amontoadas,1,verified_translate,default_translate_fallback
mini => micro,1,verified_translate,default_translate_fallback
ao => sob o,1,verified_translate,default_translate_fallback
a sua cara => seu rosto,1,verified_translate,default_translate_fallback
poupar => economizar,1,verified_translate,matched_gpt_span
factura energetica => conta de energia,1,verified_translate,default_translate_fallback
jeito => tom,1,verified_translate,default_translate_fallback
vai crescendo => cresce,1,verified_translate,default_translate_fallback
potencia => potencializa,1,verified_translate,default_translate_fallback
frigorifico => refrigerador,1,verified_translate,default_translate_fallback
factura da => conta de,1,verified_translate,default_translate_fallback
baixar => diminuir,1,verified_translate,default_translate_fallback
regressado => de volta,1,verified_translate,default_translate_fallback
manhazinha => manha,1,verified_translate,default_translate_fallback
se apear => descer da bicicleta,1,verified_translate,default_translate_fallback
∅ => agua,1,verified_translate,matched_manual_null_rule
para a => ∅,1,verified_translate,matched_manual_null_rule
uns tempos => algum tempo,1,verified_translate,default_translate_fallback
banco do hospital => pronto socorro,1,verified_translate,default_translate_fallback
tratamento => atendimento,1,verified_translate,default_translate_fallback
cortado => interrompido,1,verified_translate,default_translate_fallback
na baixa => no centro,1,verified_translate,default_translate_fallback
quer na baixa lisboeta => quanto no centro de lisboa,1,verified_translate,default_translate_fallback
dirigiu => enviou,1,verified_translate,default_translate_fallback
pequeno almoco => cafe da manha,1,verified_translate,matched_gpt_span
uma volta => um passeio,1,verified_translate,default_translate_fallback
um grande passeio a pe => uma longa caminhada,1,verified_translate,default_translate_fallback
face a este => diante disso,1,verified_translate,default_translate_fallback
∅ => depois,1,verified_translate,matched_manual_null_rule
daquela => dessa,1,verified_translate,default_translate_fallback
andou => insistiu,1,verified_translate,default_translate_fallback
haveria de dar => daria,1,verified_translate,default_translate_fallback
projecto numa => projeto em uma,1,verified_translate,default_translate_fallback
respondesse => atendesse,1,verified_translate,default_translate_fallback
desligada => desconectada,1,verified_translate,default_translate_fallback
vem sendo => e,1,verified_translate,default_translate_fallback
por causa das => pelas,1,verified_translate,default_translate_fallback
combustagem => combustao,1,verified_translate,default_translate_fallback
quer => que,1,verified_translate,default_translate_fallback
pelouro => setor,1,verified_translate,default_translate_fallback
os transportes => o transporte,1,verified_translate,default_translate_fallback
beneficiacao => melhoria,1,verified_translate,default_translate_fallback
domiciliario => domiciliar,1,verified_translate,default_translate_fallback
nalguns concelhos => em alguns municipios,1,verified_translate,default_translate_fallback
secundario => secundaria,1,verified_translate,default_translate_fallback
kms => km,1,verified_translate,default_translate_fallback
oposicionistas => opositoras,1,verified_translate,default_translate_fallback
muito desassombro => muita coragem,1,verified_translate,default_translate_fallback
suscitar => incentivar,1,verified_translate,default_translate_fallback
rodeavam => cercavam,1,verified_translate,default_translate_fallback
escorregadios => delicados,1,verified_translate,default_translate_fallback
subidas => altas,1,verified_translate,default_translate_fallback
postas => colocadas,1,verified_translate,default_translate_fallback
∅ => vinham,1,verified_translate,matched_manual_null_rule
vinham => ∅,1,verified_translate,matched_manual_null_rule
de folclore => folclorica,1,verified_translate,default_translate_fallback
constituido => formado,1,verified_translate,default_translate_fallback
compreendidas => ∅,1,verified_translate,matched_manual_null_rule
os catorze => quatorze,1,verified_translate,default_translate_fallback
apresentam => apresenta,1,verified_translate,default_translate_fallback
pensamos => achamos,1,verified_translate,default_translate_fallback
contavam se => estavam,1,verified_translate,default_translate_fallback
gente ligada => pessoas ligadas,1,verified_translate,default_translate_fallback
ver => veja,1,verified_translate,default_translate_fallback
vinha => havia,1,verified_translate,default_translate_fallback
as horas => os horarios,1,verified_translate,default_translate_fallback
deposito => tanque,1,verified_translate,default_translate_fallback
carburante => combustivel,1,verified_translate,default_translate_fallback
isto requere => isso requer,1,verified_translate,default_translate_fallback
um avanco => uma vantagem,1,verified_translate,default_translate_fallback
o comando => a lideranca,1,verified_translate,default_translate_fallback
∅ => isso pra,1,verified_translate,matched_manual_null_rule
tinha => estava,1,verified_translate,default_translate_fallback
estendeu as => esticou,1,verified_translate,default_translate_fallback
pela => demais com,1,verified_translate,default_translate_fallback
escaparate => vitrine,1,verified_translate,default_translate_fallback
sobre o => no,1,verified_translate,default_translate_fallback
respeitante => correspondente,1,verified_translate,default_translate_fallback
albufeira => represa,1,verified_translate,default_translate_fallback
trajavam => estavam trajadas,1,verified_translate,default_translate_fallback
da esquadra => do esquadrao,1,verified_translate,default_translate_fallback
crescendo de => crescimento do,1,verified_translate,default_translate_fallback
aviscondalhada => abastada,1,verified_translate,default_translate_fallback
fidalguia e os => nobreza,1,verified_translate,default_translate_fallback
extra matrimonial => extraconjugal,1,verified_translate,default_translate_fallback
o grosso da => a maioria,1,verified_translate,default_translate_fallback
pelas bercas esfocinhava na inimputabilidade civica => vivia no interior alheia a cidadania,1,verified_translate,default_translate_fallback
sem => ∅,1,verified_translate,matched_manual_null_rule
mantido afastado => mantida afastada,1,verified_translate,default_translate_fallback
alarga se de facto => ∅,1,verified_translate,matched_manual_null_rule
∅ => de fato se ampliou,1,verified_translate,matched_manual_null_rule
acrescente => acrescenta,1,verified_translate,default_translate_fallback
estreiteza => rigidez,1,verified_translate,default_translate_fallback
eco da => reflita a,1,verified_translate,default_translate_fallback
apareca => ∅,1,verified_translate,matched_manual_null_rule
∅ => apareca,1,verified_translate,matched_manual_null_rule
ira por certo ser afectada => sera certamente afetada,1,verified_translate,default_translate_fallback
aguarda => espera,1,verified_translate,default_translate_fallback
procurando antecipar se => antecipando,1,verified_translate,default_translate_fallback
fidedignas => confiaveis,1,verified_translate,default_translate_fallback
confessara => havia confessado,1,verified_translate,default_translate_fallback
habitam => moram,1,verified_translate,default_translate_fallback
tornara => ∅,1,verified_translate,matched_manual_null_rule
∅ => havia tornado,1,verified_translate,matched_manual_null_rule
de nome => chamado,1,verified_translate,default_translate_fallback
prestadas => fornecidas,1,verified_translate,default_translate_fallback
os alertar => alerta los,1,verified_translate,default_translate_fallback
ter => havia,1,verified_translate,default_translate_fallback
∅ => finalmente,1,verified_translate,matched_manual_null_rule
finalmente ganhar aos => vencer os,1,verified_translate,default_translate_fallback
com os => contra,1,verified_translate,default_translate_fallback
bateram => derrotaram,1,verified_translate,default_translate_fallback
um triunfo numa => uma vitoria em uma,1,verified_translate,default_translate_fallback
o cesto => a cesta,1,verified_translate,default_translate_fallback
a cair => sendo marcada,1,verified_translate,default_translate_fallback
lancado => ∅,1,verified_translate,matched_manual_null_rule
lancar => arremessar,1,verified_translate,default_translate_fallback
concretizou => converteu,1,verified_translate,default_translate_fallback
este triunfo => essa vitoria,1,verified_translate,default_translate_fallback
o quinto consecutivo => a quinta consecutiva,1,verified_translate,default_translate_fallback
play off => playoffs,1,verified_translate,default_translate_fallback
no => com o,1,verified_translate,default_translate_fallback
numa => por uma,1,verified_translate,default_translate_fallback
barracas tera => barracos teria,1,verified_translate,default_translate_fallback
violaram => estupraram,1,verified_translate,default_translate_fallback
despojaram do => roubaram o,1,verified_translate,default_translate_fallback
actuacao => apresentacao,1,verified_translate,default_translate_fallback
bilhetes para o => ingressos pelo,1,verified_translate,default_translate_fallback
a segunda parte do anuncio de => ∅,1,verified_translate,matched_manual_null_rule
todos os => a cada,1,verified_translate,default_translate_fallback
lowel => lowell,1,verified_translate,default_translate_fallback
∅ => evidente,1,verified_translate,matched_manual_null_rule
evidente => ∅,1,verified_translate,matched_manual_null_rule
o tratou a => foi tratado por,1,verified_translate,default_translate_fallback
ao => pelo,1,verified_translate,default_translate_fallback
assinala => marca,1,verified_translate,default_translate_fallback
junto da => proximo a,1,verified_translate,default_translate_fallback
da crianca => as criancas,1,verified_translate,default_translate_fallback
enforma => molda,1,verified_translate,default_translate_fallback
banda => trilha,1,verified_translate,matched_gpt_span
nas suas sete quintas => em sua zona de conforto,1,verified_translate,default_translate_fallback
bd => hq,1,verified_translate,default_translate_fallback
da freguesia => do bairro,1,verified_translate,default_translate_fallback
na freguesia de => no bairro,1,verified_translate,default_translate_fallback
desdenhou => descartou,1,verified_translate,default_translate_fallback
puzzle => quebra cabeca,1,verified_translate,default_translate_fallback
poiso => ponto,1,verified_translate,default_translate_fallback
edilidade portuense => prefeitura do porto,1,verified_translate,default_translate_fallback
seguido => acompanhado,1,verified_translate,default_translate_fallback
causa => jogo,1,verified_translate,default_translate_fallback
estreita => estreito,1,verified_translate,default_translate_fallback
la => lo,1,verified_translate,default_translate_fallback
putos => jovens,1,verified_translate,default_translate_fallback
emissoes => transmissoes,1,verified_translate,default_translate_fallback
deslocacao => ida,1,verified_translate,default_translate_fallback
recinto => ginasio,1,verified_translate,default_translate_fallback
aos => o,1,verified_translate,default_translate_fallback
turma => equipe,1,verified_translate,default_translate_fallback
apoderou se => assumiu,1,verified_translate,default_translate_fallback
das redeas do encontro => o controle da partida,1,verified_translate,default_translate_fallback
em e => ∅,1,verified_translate,matched_manual_null_rule
sido => recebido,1,verified_translate,default_translate_fallback
ceder => cederem,1,verified_translate,default_translate_fallback
a marcha => ao andamento,1,verified_translate,default_translate_fallback
sentiu => viu,1,verified_translate,default_translate_fallback
render tudo quanto sabe => dar o melhor de si,1,verified_translate,default_translate_fallback
frente => contra,1,verified_translate,default_translate_fallback
replica => resistencia,1,verified_translate,default_translate_fallback
tentos => gols,1,verified_translate,default_translate_fallback
ajudas => ajuda,1,verified_translate,default_translate_fallback
a intentona => o golpe,1,verified_translate,default_translate_fallback
concursos => editais,1,verified_translate,default_translate_fallback
todo => off,1,verified_translate,default_translate_fallback
o terreno => road,1,verified_translate,default_translate_fallback
de leste => oriental,1,verified_translate,default_translate_fallback
∅ => a ampliacao para,1,verified_translate,matched_manual_null_rule
alargamento para => ∅,1,verified_translate,matched_manual_null_rule
melindrosa => delicada,1,verified_translate,default_translate_fallback
conseguido => alcancado,1,verified_translate,default_translate_fallback
vendo aproximar se => ao ver,1,verified_translate,default_translate_fallback
∅ => se aproximar,1,verified_translate,matched_manual_null_rule
despejou => jogou,1,verified_translate,default_translate_fallback
accao d => acao de,1,verified_translate,default_translate_fallback
anda pela => esta na,1,verified_translate,default_translate_fallback
a progredir em => progredindo na,1,verified_translate,default_translate_fallback
saberem => saber,1,verified_translate,default_translate_fallback
fecho => encerramento,1,verified_translate,default_translate_fallback
acorrem => comparecem,1,verified_translate,default_translate_fallback
regressem => retornem,1,verified_translate,default_translate_fallback
provenientes => vindos,1,verified_translate,default_translate_fallback
vedado a => proibido para,1,verified_translate,default_translate_fallback
taca federacao => fed cup,1,verified_translate,default_translate_fallback
∅ => perdeu,1,verified_translate,matched_manual_null_rule
serie => chave,1,verified_translate,default_translate_fallback
atemorizacao => intimidacao,1,verified_translate,default_translate_fallback
horto fruticolas => hortifrutigranjeiros,1,verified_translate,default_translate_fallback
vir a => ∅,1,verified_translate,matched_manual_null_rule
viria a => ∅,1,verified_translate,matched_manual_null_rule
confirmar => confirmou,1,verified_translate,default_translate_fallback
irao aparecer => aparecerao,1,verified_translate,default_translate_fallback
sectores dos frutos preparados => setores de frutas processadas,1,verified_translate,default_translate_fallback
desistira => havia desistido,1,verified_translate,default_translate_fallback
caracois => cachos,1,verified_translate,default_translate_fallback
a mesma hora uns tempos => no mesmo horario um tempo,1,verified_translate,default_translate_fallback
a hora => o horario,1,verified_translate,default_translate_fallback
engalanadas => enfeitadas,1,verified_translate,default_translate_fallback
num espectaculo => em um espetaculo,1,verified_translate,default_translate_fallback
a le => lendo,1,verified_translate,matched_manual_progressive_rule
repara => nota,1,verified_translate,default_translate_fallback
a encerrar => encerrando,1,verified_translate,matched_manual_progressive_rule
esfuziante => efusiva,1,verified_translate,default_translate_fallback
fito exacto => objetivo exato,1,verified_translate,default_translate_fallback
inabituais => incomuns,1,verified_translate,default_translate_fallback
supreendido => surpreso,1,verified_translate,default_translate_fallback
do lugar => da vaga,1,verified_translate,default_translate_fallback
desastre => acidente,1,verified_translate,default_translate_fallback
sanguinea => de sangue,1,verified_translate,default_translate_fallback
ir => indo,1,verified_translate,default_translate_fallback
da autorizacao ao => autoriza o,1,verified_translate,default_translate_fallback
para que => a realizar,1,verified_translate,default_translate_fallback
se faca => ∅,1,verified_translate,matched_manual_null_rule
decalcam => copiam,1,verified_translate,default_translate_fallback
dos => de seus,1,verified_translate,default_translate_fallback
os ouvir => ouvi los,1,verified_translate,default_translate_fallback
estes projectos => esses projetos,1,verified_translate,default_translate_fallback
∅ => concluiu,1,verified_translate,matched_manual_null_rule
concluiu => ∅,1,verified_translate,matched_manual_null_rule
realojar => serem reassentadas,1,verified_translate,default_translate_fallback
levantou contra si => enfrentou,1,verified_translate,default_translate_fallback
esta => isso,1,verified_translate,default_translate_fallback
se efectuar => realizar,1,verified_translate,default_translate_fallback
levar a efeito => realizar,1,verified_translate,default_translate_fallback
extra concurso => fora de competicao,1,verified_translate,default_translate_fallback
passada => ultima,1,verified_translate,default_translate_fallback
resto => restante,1,verified_translate,matched_gpt_span
retrocedeu => recuou,1,verified_translate,default_translate_fallback
a desagradar => desagradando,1,verified_translate,matched_manual_progressive_rule
a instalar => instalando,1,verified_translate,matched_manual_progressive_rule
daqueles => desses,1,verified_translate,default_translate_fallback
ficar => ser,1,verified_translate,default_translate_fallback
abranger => ser abrangida,1,verified_translate,default_translate_fallback
arranque para => inicio de,1,verified_translate,default_translate_fallback
levou a cabo => realizou,1,verified_translate,default_translate_fallback
sagramo => sagramos,1,verified_translate,default_translate_fallback
leva a cena => apresenta,1,verified_translate,default_translate_fallback
patente => em exibicao,1,verified_translate,default_translate_fallback
∅ => aparentemente,1,verified_translate,matched_manual_null_rule
aparentemente => ∅,1,verified_translate,matched_manual_null_rule
produzir => ser produzidos,1,verified_translate,default_translate_fallback
comercializar => comercializados,1,verified_translate,default_translate_fallback
∅ => qualidade,1,verified_translate,matched_manual_null_rule
qualidade => ∅,1,verified_translate,matched_manual_null_rule
acentua => acentuam,1,verified_translate,default_translate_fallback
todas as => a cada,1,verified_translate,default_translate_fallback
pedira => havia pedido,1,verified_translate,default_translate_fallback
falados => comentados,1,verified_translate,default_translate_fallback
o substituir => substitui lo,1,verified_translate,default_translate_fallback
corrida de toiros => tourada,1,verified_translate,default_translate_fallback
acrescentam => somam,1,verified_translate,default_translate_fallback
da se => ocorre,1,verified_translate,default_translate_fallback
primeira => principal,1,verified_translate,default_translate_fallback
alcatrao => asfalto,1,verified_translate,default_translate_fallback
alcatroar => asfaltar,1,verified_translate,default_translate_fallback
demos cabo => perturbavamos a cabeca,1,verified_translate,default_translate_fallback
cabeca a camara => prefeitura,1,verified_translate,default_translate_fallback
ca viessem => viriam ate aqui,1,verified_translate,default_translate_fallback
∅ => contado,1,verified_translate,matched_manual_null_rule
contado => ∅,1,verified_translate,matched_manual_null_rule
lavarem => limpar,1,verified_translate,default_translate_fallback
cara => imagem,1,verified_translate,default_translate_fallback
a preparar => sendo preparada,1,verified_translate,default_translate_fallback
ligeireza => negligencia,1,verified_translate,default_translate_fallback
obedecera => obedeceu,1,verified_translate,default_translate_fallback
deitando a mao => utilizando,1,verified_translate,default_translate_fallback
ao rubro => de tensao,1,verified_translate,default_translate_fallback
numa altura => num momento,1,verified_translate,default_translate_fallback
para a => pela,1,verified_translate,default_translate_fallback
ficasse => ficaria,1,verified_translate,default_translate_fallback
indo => enquanto,1,verified_translate,default_translate_fallback
∅ => iriam,1,verified_translate,matched_manual_null_rule
rockets => foguetes,1,verified_translate,default_translate_fallback
centro => cruzamento,1,verified_translate,default_translate_fallback
electrico => bonde,1,verified_translate,default_translate_fallback
electricos => bondes,1,verified_translate,default_translate_fallback
tem inicio => comecam,1,verified_translate,default_translate_fallback
proteccao anti => protecao contra,1,verified_translate,default_translate_fallback
lacunas => falhas,1,verified_translate,default_translate_fallback
a preocupar elementos => preocupando membros,1,verified_translate,default_translate_fallback
ontem => ∅,1,verified_translate,matched_manual_null_rule
∅ => ontem,1,verified_translate,matched_manual_null_rule
faz => fazem,1,verified_translate,default_translate_fallback
em directo => ao vivo,1,verified_translate,default_translate_fallback
sobrados => assoalhos,1,verified_translate,default_translate_fallback
staline => stalin,1,verified_translate,default_translate_fallback
esta a tornar => tornando,1,verified_translate,default_translate_fallback
apetecida => cobicada,1,verified_translate,default_translate_fallback
serviu => ∅,1,verified_translate,matched_manual_null_rule
∅ => utilizou,1,verified_translate,matched_manual_null_rule
mesmo espectaculos => ate espetaculos,1,verified_translate,default_translate_fallback
nas a => se pela,1,verified_translate,default_translate_fallback
o => pelo,1,verified_translate,default_translate_fallback
olhada => vista,1,verified_translate,default_translate_fallback
banhos => ferias,1,verified_translate,default_translate_fallback
ao pe => perto,1,verified_translate,default_translate_fallback
marinhagem => tripulacao,1,verified_translate,default_translate_fallback
banda desenhada => historias em quadrinhos,1,verified_translate,default_translate_fallback
contava => tinha,1,verified_translate,default_translate_fallback
banda desenhada => historia em quadrinhos,1,verified_translate,default_translate_fallback
assentada => so vez,1,verified_translate,default_translate_fallback
um desempregado => desempregados,1,verified_translate,default_translate_fallback
estupefaciente => entorpecente,1,verified_translate,default_translate_fallback
∅ => s pedro da cova,1,verified_translate,matched_manual_null_rule
∅ => possuem,1,verified_translate,matched_manual_null_rule
deste organanismo => desse organismo,1,verified_translate,default_translate_fallback
traduzir => ∅,1,verified_translate,matched_manual_null_rule
ia => traduziria,1,verified_translate,default_translate_fallback
comparticipacao => contrapartida,1,verified_translate,default_translate_fallback
apoiar => serem apoiados,1,verified_translate,default_translate_fallback
face aos => conforme os,1,verified_translate,default_translate_fallback
se encontram => ∅,1,verified_translate,matched_manual_null_rule
preocupa => preocupam,1,verified_translate,default_translate_fallback
os => se com,1,verified_translate,default_translate_fallback
para => que vai,1,verified_translate,default_translate_fallback
meter => ∅,1,verified_translate,matched_manual_null_rule
as => aventurar pelas,1,verified_translate,default_translate_fallback
∅ => quais,1,verified_translate,matched_manual_null_rule
viaturas => veiculos,1,verified_translate,default_translate_fallback
batidos => derrotados,1,verified_translate,default_translate_fallback
a aumentar => ampliando,1,verified_translate,matched_manual_progressive_rule
reduziu => diminuiu,1,verified_translate,default_translate_fallback
deste => dessa,1,verified_translate,default_translate_fallback
nauseabundo => nauseante,1,verified_translate,default_translate_fallback
panificadora => padaria,1,verified_translate,default_translate_fallback
laboracao => trabalho,1,verified_translate,default_translate_fallback
as duas vias => os dois caminhos,1,verified_translate,default_translate_fallback
paragem => pausa,1,verified_translate,default_translate_fallback
se => ja,1,verified_translate,default_translate_fallback
ja a levantar => sendo levantada,1,verified_translate,default_translate_fallback
actuado => agido,1,verified_translate,default_translate_fallback
acusado => acusada,1,verified_translate,default_translate_fallback
logrou por se em fuga => conseguiu fugir,1,verified_translate,default_translate_fallback
os regar => irriga los,1,verified_translate,default_translate_fallback
por isso => portanto,1,verified_translate,default_translate_fallback
se bafejado => agraciado,1,verified_translate,default_translate_fallback
catadupa => enxurrada,1,verified_translate,default_translate_fallback
fazer marcha a tras => tambem retroceder,1,verified_translate,default_translate_fallback
a juntar => ∅,1,verified_translate,matched_manual_null_rule
∅ => somando,1,verified_translate,matched_manual_null_rule
a perder atractivos => perdendo atratividade,1,verified_translate,default_translate_fallback
aquando do => durante o,1,verified_translate,default_translate_fallback
coibiu => furtou,1,verified_translate,default_translate_fallback
aborrecido => entediar,1,verified_translate,default_translate_fallback
esta a irritar => estao irritando,1,verified_translate,default_translate_fallback
prescindir => abrir mao,1,verified_translate,default_translate_fallback
duro => rigoroso,1,verified_translate,default_translate_fallback
perder lhe iam => perderiam,1,verified_translate,default_translate_fallback
∅ => por ele,1,verified_translate,matched_manual_null_rule
a rubrica => o quadro,1,verified_translate,default_translate_fallback
remata => conclui,1,verified_translate,default_translate_fallback
tenha lugar => ocorra,1,verified_translate,default_translate_fallback
galardoados => premiados,1,verified_translate,default_translate_fallback
em baixo => abaixo,1,verified_translate,default_translate_fallback
se => que,1,verified_translate,default_translate_fallback
assinalar => destacar,1,verified_translate,default_translate_fallback
∅ => cinema,1,verified_translate,matched_manual_null_rule
aplicar => serem aplicadas,1,verified_translate,default_translate_fallback
apuramento => classificacao,1,verified_translate,default_translate_fallback
frente aos => contra os,1,verified_translate,default_translate_fallback
∅ => quatro a,1,verified_translate,matched_manual_null_rule
quatro do => ∅,1,verified_translate,matched_manual_null_rule
refira se => vale mencionar,1,verified_translate,default_translate_fallback
montra => vitrine,1,verified_translate,default_translate_fallback
futebolistas => jogadores,1,verified_translate,default_translate_fallback
abandonar => deixar,1,verified_translate,default_translate_fallback
esta acenar => acena,1,verified_translate,default_translate_fallback
o que => ∅,1,verified_translate,matched_manual_null_rule
recolha selectiva => coleta seletiva,1,verified_translate,default_translate_fallback
comeco => inicio,1,verified_translate,default_translate_fallback
tal => isso se,1,verified_translate,default_translate_fallback
a subir => subindo,1,verified_translate,matched_manual_progressive_rule
tomada => realizacao,1,verified_translate,default_translate_fallback
mais valias => lucros,1,verified_translate,default_translate_fallback
suportada => sustentada,1,verified_translate,default_translate_fallback
averbou => registrou,1,verified_translate,default_translate_fallback
sobre => atras de,1,verified_translate,default_translate_fallback
deram => ∅,1,verified_translate,matched_manual_null_rule
um => deu uma,1,verified_translate,default_translate_fallback
subvencionadas => subsidiadas,1,verified_translate,default_translate_fallback
alarga => estende,1,verified_translate,default_translate_fallback
registada esta => registrada essa,1,verified_translate,default_translate_fallback
posta a nu => revelada,1,verified_translate,default_translate_fallback
perdera => havia perdido,1,verified_translate,default_translate_fallback
recenseamentos => censos,1,verified_translate,default_translate_fallback
multiplicado => multiplicada,1,verified_translate,default_translate_fallback
protestante => protestantes,1,verified_translate,default_translate_fallback
reparo => objecao,1,verified_translate,default_translate_fallback
fez saber => informou,1,verified_translate,default_translate_fallback
transferir se => ser transferidos,1,verified_translate,default_translate_fallback
ultrapassar => contornar,1,verified_translate,default_translate_fallback
abrindo => abrir,1,verified_translate,default_translate_fallback
de => do dia,1,verified_translate,default_translate_fallback
ressaltadores => reboteiros,1,verified_translate,default_translate_fallback
poste => pivo,1,verified_translate,default_translate_fallback
niponicos => japoneses,1,verified_translate,default_translate_fallback
depreciacao => desvalorizacao,1,verified_translate,default_translate_fallback
facilporque => facil porque,1,verified_translate,default_translate_fallback
fazer => ∅,1,verified_translate,matched_manual_null_rule
das sua => de suas,1,verified_translate,default_translate_fallback
sejam => ∅,1,verified_translate,matched_manual_null_rule
finalmente => por fim,1,verified_translate,default_translate_fallback
se fez => foi feito,1,verified_translate,default_translate_fallback
reuter => reuters,1,verified_translate,default_translate_fallback
sitio => ∅,1,verified_translate,matched_manual_null_rule
feito => cometido,1,verified_translate,default_translate_fallback
contra ofensiva => contraofensiva,1,verified_translate,default_translate_fallback
i => primeira,1,verified_translate,default_translate_fallback
do achado => da descoberta,1,verified_translate,default_translate_fallback
se bem => ainda,1,verified_translate,default_translate_fallback
alterou se => mudou,1,verified_translate,default_translate_fallback
a partida => de inicio,1,verified_translate,default_translate_fallback
se provam => quem prova,1,verified_translate,default_translate_fallback
se => ou,1,verified_translate,default_translate_fallback
∅ => uma inauguracao,1,verified_translate,matched_manual_null_rule
inauguracao => ∅,1,verified_translate,matched_manual_null_rule
3a => terca,1,verified_translate,default_translate_fallback
se fica => para,1,verified_translate,default_translate_fallback
∅ => o dia,1,verified_translate,matched_manual_null_rule
ensinou noutras => lecionou em outras,1,verified_translate,default_translate_fallback
a rever => revisando,1,verified_translate,matched_manual_progressive_rule
perante => para,1,verified_translate,default_translate_fallback
a belem => ao palacio do planalto,1,verified_translate,default_translate_fallback
do seu staff => de sua equipe,1,verified_translate,default_translate_fallback
comparticipacao => compensacao,1,verified_translate,default_translate_fallback
quebra da => queda na,1,verified_translate,default_translate_fallback
camararia => da camara,1,verified_translate,default_translate_fallback
a decorrer => decorrendo,1,verified_translate,matched_manual_progressive_rule
camarario => da camara,1,verified_translate,default_translate_fallback
se encontrava a repousar => estava descansando,1,verified_translate,default_translate_fallback
tomada => ∅,1,verified_translate,matched_manual_null_rule
∅ => tenta,1,verified_translate,matched_manual_null_rule
na ocorrencia => no caso,1,verified_translate,default_translate_fallback
a entrevistar => entrevistando,1,verified_translate,matched_manual_progressive_rule
restantes elementos => demais integrantes,1,verified_translate,default_translate_fallback
originais => ineditas,1,verified_translate,default_translate_fallback
a morgue => o necroterio,1,verified_translate,default_translate_fallback
trucidado => atropelado,1,verified_translate,default_translate_fallback
∅ => ainda se,1,verified_translate,matched_manual_null_rule
se ainda => ∅,1,verified_translate,matched_manual_null_rule
se realizarem => realizar,1,verified_translate,default_translate_fallback
mesmo => ainda,1,verified_translate,default_translate_fallback
os encontrar => encontra los,1,verified_translate,default_translate_fallback
tipo => sujeito,1,verified_translate,default_translate_fallback
prospecto => folheto,1,verified_translate,default_translate_fallback
apreciados => analisados,1,verified_translate,default_translate_fallback
prospectos => folhetos,1,verified_translate,default_translate_fallback
standardizada => padronizada,1,verified_translate,default_translate_fallback
fecunda => fertil,1,verified_translate,default_translate_fallback
ligeiros => veiculos,1,verified_translate,default_translate_fallback
pesado => caminhao,1,verified_translate,default_translate_fallback
mercadorias => carga,1,verified_translate,default_translate_fallback
auto estrada => rodovia,1,verified_translate,default_translate_fallback
∅ => outras,1,verified_translate,matched_manual_null_rule
outras => ∅,1,verified_translate,matched_manual_null_rule
mil milhoes => um bilhao,1,verified_translate,default_translate_fallback
uma verba demasiado alta => um valor alto demais,1,verified_translate,default_translate_fallback
moscovo dela abdicar => moscou abrir mao,1,verified_translate,default_translate_fallback
desde as => das,1,verified_translate,default_translate_fallback
patentes => abertas,1,verified_translate,default_translate_fallback
esplanada de => area externa com,1,verified_translate,default_translate_fallback
cadeias => redes,1,verified_translate,default_translate_fallback
que beneficiarao de => terao,1,verified_translate,default_translate_fallback
longe => distantes,1,verified_translate,default_translate_fallback
andam => estao,1,verified_translate,default_translate_fallback
saldaram se por => resultaram em,1,verified_translate,default_translate_fallback
surgiu => ocorreu,1,verified_translate,default_translate_fallback
face aos => contra os,1,verified_translate,default_translate_fallback
igual => o mesmo,1,verified_translate,default_translate_fallback
desaires => derrotas,1,verified_translate,default_translate_fallback
naipe => grupo,1,verified_translate,default_translate_fallback
atirou => ∅,1,verified_translate,matched_manual_null_rule
∅ => entregou,1,verified_translate,matched_manual_null_rule
antepassado => antecessor,1,verified_translate,default_translate_fallback
interrogava => questionava,1,verified_translate,default_translate_fallback
lutar contra => combater,1,verified_translate,default_translate_fallback
em presenca => presencial,1,verified_translate,default_translate_fallback
a dizer estas => dizendo essas,1,verified_translate,default_translate_fallback
debitar => recitar,1,verified_translate,default_translate_fallback
deixas => falas,1,verified_translate,default_translate_fallback
∅ => que sentiam,1,verified_translate,matched_manual_null_rule
a focar => focando,1,verified_translate,matched_manual_progressive_rule
declinou => recusou,1,verified_translate,default_translate_fallback
par dessas => essas,1,verified_translate,default_translate_fallback
fogos => imoveis,1,verified_translate,default_translate_fallback
tera => ∅,1,verified_translate,matched_manual_null_rule
de => precisara,1,verified_translate,default_translate_fallback
arrancara => sera iniciada,1,verified_translate,default_translate_fallback
adquirir => serem adquiridas,1,verified_translate,default_translate_fallback
abarracadas => improvisadas,1,verified_translate,default_translate_fallback
∅ => plano,1,verified_translate,matched_manual_null_rule
plano => ∅,1,verified_translate,matched_manual_null_rule
recuperar => ser recuperado,1,verified_translate,default_translate_fallback
contactar os => contatar,1,verified_translate,default_translate_fallback
causaria => haveria,1,verified_translate,default_translate_fallback
fundamento => respaldo,1,verified_translate,default_translate_fallback
for => foi,1,verified_translate,default_translate_fallback
cumprimento => atendimento,1,verified_translate,default_translate_fallback
tendo apenas sido => tao somente foi,1,verified_translate,default_translate_fallback
base => basico,1,verified_translate,default_translate_fallback
percentagem minima => percentual minimo,1,verified_translate,default_translate_fallback
autorizar a => autorizara,1,verified_translate,default_translate_fallback
o concurso publico => a licitacao,1,verified_translate,default_translate_fallback
se provar => restar provado,1,verified_translate,default_translate_fallback
a propositura da acao => o ajuizamento,1,verified_translate,default_translate_fallback
atribuida => outorgada,1,verified_translate,default_translate_fallback
nas respetivas => em suas respectivas,1,verified_translate,default_translate_fallback
notificada => intimada,1,verified_translate,default_translate_fallback
integral => ∅,1,verified_translate,matched_manual_null_rule
alegando => aduzindo,1,verified_translate,default_translate_fallback
numa percentagem => num percentual,1,verified_translate,default_translate_fallback
emissao do => expedicao de,1,verified_translate,default_translate_fallback
natureza => cunho,1,verified_translate,default_translate_fallback
referido => aludido,1,verified_translate,default_translate_fallback
previdencial => previdenciaria,1,verified_translate,default_translate_fallback
cautelar => liminar,1,verified_translate,default_translate_fallback
∅ => excepcional,1,verified_translate,matched_manual_null_rule
excecional => ∅,1,verified_translate,matched_manual_null_rule
importa registar => vale registrar,1,verified_translate,default_translate_fallback
tempo proprio => epoca propria,1,verified_translate,default_translate_fallback
consequencia => decorrencia,1,verified_translate,default_translate_fallback
que justifiquem => ensejadoras de,1,verified_translate,default_translate_fallback
aquando da => quando de,1,verified_translate,default_translate_fallback
intentada contra => ajuizada em desfavor de,1,verified_translate,default_translate_fallback
ja => logo,1,verified_translate,default_translate_fallback
ultrapassa => extrapola,1,verified_translate,default_translate_fallback
limites => lindes,1,verified_translate,default_translate_fallback
do codigo do trabalho => da clt,1,verified_translate,default_translate_fallback
∅ => do cpc,1,verified_translate,matched_manual_null_rule
o do codigo de processo civil => ∅,1,verified_translate,matched_manual_null_rule
apresente oposicao => ofereca embargos,1,verified_translate,default_translate_fallback
proferiu => prolatou,1,verified_translate,default_translate_fallback
07 => 7,1,verified_translate,default_translate_fallback
esquadras => delegacias,1,verified_translate,default_translate_fallback
do tribunal do juri => da corte popular,1,verified_translate,default_translate_fallback
expurgar => expungir,1,verified_translate,default_translate_fallback
intentada => ajuizada,1,verified_translate,default_translate_fallback
conseguiu => logrou,1,verified_translate,default_translate_fallback
edital => editalicia,1,verified_translate,default_translate_fallback
esgotado => exaurido,1,verified_translate,default_translate_fallback
funcionarios face a essa actualizacao => servidores diante de referida atualizacao,1,verified_translate,default_translate_fallback
envio => remessa,1,verified_translate,default_translate_fallback
interpostos => opostos,1,verified_translate,default_translate_fallback
funcionarios no activo => servidores em atividade,1,verified_translate,default_translate_fallback
que => prevendo,1,verified_translate,default_translate_fallback
preveja => ∅,1,verified_translate,matched_manual_null_rule
factica delineada => fatica dellneada,1,verified_translate,default_translate_fallback
ofendendo => ofendem,1,verified_translate,default_translate_fallback
induzindo => induzem,1,verified_translate,default_translate_fallback
que => seja,1,verified_translate,default_translate_fallback
inexistam => inexistentes,1,verified_translate,default_translate_fallback
seccao => subsecao,1,verified_translate,default_translate_fallback
∅ => servico de,1,verified_translate,matched_manual_null_rule
casas de banho => banheiros,1,verified_translate,default_translate_fallback
entidades publicas => entes publicos,1,verified_translate,default_translate_fallback
privadas convenios => privados convenio,1,verified_translate,default_translate_fallback
liquidar => quitar,1,verified_translate,default_translate_fallback
pedido inicial => pleito inaugural,1,verified_translate,default_translate_fallback
para a seguranca social => previdenciaria,1,verified_translate,default_translate_fallback
abrangeu => alcancou,1,verified_translate,default_translate_fallback
causado => ensejado,1,verified_translate,default_translate_fallback
do tribunal => da corte,1,verified_translate,default_translate_fallback
pedido de libertacao => pleito liberatorio,1,verified_translate,default_translate_fallback
204 2008 => 20412008,1,verified_translate,default_translate_fallback
intentado => ajuizado,1,verified_translate,default_translate_fallback
concorrentes => licitantes,1,verified_translate,default_translate_fallback
a apoiou => fora lhe apoiar,1,verified_translate,default_translate_fallback
cumprimento das => atendimento as,1,verified_translate,default_translate_fallback
admitida => se admitindo,1,verified_translate,default_translate_fallback
cumpridas => atendidas,1,verified_translate,default_translate_fallback
cabe => toca,1,verified_translate,default_translate_fallback
do onus => ∅,1,verified_translate,matched_manual_null_rule
prova => carga probatoria,1,verified_translate,default_translate_fallback
da prova => probatorio,1,verified_translate,default_translate_fallback
instruem => instrui,1,verified_translate,default_translate_fallback
encontra => encerra,1,verified_translate,default_translate_fallback
decretadas => decretada,1,verified_translate,default_translate_fallback
legal previsto bem como se iniciarao alguns percalcos acerca da pretensa execucao da pena => ∅,1,,exception_long_null_span
∅ => legal previsto bem como se iniciarao alguns percalcos acerca da pretensa execucao da pena,1,,exception_long_null_span
∅ => inc,1,verified_translate,matched_manual_null_rule
o n o => ∅,1,verified_translate,matched_manual_null_rule
alem disso => outrossim,1,verified_translate,default_translate_fallback
este supremo tribunal => esta corte superior,1,verified_translate,default_translate_fallback
∅ => tratar,1,verified_translate,matched_manual_null_rule
tratar => ∅,1,verified_translate,matched_manual_null_rule
natureza administrativa => cunho administrativo,1,verified_translate,default_translate_fallback
da apresentacao => do oferecimento,1,verified_translate,default_translate_fallback
da aceitacao => do recebimento,1,verified_translate,default_translate_fallback
que => falar,1,verified_translate,default_translate_fallback
pelo que => eis porque,1,verified_translate,default_translate_fallback
trabalhado => laborado,1,verified_translate,default_translate_fallback
carece => e desprovido,1,verified_translate,default_translate_fallback
∅ => suficiente,1,verified_translate,matched_manual_null_rule
suficiente => ∅,1,verified_translate,matched_manual_null_rule
considero => julgo,1,verified_translate,default_translate_fallback
do concurso => da licitacao,1,verified_translate,default_translate_fallback
venha => vier,1,verified_translate,default_translate_fallback
nessa => em tal,1,verified_translate,default_translate_fallback
atenda => atente,1,verified_translate,default_translate_fallback
habitabilidade => habite se,1,verified_translate,default_translate_fallback
fl => fi,1,verified_translate,default_translate_fallback
a produzir => produzi la,1,verified_translate,default_translate_fallback
requereu => postulou,1,verified_translate,default_translate_fallback
fundamento => fulcro,1,verified_translate,default_translate_fallback
das remuneracoes => ∅,1,verified_translate,matched_manual_null_rule
trabalhadores reformados as => vencimentos,1,verified_translate,default_translate_fallback
no ativo => empregados aposentados aos da ativa,1,verified_translate,default_translate_fallback
folhas => folha,1,verified_translate,default_translate_fallback
relativa ao => afeta a,1,verified_translate,default_translate_fallback
relativos => afetos,1,verified_translate,default_translate_fallback
subsistindo a => remanescendo,1,verified_translate,default_translate_fallback
linha => toada,1,verified_translate,default_translate_fallback
trata => cuida,1,verified_translate,default_translate_fallback
∅ => estar,1,verified_translate,matched_manual_null_rule
estaria a criar uma => ia criando,1,verified_translate,default_translate_fallback
∅ => possa,1,verified_translate,matched_manual_null_rule
possa => ∅,1,verified_translate,matched_manual_null_rule
novo => novel,1,verified_translate,default_translate_fallback
gere => gerencie,1,verified_translate,default_translate_fallback
por outro lado => de outra parte,1,verified_translate,default_translate_fallback
respeita => tange,1,verified_translate,default_translate_fallback
providencia cautelar => liminar,1,verified_translate,default_translate_fallback
emissao => expedicao,1,verified_translate,default_translate_fallback
mandado => alvara,1,verified_translate,default_translate_fallback
detida => presa,1,verified_translate,default_translate_fallback
de coacao => cautelar,1,verified_translate,default_translate_fallback
procura um => busca,1,verified_translate,default_translate_fallback
analisadas => examinadas,1,verified_translate,default_translate_fallback
cumpre registar => insta registrar,1,verified_translate,default_translate_fallback
de coacao => cautelares,1,verified_translate,default_translate_fallback
ineficaz => ineficiente,1,verified_translate,default_translate_fallback
constitucional => federal,1,verified_translate,default_translate_fallback
tem como objetivo => objetivam,1,verified_translate,default_translate_fallback
uma direccao => diretorio,1,verified_translate,default_translate_fallback
devolvidos => recolhidos,1,verified_translate,default_translate_fallback
caducou => feneceu,1,verified_translate,default_translate_fallback
neste tribunal => nesta corte,1,verified_translate,default_translate_fallback
celebrado => firmado,1,verified_translate,default_translate_fallback
os ctt => a ect,1,verified_translate,default_translate_fallback
pena => reprimenda,1,verified_translate,default_translate_fallback
vive uma => vivencia,1,verified_translate,default_translate_fallback
justificando => a justificar,1,verified_translate,default_translate_fallback
dela => ∅,1,verified_translate,matched_manual_null_rule
estipularam => estipulou,1,verified_translate,default_translate_fallback
sido realizada noutro => se realizado em outro,1,verified_translate,default_translate_fallback
tenham => ∅,1,verified_translate,matched_manual_null_rule
no qual se => em cujo espectro,1,verified_translate,default_translate_fallback
a validar => validando,1,verified_translate,matched_manual_progressive_rule
trabalho => emprego,1,verified_translate,default_translate_fallback
extraordinarias => extras,1,verified_translate,default_translate_fallback
reclamante => vindicante,1,verified_translate,default_translate_fallback
descanso semanal remunerado => rsr,1,verified_translate,default_translate_fallback
fundo de garantia do tempo de servico => ∅,1,verified_translate,matched_manual_null_rule
subponto => subitem,1,verified_translate,default_translate_fallback
em sede => preliminar,1,verified_translate,default_translate_fallback
questao previa a ineptidao => inepcia,1,verified_translate,default_translate_fallback
acusacao => denuncia,1,verified_translate,default_translate_fallback
ofensas a integridade fisica => lesoes corporais,1,verified_translate,default_translate_fallback
juizes => ministros,1,verified_translate,default_translate_fallback
juiza => ministra,1,verified_translate,default_translate_fallback
alcance => atingimento,1,verified_translate,default_translate_fallback
de => r,1,verified_translate,default_translate_fallback
depositado => aportado,1,verified_translate,default_translate_fallback
geral de depositos => economica federal,1,verified_translate,default_translate_fallback
no caso => na especie,1,verified_translate,default_translate_fallback
da regiao autonoma => do distrito federal,1,verified_translate,default_translate_fallback
perspetiva da => perspectiva de,1,verified_translate,default_translate_fallback
exortada => exortado,1,verified_translate,default_translate_fallback
deste tribunal => desta corte se,1,verified_translate,default_translate_fallback
∅ => admitirem,1,verified_translate,matched_manual_null_rule
admitirem => ∅,1,verified_translate,matched_manual_null_rule
modificativos => infringentes,1,verified_translate,default_translate_fallback
apreco => tela,1,verified_translate,default_translate_fallback
relatorio => laudo,1,verified_translate,default_translate_fallback
reexame => revolvimento,1,verified_translate,default_translate_fallback
litigios => lides,1,verified_translate,default_translate_fallback
cumpriu => atendeu,1,verified_translate,default_translate_fallback
impugnado => hostilizado,1,verified_translate,default_translate_fallback
juntasse => carreasse,1,verified_translate,default_translate_fallback
dever se => deverse,1,verified_translate,default_translate_fallback
ao tribunal => a vara,1,verified_translate,default_translate_fallback
caso seja => acaso,1,verified_translate,default_translate_fallback
atualizacao => correcao,1,verified_translate,default_translate_fallback
n => no 8,1,verified_translate,default_translate_fallback
o 8 => ∅,1,verified_translate,matched_manual_null_rule
que seja processado => se ver processar,1,verified_translate,default_translate_fallback
julgado => julgar,1,verified_translate,default_translate_fallback
a servir => servindo,1,verified_translate,matched_manual_progressive_rule
mantendo se => a manter,1,verified_translate,default_translate_fallback
acordaos => arestos se,1,verified_translate,default_translate_fallback
um evidente => evidenciado,1,verified_translate,default_translate_fallback
faria => teria,1,verified_translate,default_translate_fallback
esse => aquele,1,verified_translate,default_translate_fallback
de medicina => medico,1,verified_translate,default_translate_fallback
que lhe sao => a ela,1,verified_translate,default_translate_fallback
na sua opiniao => a seu aviso,1,verified_translate,default_translate_fallback
num local => em lugar,1,verified_translate,default_translate_fallback
a questao previa => preliminar,1,verified_translate,default_translate_fallback
no => dentro do,1,verified_translate,default_translate_fallback
admissibilidade => cabimento,1,verified_translate,default_translate_fallback
financiamento => custeio,1,verified_translate,default_translate_fallback
n o 1 => paragrafo unico,1,verified_translate,default_translate_fallback
noutro => de outro,1,verified_translate,default_translate_fallback
vultuoso correspondente => vultoso corresponde,1,verified_translate,default_translate_fallback
assim => logo,1,verified_translate,default_translate_fallback
dada a => diante da,1,verified_translate,default_translate_fallback
das remuneracoes => dos vencimentos,1,verified_translate,default_translate_fallback
as remuneracoes => aos vencimentos,1,verified_translate,default_translate_fallback
originando => ensejando,1,verified_translate,default_translate_fallback
caracter excecional no => carater excepcional em,1,verified_translate,default_translate_fallback
proibicao => vedacao,1,verified_translate,default_translate_fallback
o tribunal => a justica,1,verified_translate,default_translate_fallback
nao cabe => descabe,1,verified_translate,default_translate_fallback
∅ => longe,1,verified_translate,matched_manual_null_rule
longe => ∅,1,verified_translate,matched_manual_null_rule
audicao das => oitiva de,1,verified_translate,default_translate_fallback
constituicao => carta de,1,verified_translate,default_translate_fallback
consta => reside,1,verified_translate,default_translate_fallback
trabalhador => laborista,1,verified_translate,default_translate_fallback
do incumprimento => da inadimplencia,1,verified_translate,default_translate_fallback
trabalhadores => empregados,1,verified_translate,default_translate_fallback
tambem para o => do,1,verified_translate,default_translate_fallback
estaleiro => canteiro,1,verified_translate,default_translate_fallback
imi => iptu,1,verified_translate,default_translate_fallback
3 o sargento => 3o sgt,1,verified_translate,default_translate_fallback
emitido => expedido,1,verified_translate,default_translate_fallback
primeira instancia => primeiro grau,1,verified_translate,default_translate_fallback
bebidas => drinks,1,verified_translate,default_translate_fallback
empregados de mesa => garcons,1,verified_translate,default_translate_fallback
a propositura => ajuizamento,1,verified_translate,default_translate_fallback
questoes previas => preliminares,1,verified_translate,default_translate_fallback
pelo qual => por que,1,verified_translate,default_translate_fallback
pelo tribunal => pela corte,1,verified_translate,default_translate_fallback
obstado => obstada,1,verified_translate,default_translate_fallback
inscrita => insculpida,1,verified_translate,default_translate_fallback
e possivel => ha como,1,verified_translate,default_translate_fallback
alem => demais,1,verified_translate,default_translate_fallback
visto => posto,1,verified_translate,default_translate_fallback
arguidos => indiciados,1,verified_translate,default_translate_fallback
apanhados => flagrados,1,verified_translate,default_translate_fallback
∅ => encontra,1,verified_translate,matched_manual_null_rule
encontra => ∅,1,verified_translate,matched_manual_null_rule
sucessivos => seguidos,1,verified_translate,default_translate_fallback
ocorreu => se deu,1,verified_translate,default_translate_fallback
primeira instancia => piso,1,verified_translate,default_translate_fallback
inelegibilidades => ineleg ibilidades,1,verified_translate,default_translate_fallback
cessacao do contrato de trabalho => rescisao contratual,1,verified_translate,default_translate_fallback
furte ao regresso => furtar do retorno,1,verified_translate,default_translate_fallback
conhecimento inequivoco => ciencia inequivoca,1,verified_translate,default_translate_fallback
importa => importante,1,verified_translate,default_translate_fallback
enquadram na => amoldam a,1,verified_translate,default_translate_fallback
∅ => licitacao e,1,verified_translate,matched_manual_null_rule
publica => ∅,1,verified_translate,matched_manual_null_rule
regularizacao => parcelarnento,1,verified_translate,default_translate_fallback
dividas tributarias => debitos tributarios,1,verified_translate,default_translate_fallback
expostos => esposados,1,verified_translate,default_translate_fallback
reconhecimento notarial => firma reconhecida,1,verified_translate,default_translate_fallback
direcao => diretoria,1,verified_translate,default_translate_fallback
caixilharias => esquadrias,1,verified_translate,default_translate_fallback
∅ => considerar,1,verified_translate,matched_manual_null_rule
considerar => ∅,1,verified_translate,matched_manual_null_rule
configura => configuram,1,verified_translate,default_translate_fallback
∅ => 00,1,verified_translate,matched_manual_null_rule
daquele => ∅,1,verified_translate,matched_manual_null_rule
este egregio tribunal => esta egregia corte,1,verified_translate,default_translate_fallback
decisao da instancia a quo => ∅,1,verified_translate,matched_manual_null_rule
∅ => decisao da instancia a quo,1,verified_translate,matched_manual_null_rule
interpos => opos,1,verified_translate,default_translate_fallback
uma acao => demanda,1,verified_translate,default_translate_fallback
peca => vestibular,1,verified_translate,default_translate_fallback
arguido => paciente,1,verified_translate,default_translate_fallback
foi implicado => lhe incursionou,1,verified_translate,default_translate_fallback
acusatoria => vestibular,1,verified_translate,default_translate_fallback
fundamental => maior,1,verified_translate,default_translate_fallback
violacao => infringencia,1,verified_translate,default_translate_fallback
alinea b => inciso ii,1,verified_translate,default_translate_fallback
cessacao => extincao,1,verified_translate,default_translate_fallback
cumprido => adimplido,1,verified_translate,default_translate_fallback
intentar => ajuizar,1,verified_translate,default_translate_fallback
chamando => convocando,1,verified_translate,default_translate_fallback
fundamentado => fundamentada,1,verified_translate,default_translate_fallback
junta => acostada,1,verified_translate,default_translate_fallback
juntar => acostar,1,verified_translate,default_translate_fallback
permitido => dado,1,verified_translate,default_translate_fallback
coarguidos => correus,1,verified_translate,default_translate_fallback
denominada => batizada de,1,verified_translate,default_translate_fallback
dos artigos => aos arts,1,verified_translate,default_translate_fallback
sim um => ∅,1,verified_translate,matched_manual_null_rule
laboral => laborativo,1,verified_translate,default_translate_fallback
apos o => depois do,1,verified_translate,default_translate_fallback
apresentados => lancados,1,verified_translate,default_translate_fallback
pelo que => por isso,1,verified_translate,default_translate_fallback
tem => ter,1,verified_translate,default_translate_fallback
processos => feitos,1,verified_translate,default_translate_fallback
gerem => gerenciem,1,verified_translate,default_translate_fallback
acompanhamento => monitoramento,1,verified_translate,default_translate_fallback
de contratacao publica => licitatorio,1,verified_translate,default_translate_fallback
empregado => atendente,1,verified_translate,default_translate_fallback
a morada => o endereco,1,verified_translate,default_translate_fallback
colidirem => conflitarem,1,verified_translate,default_translate_fallback
n o 6 => paragrafo 6o,1,verified_translate,default_translate_fallback
de facto => fatica,1,verified_translate,default_translate_fallback
decorridos => transcorridos,1,verified_translate,default_translate_fallback
contratados ao abrigo da legislacao laboral => celetistas,1,verified_translate,default_translate_fallback
legislacao laboral => clt,1,verified_translate,default_translate_fallback
constantes => constante,1,verified_translate,default_translate_fallback
morada falsa => endereco falso,1,verified_translate,default_translate_fallback
superior ao => a maior do,1,verified_translate,default_translate_fallback
da turma => turmario,1,verified_translate,default_translate_fallback
do trabalho => trabalhista,1,verified_translate,default_translate_fallback
interpostos => manejados,1,verified_translate,default_translate_fallback
∅ => o foram,1,verified_translate,matched_manual_null_rule
prazo => octidio,1,verified_translate,default_translate_fallback
de oito dias => ∅,1,verified_translate,matched_manual_null_rule
foram notificadas => restaram intimadas,1,verified_translate,default_translate_fallback
inicial => primeira,1,verified_translate,default_translate_fallback
constituicao => carta politica,1,verified_translate,default_translate_fallback
interpretou => ter interpretado,1,verified_translate,default_translate_fallback
contratacao publica => licitacoes e contratos,1,verified_translate,default_translate_fallback
total => totaida,1,verified_translate,default_translate_fallback
na => ria,1,verified_translate,default_translate_fallback
no activo => em atividade,1,verified_translate,default_translate_fallback
armazenados => estocados,1,verified_translate,default_translate_fallback
de sucumbencia => sucumbenciais,1,verified_translate,default_translate_fallback
pedidos => pleitos,1,verified_translate,default_translate_fallback
beneficiario => tomador,1,verified_translate,default_translate_fallback
a essas => aquelas,1,verified_translate,default_translate_fallback
tenha => haja,1,verified_translate,default_translate_fallback
observando se => observandose,1,verified_translate,default_translate_fallback
agravante => mojorante,1,verified_translate,default_translate_fallback
tomar => se acercar de,1,verified_translate,default_translate_fallback
foi feita => se deu,1,verified_translate,default_translate_fallback
colide com a => esbarra na,1,verified_translate,default_translate_fallback
trabalhador => servidor,1,verified_translate,default_translate_fallback
concedida => concedido,1,verified_translate,default_translate_fallback
recorrido => agravado,1,verified_translate,default_translate_fallback
recorrente => agravante,1,verified_translate,default_translate_fallback
caso => razao do descumprimento,1,verified_translate,default_translate_fallback
incumprimento da => ∅,1,verified_translate,matched_manual_null_rule
recorrida => agravada,1,verified_translate,default_translate_fallback
crime => delito,1,verified_translate,default_translate_fallback
procedimento => certame,1,verified_translate,default_translate_fallback
com contrato de trabalho regido pelo codigo do trabalho => celetistas,1,verified_translate,default_translate_fallback
∅ => atuar,1,verified_translate,matched_manual_null_rule
constitucional atuar => federal,1,verified_translate,default_translate_fallback
desse concurso => dessa licitacao,1,verified_translate,default_translate_fallback
prisao => reclusao,1,verified_translate,default_translate_fallback
consagrada => decantada,1,verified_translate,default_translate_fallback
transpostos para o => passados ao,1,verified_translate,default_translate_fallback
junta => juntada,1,verified_translate,default_translate_fallback
08 2016 => 0812016,1,verified_translate,default_translate_fallback
impoe => imponha,1,verified_translate,default_translate_fallback
afere se face => e aferida em relacao,1,verified_translate,default_translate_fallback
habitacao => residencia,1,verified_translate,default_translate_fallback
arbitrai => arbitral,1,verified_translate,default_translate_fallback
sentenc => sentenca,1,verified_translate,default_translate_fallback
atendendo a => considerando,1,verified_translate,default_translate_fallback
estaleiro => canteiro de obras,1,verified_translate,default_translate_fallback
este => esta,1,verified_translate,default_translate_fallback
relevo => relevancia,1,verified_translate,default_translate_fallback
senhorio => locador,1,verified_translate,default_translate_fallback
inquilina => locataria,1,verified_translate,default_translate_fallback
registo predial => registro de imoveis,1,verified_translate,default_translate_fallback
concelho => municipio de,1,verified_translate,default_translate_fallback
∅ => o artigo,1,verified_translate,matched_manual_null_rule
∅ => ora,1,verified_translate,matched_manual_null_rule
vem ora de transcrever => transcreve,1,verified_translate,default_translate_fallback
estribada => fundamentada,1,verified_translate,default_translate_fallback
aqui do => de que o,1,verified_translate,default_translate_fallback
ter feito => fez,1,verified_translate,default_translate_fallback
do => de que o,1,verified_translate,default_translate_fallback
ser => e,1,verified_translate,default_translate_fallback
acabado de referir => que foi referido,1,verified_translate,default_translate_fallback
tem => mantinha,1,verified_translate,default_translate_fallback
mantinha => ∅,1,verified_translate,matched_manual_null_rule
so => somente,1,verified_translate,default_translate_fallback
seguras => segura,1,verified_translate,default_translate_fallback
sujeicao a previa => necessidade de,1,verified_translate,default_translate_fallback
∅ => previa,1,verified_translate,matched_manual_null_rule
liquidar => cobrar,1,verified_translate,default_translate_fallback
lancar mao de => recorrer a,1,verified_translate,default_translate_fallback
afericao na => analise,1,verified_translate,default_translate_fallback
empreender => adotar,1,verified_translate,default_translate_fallback
condutastipicasque => condutas tipicas que,1,verified_translate,default_translate_fallback
arestos => acordaos,1,verified_translate,default_translate_fallback
se encontrem => estejam,1,verified_translate,default_translate_fallback
∅ => nova,1,verified_translate,matched_manual_null_rule
nova => ∅,1,verified_translate,matched_manual_null_rule
segmento => trecho,1,verified_translate,default_translate_fallback
a quantia => ao montante,1,verified_translate,default_translate_fallback
fixada => fixado,1,verified_translate,default_translate_fallback
toma => tomada,1,verified_translate,default_translate_fallback
como tal => assim,1,verified_translate,default_translate_fallback
de parentalidade => maternidade,1,verified_translate,default_translate_fallback
baixa => afastamento,1,verified_translate,default_translate_fallback
∅ => encontrava,1,verified_translate,matched_manual_null_rule
encontrava => ∅,1,verified_translate,matched_manual_null_rule
n 7 => 7o,1,verified_translate,default_translate_fallback
6 => 6o,1,verified_translate,default_translate_fallback
serinterpretado => ser interpretado,1,verified_translate,default_translate_fallback
n 2 => no 2o,1,verified_translate,default_translate_fallback
∅ => ali,1,verified_translate,matched_manual_null_rule
subsidio de natal => decimo terceiro salario,1,verified_translate,default_translate_fallback
de => as,1,verified_translate,default_translate_fallback
g => p ex,1,verified_translate,default_translate_fallback
agente => oficial,1,verified_translate,default_translate_fallback
execucao => justica,1,verified_translate,default_translate_fallback
tratando => ∅,1,verified_translate,matched_manual_null_rule
∅ => trate,1,verified_translate,matched_manual_null_rule
esta relacao => este tribunal,1,verified_translate,default_translate_fallback
garante => garantidor,1,verified_translate,default_translate_fallback
adveniente => advinda,1,verified_translate,default_translate_fallback
toma => ingestao,1,verified_translate,default_translate_fallback
diazepan => diazepam,1,verified_translate,default_translate_fallback
∅ => com o fato de,1,verified_translate,matched_manual_null_rule
que a doente => paciente,1,verified_translate,default_translate_fallback
locomovesse => locomover,1,verified_translate,default_translate_fallback
irs => irpf,1,verified_translate,default_translate_fallback
retribuicao das => remuneracao de,1,verified_translate,default_translate_fallback
podendodecidir => podendo decidir,1,verified_translate,default_translate_fallback
por extemporaneo => intempestivo,1,verified_translate,default_translate_fallback
instalar => ser instalado,1,verified_translate,default_translate_fallback
a reversao => o redirecionamento,1,verified_translate,default_translate_fallback
de => se,1,verified_translate,default_translate_fallback
sublinhar => se destacar,1,verified_translate,default_translate_fallback
findo => encerrado,1,verified_translate,default_translate_fallback
ter sido => que,1,verified_translate,default_translate_fallback
a levantar => retirou,1,verified_translate,default_translate_fallback
∅ => drive,1,verified_translate,matched_manual_null_rule
os => de,1,verified_translate,default_translate_fallback
radica na => decorre da,1,verified_translate,default_translate_fallback
requer => requerer,1,verified_translate,default_translate_fallback
o acautelar => acautela lo,1,verified_translate,default_translate_fallback
contra ordenacao => infracao administrativa,1,verified_translate,default_translate_fallback
co proprietaria => coproprietaria,1,verified_translate,default_translate_fallback
ns 1 => nos 1o,1,verified_translate,default_translate_fallback
hao de considerar se => devem ser considerados,1,verified_translate,default_translate_fallback
os => lhes,1,verified_translate,default_translate_fallback
senda => linha,1,verified_translate,default_translate_fallback
do mesmo => dele,1,verified_translate,default_translate_fallback
cerca => por volta,1,verified_translate,default_translate_fallback
no exterior => do lado de fora,1,verified_translate,default_translate_fallback
estando eles a comer => enquanto comiam,1,verified_translate,default_translate_fallback
tendo => que,1,verified_translate,default_translate_fallback
visto => viu,1,verified_translate,default_translate_fallback
teve de => precisou,1,verified_translate,default_translate_fallback
pelo => de modo,1,verified_translate,default_translate_fallback
o fez => realizou,1,verified_translate,default_translate_fallback
com conta => em vista,1,verified_translate,default_translate_fallback
seguro => certo,1,verified_translate,default_translate_fallback
corre mal => da errado,1,verified_translate,default_translate_fallback
radicar => se basear,1,verified_translate,default_translate_fallback
a => as paginas,1,verified_translate,default_translate_fallback
ld => ltda,1,verified_translate,default_translate_fallback
∅ => nao se sustenta,1,verified_translate,matched_manual_null_rule
ao nivel => no ambito,1,verified_translate,default_translate_fallback
iminentemente em => iminente,1,verified_translate,default_translate_fallback
o efeito => tal,1,verified_translate,default_translate_fallback
∅ => vossas excelencias,1,verified_translate,matched_manual_null_rule
ex s => ∅,1,verified_translate,matched_manual_null_rule
estar perante => esta diante de,1,verified_translate,default_translate_fallback
aquo => a quo,1,verified_translate,default_translate_fallback
julgando => ao julgar,1,verified_translate,default_translate_fallback
contraordenacao => infracao administrativa,1,verified_translate,default_translate_fallback
aplique => aplica,1,verified_translate,default_translate_fallback
proferiram => prestaram,1,verified_translate,default_translate_fallback
limitada => limitado,1,verified_translate,default_translate_fallback
registando => sendo registrado,1,verified_translate,default_translate_fallback
∅ => restabelecendo se,1,verified_translate,matched_manual_null_rule
se repondo => ∅,1,verified_translate,matched_manual_null_rule
tem => possui,1,verified_translate,default_translate_fallback
de desconsiderar => ∅,1,verified_translate,matched_manual_null_rule
∅ => desconsiderada,1,verified_translate,matched_manual_null_rule
atenta a => considerando,1,verified_translate,default_translate_fallback
matricula => placa,1,verified_translate,default_translate_fallback
∅ => de transito,1,verified_translate,matched_manual_null_rule
transito de => ∅,1,verified_translate,matched_manual_null_rule
obstarem => impedirem,1,verified_translate,default_translate_fallback
a revogar => revogando,1,verified_translate,matched_manual_progressive_rule
baste => basta,1,verified_translate,default_translate_fallback
impugna => que,1,verified_translate,default_translate_fallback
∅ => impugna,1,verified_translate,matched_manual_null_rule
sublinhe => ressalte,1,verified_translate,default_translate_fallback
reabrir => ser reabertas,1,verified_translate,default_translate_fallback
efectuar => realizadas,1,verified_translate,default_translate_fallback
designadamente => nomeadamente,1,verified_translate,default_translate_fallback
numa accao => em uma acao,1,verified_translate,default_translate_fallback
da viatura => do carro,1,verified_translate,default_translate_fallback
andamento => movimento,1,verified_translate,default_translate_fallback
banda => parte,1,verified_translate,default_translate_fallback
automovel => automotor,1,verified_translate,default_translate_fallback
portagem => pedagio,1,verified_translate,default_translate_fallback
p => previsto no art,1,verified_translate,default_translate_fallback
p pelo art => ∅,1,verified_translate,matched_manual_null_rule
veio => ∅,1,verified_translate,matched_manual_null_rule
requerer => requereu,1,verified_translate,default_translate_fallback
auto imune => autoimune,1,verified_translate,default_translate_fallback
acrescidas => adicionais,1,verified_translate,default_translate_fallback
seja => deve ser,1,verified_translate,default_translate_fallback
agregado => nucleo,1,verified_translate,default_translate_fallback
bem assim => tambem,1,verified_translate,default_translate_fallback
ocorra em => ocorrer,1,verified_translate,default_translate_fallback
emergente => decorrente,1,verified_translate,default_translate_fallback
inteirado => ciente,1,verified_translate,default_translate_fallback
anti abuso => antiabuso,1,verified_translate,default_translate_fallback
rendas devidas => alugueis devidos,1,verified_translate,default_translate_fallback
atempada => tempestiva,1,verified_translate,default_translate_fallback
mais pequena => menor,1,verified_translate,default_translate_fallback
observar => ∅,1,verified_translate,matched_manual_null_rule
∅ => observar,1,verified_translate,matched_manual_null_rule
fazendo => apropriando,1,verified_translate,default_translate_fallback
as suas => se delas,1,verified_translate,default_translate_fallback
pg => p,1,verified_translate,default_translate_fallback
parcelares => parciais,1,verified_translate,default_translate_fallback
nomeadamente numa accao => especialmente em uma acao,1,verified_translate,default_translate_fallback
tera que => devera,1,verified_translate,default_translate_fallback
havida => ocorrida,1,verified_translate,default_translate_fallback
indemnizatorio se encontra => indenizatorio esta,1,verified_translate,default_translate_fallback
efetuar => realizar,1,verified_translate,default_translate_fallback
informacao da => informacoes sobre,1,verified_translate,default_translate_fallback
fundou => fundamentou,1,verified_translate,default_translate_fallback
probandi => da prova,1,verified_translate,default_translate_fallback
impendia => recaia,1,verified_translate,default_translate_fallback
aplicar => ser aplicada,1,verified_translate,default_translate_fallback
perante a aquisicao => diante da obtencao,1,verified_translate,default_translate_fallback
obstava => se opunha,1,verified_translate,default_translate_fallback
procedido => agido,1,verified_translate,default_translate_fallback
encontrava se => ∅,1,verified_translate,matched_manual_null_rule
arguido => reu estava,1,verified_translate,default_translate_fallback
pese embora este => apesar deste,1,verified_translate,default_translate_fallback
ser => seja,1,verified_translate,default_translate_fallback
repostas => restabelecidas,1,verified_translate,default_translate_fallback
junta => junto,1,verified_translate,default_translate_fallback
para a => ao,1,verified_translate,default_translate_fallback
se apercebeu da => percebeu a,1,verified_translate,default_translate_fallback
logrou => conseguiu,1,verified_translate,default_translate_fallback
releva => e relevante,1,verified_translate,default_translate_fallback
∅ => assunto,1,verified_translate,matched_manual_null_rule
assunto respeitante => relacionado,1,verified_translate,default_translate_fallback
ensartadas => levantadas,1,verified_translate,default_translate_fallback
daadmissibilidade => da admissibilidade,1,verified_translate,default_translate_fallback
coletivas privadas => juridicas de direito privado,1,verified_translate,default_translate_fallback
carolice => dedicacao,1,verified_translate,default_translate_fallback
vago => vaga,1,verified_translate,default_translate_fallback
auto determinar => autodeterminar,1,verified_translate,default_translate_fallback
determinada => determinado,1,verified_translate,default_translate_fallback
plasmado => expresso,1,verified_translate,default_translate_fallback
contraente => contratado,1,verified_translate,default_translate_fallback
incida => incidir,1,verified_translate,default_translate_fallback
desfrute => usufruto,1,verified_translate,default_translate_fallback
e de presumir => presume se,1,verified_translate,default_translate_fallback
de depositos a ordem => corrente,1,verified_translate,default_translate_fallback
afetado => ∅,1,verified_translate,matched_manual_null_rule
∅ => alocado,1,verified_translate,matched_manual_null_rule
efectivamente recebidas => efetivamente recebidos,1,verified_translate,default_translate_fallback
bondade => validade,1,verified_translate,default_translate_fallback
arguidos => acusados,1,verified_translate,default_translate_fallback
requisitosg => requisitos,1,verified_translate,default_translate_fallback
exa => v sa,1,verified_translate,default_translate_fallback
exa => v,1,verified_translate,default_translate_fallback
∅ => sa,1,verified_translate,matched_manual_null_rule
pugna => pleiteia,1,verified_translate,default_translate_fallback
por em causa => questionar,1,verified_translate,default_translate_fallback
atentas => considerando,1,verified_translate,default_translate_fallback
desiderato => objetivo,1,verified_translate,default_translate_fallback
inquine => invalide,1,verified_translate,default_translate_fallback
varios lugares => varias vagas,1,verified_translate,default_translate_fallback
torna => transforma,1,verified_translate,default_translate_fallback
parque => estacionamento,1,verified_translate,default_translate_fallback
provavelmenteseria => provavelmente seria,1,verified_translate,default_translate_fallback
as importancias => os valores,1,verified_translate,default_translate_fallback
refiram => indiquem,1,verified_translate,default_translate_fallback
as mesmas => os mesmos,1,verified_translate,default_translate_fallback
podia conhecer se dela => poderia ser conhecida,1,verified_translate,default_translate_fallback
n => art,1,verified_translate,default_translate_fallback
1 do artigo => ∅,1,verified_translate,matched_manual_null_rule
∅ => 1o,1,verified_translate,matched_manual_null_rule
n 3 => 3o,1,verified_translate,default_translate_fallback
preceito => dispositivo,1,verified_translate,default_translate_fallback
expedido => remetido,1,verified_translate,default_translate_fallback
desacertada => ∅,1,verified_translate,matched_manual_null_rule
da => equivocada sobre a,1,verified_translate,default_translate_fallback
um horario => uma carga horaria,1,verified_translate,default_translate_fallback
atendido => considerado,1,verified_translate,default_translate_fallback
atendida => considerada,1,verified_translate,default_translate_fallback
contabilisticos => contabeis,1,verified_translate,default_translate_fallback
das rendas compreendidas => dos alugueis compreendidos,1,verified_translate,default_translate_fallback
as rendas relativas => aos alugueis relativos,1,verified_translate,default_translate_fallback
de facto => estavel,1,verified_translate,default_translate_fallback
∅ => 3o n o,1,verified_translate,matched_manual_null_rule
n 3 => ∅,1,verified_translate,matched_manual_null_rule
camarario => municipal,1,verified_translate,default_translate_fallback
respetivo do => respectivo,1,verified_translate,default_translate_fallback
artos 209e => arts 209 e seguintes,1,verified_translate,default_translate_fallback
arts => ∅,1,verified_translate,matched_manual_null_rule
recordar => ∅,1,verified_translate,matched_manual_null_rule
∅ => recordar,1,verified_translate,matched_manual_null_rule
oposicao de julgados => divergencia jurisprudencial,1,verified_translate,default_translate_fallback
pagou a quantia de => ∅,1,verified_translate,matched_manual_null_rule
equipa de => equipe,1,verified_translate,default_translate_fallback
dar => ser dada,1,verified_translate,default_translate_fallback
efectuava => ele efetuava,1,verified_translate,default_translate_fallback
lhas => as,1,verified_translate,default_translate_fallback
∅ => verifica,1,verified_translate,matched_manual_null_rule
verifica => ∅,1,verified_translate,matched_manual_null_rule
∅ => provou,1,verified_translate,matched_manual_null_rule
provou => ∅,1,verified_translate,matched_manual_null_rule
∅ => deu,1,verified_translate,matched_manual_null_rule
deu => ∅,1,verified_translate,matched_manual_null_rule
entidade => autoridade,1,verified_translate,default_translate_fallback
predio lhe => imovel,1,verified_translate,default_translate_fallback
reuniu => reuniram,1,verified_translate,default_translate_fallback
rotunda => rotatoria,1,verified_translate,default_translate_fallback
oficiosamente => oficio de,1,verified_translate,default_translate_fallback
locacao financeira => arrendamento mercantil,1,verified_translate,default_translate_fallback
descortinado => percebido,1,verified_translate,default_translate_fallback
respeitante => que diz respeito,1,verified_translate,default_translate_fallback
em ordem a => com o objetivo de,1,verified_translate,default_translate_fallback
so numa => somente em uma,1,verified_translate,default_translate_fallback
representaservicos => representa servicos,1,verified_translate,default_translate_fallback
ocorra => ocorrer,1,verified_translate,default_translate_fallback
esclarecimentoshoje => esclarecimentos hoje,1,verified_translate,default_translate_fallback
proferir => ser proferida,1,verified_translate,default_translate_fallback
do que => disso,1,verified_translate,default_translate_fallback
estes => este,1,verified_translate,default_translate_fallback
tem de lhe => devem,1,verified_translate,default_translate_fallback
o transferir => transferi lo,1,verified_translate,default_translate_fallback
registada efectuada => registrada efetuada,1,verified_translate,default_translate_fallback
pronunciar => manifestar,1,verified_translate,default_translate_fallback
atencao => vista,1,verified_translate,default_translate_fallback
expendidas => expostas,1,verified_translate,default_translate_fallback
colocar em questao => questionar,1,verified_translate,default_translate_fallback
alicercam => ∅,1,verified_translate,matched_manual_null_rule
∅ => fundamentam,1,verified_translate,matched_manual_null_rule
volvidos => passados,1,verified_translate,default_translate_fallback
na sequencia => em decorrencia,1,verified_translate,default_translate_fallback
assente => estabelecido,1,verified_translate,default_translate_fallback
dos interessados => das partes interessadas,1,verified_translate,default_translate_fallback
determinacao => fixacao,1,verified_translate,default_translate_fallback
taxados => fixados podem,1,verified_translate,default_translate_fallback
os casos => o caso,1,verified_translate,default_translate_fallback
∅ => podem,1,verified_translate,matched_manual_null_rule
se encontrando => estando,1,verified_translate,default_translate_fallback
fim => termino,1,verified_translate,default_translate_fallback
promover pela sua => promove lo para,1,verified_translate,default_translate_fallback
contra alegacoes => contrarrazoes,1,verified_translate,default_translate_fallback
procuradoria => honorarios advocaticios,1,verified_translate,default_translate_fallback
atempadamente => tempestivamente,1,verified_translate,default_translate_fallback
∅ => sinal,1,verified_translate,matched_manual_null_rule
sinal => ∅,1,verified_translate,matched_manual_null_rule
201 => 2019,1,verified_translate,default_translate_fallback
a relacao => o tribunal de justica,1,verified_translate,default_translate_fallback
∅ => impoe,1,verified_translate,matched_manual_null_rule
impoe => ∅,1,verified_translate,matched_manual_null_rule
∅ => usar,1,verified_translate,matched_manual_null_rule
importantissimo => importantissima,1,verified_translate,default_translate_fallback
dever se a que ter => devera ser levada,1,verified_translate,default_translate_fallback
tido sido => foi,1,verified_translate,default_translate_fallback
dos => nos,1,verified_translate,default_translate_fallback
desfasamento => descompasso,1,verified_translate,default_translate_fallback
n 6 => 6o,1,verified_translate,default_translate_fallback
do n 3 => dos 3o,1,verified_translate,default_translate_fallback
5 => 5o,1,verified_translate,default_translate_fallback
n5 => 5o,1,verified_translate,default_translate_fallback
∅ => art,1,verified_translate,matched_manual_null_rule
palmar => evidente,1,verified_translate,default_translate_fallback
crescendo => aumento,1,verified_translate,default_translate_fallback
∅ => ainda que,1,verified_translate,matched_manual_null_rule
que fosse => ∅,1,verified_translate,matched_manual_null_rule
harmonia => acordo,1,verified_translate,default_translate_fallback
contrario => contraria,1,verified_translate,default_translate_fallback
hajam => tenham,1,verified_translate,default_translate_fallback
co autoria => coautoria,1,verified_translate,default_translate_fallback
as moradas declaradas => os enderecos declarados,1,verified_translate,default_translate_fallback
as moradas => os enderecos,1,verified_translate,default_translate_fallback
pormenorizacao => detalhamento,1,verified_translate,default_translate_fallback
e de => se pode,1,verified_translate,default_translate_fallback
limite => extremos,1,verified_translate,default_translate_fallback
aquele => ele,1,verified_translate,default_translate_fallback
pese => ∅,1,verified_translate,matched_manual_null_rule
emanar => emitir,1,verified_translate,default_translate_fallback
alegalidade => a legalidade,1,verified_translate,default_translate_fallback
a retalho => varejo,1,verified_translate,default_translate_fallback
assim => como,1,verified_translate,default_translate_fallback
deduzida => apresentada,1,verified_translate,default_translate_fallback
a seguir ao levantamento do exclusivo conferido => apos o termino da exclusividade conferida,1,verified_translate,default_translate_fallback
visou => ∅,1,verified_translate,matched_manual_null_rule
∅ => visou,1,verified_translate,matched_manual_null_rule
coberto => salvo,1,verified_translate,default_translate_fallback
por => caso,1,verified_translate,default_translate_fallback
se ter => tenha,1,verified_translate,default_translate_fallback
desinteressado da => perdido o interesse em,1,verified_translate,default_translate_fallback
dispor => disponha,1,verified_translate,default_translate_fallback
efeito => fim,1,verified_translate,default_translate_fallback
nada obstando ao => nao havendo impedimento para o,1,verified_translate,default_translate_fallback
objecto de => objeto do,1,verified_translate,default_translate_fallback
entender deviam => entendimento deveriam,1,verified_translate,default_translate_fallback
de ver => relacao,1,verified_translate,default_translate_fallback
sobre os factos => acerca dos fatos,1,verified_translate,default_translate_fallback
funcionarem => funcionando,1,verified_translate,default_translate_fallback
crime => crimes,1,verified_translate,default_translate_fallback
embargo => prejuizo,1,verified_translate,default_translate_fallback
do => dos,1,verified_translate,default_translate_fallback
registos contabilisticos => registros contabeis,1,verified_translate,default_translate_fallback
arguido dever => reu deve,1,verified_translate,default_translate_fallback
assentar numa => basear se em uma,1,verified_translate,default_translate_fallback
da renda => do aluguel,1,verified_translate,default_translate_fallback
s => os,1,verified_translate,default_translate_fallback
crime => criminal,1,verified_translate,default_translate_fallback
factura => nota fiscal,1,verified_translate,default_translate_fallback
fatura => nota fiscal,1,verified_translate,default_translate_fallback
ter => que,1,verified_translate,default_translate_fallback
arguido cumprido => reu cumpriu,1,verified_translate,default_translate_fallback
seis => 6,1,verified_translate,default_translate_fallback
∅ => meses,1,verified_translate,matched_manual_null_rule
dizer => dar,1,verified_translate,default_translate_fallback
∅ => esquecer,1,verified_translate,matched_manual_null_rule
esquecer => ∅,1,verified_translate,matched_manual_null_rule
queixar => ∅,1,verified_translate,matched_manual_null_rule
ei ao => queixarei a,1,verified_translate,default_translate_fallback
despedir => despedi,1,verified_translate,default_translate_fallback
deste => d este,1,verified_translate,default_translate_fallback
roubar => ∅,1,verified_translate,matched_manual_null_rule
a => roubara,1,verified_translate,default_translate_fallback
vai => vae,1,verified_translate,default_translate_fallback
enquanto ele => emquanto elle,1,verified_translate,default_translate_fallback
alcacer quibir => alcacerquibir,1,verified_translate,default_translate_fallback
vieram => vierao,1,verified_translate,default_translate_fallback
portugues => portuguez,1,verified_translate,default_translate_fallback
monarquia portuguesa => monarchia portugueza,1,verified_translate,default_translate_fallback
para => por,1,verified_translate,default_translate_fallback
conversa => palestra,1,verified_translate,default_translate_fallback
exa => sa,1,verified_translate,default_translate_fallback
prova => ∅,1,verified_translate,matched_manual_null_rule
arrancar => ∅,1,verified_translate,matched_manual_null_rule
ia => arrancaria,1,verified_translate,default_translate_fallback
∅ => 109,1,verified_translate,matched_manual_null_rule
ha dois meses o => havia dous mezes,1,verified_translate,default_translate_fallback
recem nascida => recemnascida,1,verified_translate,default_translate_fallback
aborreceu => abor receu,1,verified_translate,default_translate_fallback
o conhecer => conhece lo,1,verified_translate,default_translate_fallback
enfrentar => entestar com,1,verified_translate,default_translate_fallback
abas => asas,1,verified_translate,default_translate_fallback
houvesse => houvera,1,verified_translate,default_translate_fallback
poldrinho => poldri nho,1,verified_translate,default_translate_fallback
esquecer => olvidar,1,verified_translate,default_translate_fallback
lancou => ∅,1,verified_translate,matched_manual_null_rule
∅ => lancara,1,verified_translate,matched_manual_null_rule
imprimiu => imprimira,1,verified_translate,default_translate_fallback
viajantes => via jantes,1,verified_translate,default_translate_fallback
repugnava lhe => repugnavalhe,1,verified_translate,default_translate_fallback
comecava => principiava,1,verified_translate,default_translate_fallback
entrar lhe no => entrarlhe o,1,verified_translate,default_translate_fallback
arranjava => achava,1,verified_translate,default_translate_fallback
o regresso precipitado => a volta precipitada,1,verified_translate,default_translate_fallback
a couve => o repolho,1,verified_translate,default_translate_fallback
recem vindo => recemvindo,1,verified_translate,default_translate_fallback
compadeca das => amerceie de,1,verified_translate,default_translate_fallback
diz => dize,1,verified_translate,default_translate_fallback
formas => ∅,1,verified_translate,matched_manual_null_rule
estremeceu => estremecera,1,verified_translate,default_translate_fallback
existencia => exis tencia,1,verified_translate,default_translate_fallback
os lados => as bandas,1,verified_translate,default_translate_fallback
comecara => abrira,1,verified_translate,default_translate_fallback
do quarto => da alcova,1,verified_translate,default_translate_fallback
avolumar se => avultar,1,verified_translate,default_translate_fallback
enviara => expedira,1,verified_translate,default_translate_fallback
acreditar => crer,1,verified_translate,default_translate_fallback
marque => lavre,1,verified_translate,default_translate_fallback
a fazer => faze la,1,verified_translate,default_translate_fallback
redor => torno,1,verified_translate,default_translate_fallback
os receber => recebe los,1,verified_translate,default_translate_fallback
∅ => 10,1,verified_translate,matched_manual_null_rule
tirado => ∅,1,verified_translate,matched_manual_null_rule
∅ => tirado,1,verified_translate,matched_manual_null_rule
dedicava => dava,1,verified_translate,default_translate_fallback
propo => propor,1,verified_translate,default_translate_fallback
∅ => apaixonar,1,verified_translate,matched_manual_null_rule
apaixonar => ∅,1,verified_translate,matched_manual_null_rule
∅ => eu te,1,verified_translate,matched_manual_null_rule
para onde => aonde,1,verified_translate,default_translate_fallback
de onde => donde,1,verified_translate,default_translate_fallback
declive => lancante,1,verified_translate,default_translate_fallback
ribeiro => corrego,1,verified_translate,default_translate_fallback
no mesmo => na mesma,1,verified_translate,default_translate_fallback
fugidos => fujoes,1,verified_translate,default_translate_fallback
apanhado => pegado,1,verified_translate,default_translate_fallback
a olhar para mim => me olhando,1,verified_translate,matched_manual_progressive_rule
∅ => 6,1,verified_translate,matched_manual_null_rule
voltando => tornando,1,verified_translate,default_translate_fallback
chavena => xicrinha,1,verified_translate,default_translate_fallback
∅ => machucar,1,verified_translate,matched_manual_null_rule
magoar => ∅,1,verified_translate,matched_manual_null_rule
o pai => papai,1,verified_translate,default_translate_fallback
a mae => mamae,1,verified_translate,default_translate_fallback
proteger => escamar,1,verified_translate,default_translate_fallback
o advertir do regresso => adverti lo da volta,1,verified_translate,default_translate_fallback
voltou => voltara,1,verified_translate,default_translate_fallback
pos => pusera,1,verified_translate,default_translate_fallback
espreitando => espreitan do,1,verified_translate,default_translate_fallback
apoderei me => apodereime,1,verified_translate,default_translate_fallback
louco => louca,1,verified_translate,default_translate_fallback
os meus => meu,1,verified_translate,default_translate_fallback
enlacei a => enlaceia,1,verified_translate,default_translate_fallback
ao mesmo => a um,1,verified_translate,default_translate_fallback
∅ => o fim de,1,verified_translate,matched_manual_null_rule
pelo passeio oposto => pela calcada oposta,1,verified_translate,default_translate_fallback
sobrolho => cenho,1,verified_translate,default_translate_fallback
a maioria => as mais,1,verified_translate,default_translate_fallback
era dilacerada => eram dilaceradas,1,verified_translate,default_translate_fallback
quando ana => quandoana,1,verified_translate,default_translate_fallback
metido numa => mettido n uma,1,verified_translate,default_translate_fallback
faz => faze,1,verified_translate,default_translate_fallback
∅ => demover,1,verified_translate,matched_manual_null_rule
demover => ∅,1,verified_translate,matched_manual_null_rule
o auxiliar => auxilia lo,1,verified_translate,default_translate_fallback
entregue => entregado,1,verified_translate,default_translate_fallback
encolher => sacudir,1,verified_translate,default_translate_fallback
procurava => buscava,1,verified_translate,matched_gpt_span
∅ => ma,1,verified_translate,matched_manual_null_rule
ma => ∅,1,verified_translate,matched_manual_null_rule
afastavam => arredavam,1,verified_translate,default_translate_fallback
dessem => dariam,1,verified_translate,default_translate_fallback
∅ => falar,1,verified_translate,matched_manual_null_rule
∅ => apresentou,1,verified_translate,matched_manual_null_rule
apresentou => ∅,1,verified_translate,matched_manual_null_rule
a deslumbrar => deslumbrando,1,verified_translate,matched_manual_progressive_rule
a acular => aculando,1,verified_translate,matched_manual_progressive_rule
por => de venderem,1,verified_translate,default_translate_fallback
venderem => ∅,1,verified_translate,matched_manual_null_rule
no campo => na roca,1,verified_translate,default_translate_fallback
ao => com o,1,verified_translate,matched_gpt_span
facto => feito,1,verified_translate,default_translate_fallback
bela misteriosa => bella mysteriosa,1,verified_translate,default_translate_fallback
num => n um,1,verified_translate,default_translate_fallback
faze => fazer,1,verified_translate,default_translate_fallback
a respirar => respirando,1,verified_translate,matched_manual_progressive_rule
a pescar => pescando,1,verified_translate,matched_manual_progressive_rule
preferir => preferem,1,verified_translate,default_translate_fallback
∅ => fundou,1,verified_translate,matched_manual_null_rule
fundou => ∅,1,verified_translate,matched_manual_null_rule
proprietario => dono,1,verified_translate,default_translate_fallback
passar => volver,1,verified_translate,default_translate_fallback
propriedades => pertencas,1,verified_translate,default_translate_fallback
destacava => excedia,1,verified_translate,default_translate_fallback
uma vida => um viver,1,verified_translate,default_translate_fallback
vinha => tomava,1,verified_translate,default_translate_fallback
∅ => volta de,1,verified_translate,matched_manual_null_rule
conseguia perceber => podia achar,1,verified_translate,default_translate_fallback
grupos => ranchos,1,verified_translate,default_translate_fallback
passear => passearem,1,verified_translate,default_translate_fallback
a navegar => navegando,1,verified_translate,matched_manual_progressive_rule
ficou => achou se,1,verified_translate,default_translate_fallback
desci => apeei me,1,verified_translate,default_translate_fallback
se esforcavam => forcejavam,1,verified_translate,default_translate_fallback
libertar => safar,1,verified_translate,default_translate_fallback
coisa sua => cousa de seu,1,verified_translate,default_translate_fallback
asseado => aceiado,1,verified_translate,default_translate_fallback
pajem atras => pagem atraz,1,verified_translate,default_translate_fallback
faltar => gazear,1,verified_translate,default_translate_fallback
vaguear => arruar,1,verified_translate,default_translate_fallback
ocupacao => emprego,1,verified_translate,default_translate_fallback
infantis => pueris,1,verified_translate,default_translate_fallback
∅ => eles se,1,verified_translate,matched_manual_null_rule
escapara => escapar,1,verified_translate,default_translate_fallback
chamava se => chamavase,1,verified_translate,default_translate_fallback
novidades => novas,1,verified_translate,default_translate_fallback
diziam => diziao,1,verified_translate,default_translate_fallback
enfim oposicao => emiim opposicao,1,verified_translate,default_translate_fallback
a sonhar => sonhando,1,verified_translate,matched_manual_progressive_rule
delirar => delir,1,verified_translate,default_translate_fallback
tinha => tivesse,1,verified_translate,default_translate_fallback
∅ => sentava,1,verified_translate,matched_manual_null_rule
sentava => ∅,1,verified_translate,matched_manual_null_rule
leva la => levar sua,1,verified_translate,default_translate_fallback
percorria => per corria,1,verified_translate,default_translate_fallback
coavam => coa lhavam,1,verified_translate,default_translate_fallback
fosse => fora,1,verified_translate,default_translate_fallback
ia => faria,1,verified_translate,default_translate_fallback
∅ => alegre,1,verified_translate,matched_manual_null_rule
quinta => estancia,1,verified_translate,default_translate_fallback
distinguiam => distinguia,1,verified_translate,default_translate_fallback
comecou => principiou,1,verified_translate,default_translate_fallback
policia => poli cia,1,verified_translate,default_translate_fallback
dissiparam => ∅,1,verified_translate,matched_manual_null_rule
∅ => desvaneceram,1,verified_translate,matched_manual_null_rule
∅ => 129,1,verified_translate,matched_manual_null_rule
quatro => quatros,1,verified_translate,default_translate_fallback
a via => ve la,1,verified_translate,default_translate_fallback
respirava => respirar,1,verified_translate,default_translate_fallback
ia => daria,1,verified_translate,default_translate_fallback
disse me => disse0me,1,verified_translate,default_translate_fallback
parlamentar => parlamentario,1,verified_translate,default_translate_fallback
∅ => 52autor teatral nascido no rio de janeiro em 1705 e morto pela inquisicao em lisboa em 1739 177,1,,exception_long_null_span
frincha da => fresta de,1,verified_translate,default_translate_fallback
insistia => instava,1,verified_translate,default_translate_fallback
falecido => finado,1,verified_translate,default_translate_fallback
me => cl,1,verified_translate,default_translate_fallback
robe => penteador,1,verified_translate,default_translate_fallback
∅ => levantar,1,verified_translate,matched_manual_null_rule
levantar => ∅,1,verified_translate,matched_manual_null_rule
∅ => enche,1,verified_translate,matched_manual_null_rule
enche => ∅,1,verified_translate,matched_manual_null_rule
∅ => surge,1,verified_translate,matched_manual_null_rule
surge => ∅,1,verified_translate,matched_manual_null_rule
encarnacao do => encar nacao de,1,verified_translate,default_translate_fallback
criancices => criancadas,1,verified_translate,default_translate_fallback
legal => lega,1,verified_translate,default_translate_fallback
acorria => acudia,1,verified_translate,default_translate_fallback
tivesse => tivera,1,verified_translate,default_translate_fallback
cruzadas => trancadas,1,verified_translate,default_translate_fallback
minha => minh,1,verified_translate,default_translate_fallback
em => e,1,verified_translate,default_translate_fallback
∅ => suspendiam,1,verified_translate,matched_manual_null_rule
suspendiam => ∅,1,verified_translate,matched_manual_null_rule
∅ => 98,1,verified_translate,matched_manual_null_rule
descambava => descaia,1,verified_translate,default_translate_fallback
por essas => dessas,1,verified_translate,default_translate_fallback
champanhe => champanha,1,verified_translate,default_translate_fallback
∅ => fechou,1,verified_translate,matched_manual_null_rule
fechou => ∅,1,verified_translate,matched_manual_null_rule
desde => desd,1,verified_translate,default_translate_fallback
na alma => nalma,1,verified_translate,default_translate_fallback
calcas brancas => calca branca,1,verified_translate,default_translate_fallback
antipatizara => antipa tizara,1,verified_translate,default_translate_fallback
ocorrera => acudira,1,verified_translate,default_translate_fallback
felicidade => felicida de,1,verified_translate,default_translate_fallback
desenrolava => desenvouvia,1,verified_translate,default_translate_fallback
noutra ocasiao => n outra occasiao,1,verified_translate,default_translate_fallback
consequentemente desampara => conseguintemente desamparal,1,verified_translate,default_translate_fallback
deixa => deixal,1,verified_translate,default_translate_fallback
no => laco,1,verified_translate,default_translate_fallback
ri me => rime,1,verified_translate,default_translate_fallback
marinheiro => marujo,1,verified_translate,default_translate_fallback
te => ta,1,verified_translate,default_translate_fallback
quebrar => ∅,1,verified_translate,matched_manual_null_rule
a nas => quebrara em,1,verified_translate,default_translate_fallback
de perder => que perdeu,1,verified_translate,default_translate_fallback
pasmada => pasma,1,verified_translate,default_translate_fallback
assemelhava se => semelhava,1,verified_translate,default_translate_fallback
labios => beicos,1,verified_translate,default_translate_fallback
papa => papai,1,verified_translate,default_translate_fallback
ao discurso => a fala,1,verified_translate,default_translate_fallback
nesse => neste dia,1,verified_translate,default_translate_fallback
avarento pelo => avaro por,1,verified_translate,default_translate_fallback
o pessoal => a gente,1,verified_translate,default_translate_fallback
vo => vol,1,verified_translate,default_translate_fallback
lo => o,1,verified_translate,default_translate_fallback
nao deixou => deixasse,1,verified_translate,default_translate_fallback
cavaleiros prosseguiram => cavalleiros proseguirao,1,verified_translate,default_translate_fallback
entranharam => entranharao,1,verified_translate,default_translate_fallback
catorze => quatorze,1,verified_translate,matched_gpt_span
cheia => enchente,1,verified_translate,default_translate_fallback
lutassem => lutavam,1,verified_translate,default_translate_fallback
sentados junto => assentados junta,1,verified_translate,default_translate_fallback
oicam => oihem,1,verified_translate,default_translate_fallback
roi => roe,1,verified_translate,default_translate_fallback
te lembras => se lembra voce,1,verified_translate,default_translate_fallback
disseste => disse,1,verified_translate,default_translate_fallback
penteada => toucada,1,verified_translate,default_translate_fallback
jovem => mancebo,1,verified_translate,default_translate_fallback
∅ => crivar,1,verified_translate,matched_manual_null_rule
cravar => ∅,1,verified_translate,matched_manual_null_rule
∅ => apressei,1,verified_translate,matched_manual_null_rule
apressei => ∅,1,verified_translate,matched_manual_null_rule
testa => ∅,1,verified_translate,matched_manual_null_rule
cativante => capitosa,1,verified_translate,default_translate_fallback
∅ => se lhe,1,verified_translate,matched_manual_null_rule
retirou se => retirouse,1,verified_translate,default_translate_fallback
emudeceu => ∅,1,verified_translate,matched_manual_null_rule
∅ => emudecera,1,verified_translate,matched_manual_null_rule
veredicto => veredictum,1,verified_translate,default_translate_fallback
dele => d elle,1,verified_translate,default_translate_fallback
menosprezo => menoscabo,1,verified_translate,default_translate_fallback
tentasse => tentava,1,verified_translate,default_translate_fallback
os ramos => as ramas,1,verified_translate,default_translate_fallback
viam => via,1,verified_translate,default_translate_fallback
musgo => limo,1,verified_translate,default_translate_fallback
pos se => posse,1,verified_translate,default_translate_fallback
lado => ∅,1,verified_translate,matched_manual_null_rule
∅ => lado,1,verified_translate,matched_manual_null_rule
ouvia se => ouviase,1,verified_translate,default_translate_fallback
sentia se => sentiase,1,verified_translate,default_translate_fallback
postar se => postarse,1,verified_translate,default_translate_fallback
∅ => sentar,1,verified_translate,matched_manual_null_rule
sentar => ∅,1,verified_translate,matched_manual_null_rule
apregoada => assoalhada,1,verified_translate,default_translate_fallback
comprida luva => comprido guante,1,verified_translate,default_translate_fallback
erguem => erricam,1,verified_translate,default_translate_fallback
ramos => esgalhos,1,verified_translate,default_translate_fallback
∅ => mareou,1,verified_translate,matched_manual_null_rule
mareou => ∅,1,verified_translate,matched_manual_null_rule
dos seus modos => de suas maneiras,1,verified_translate,default_translate_fallback
traje => trajo,1,verified_translate,default_translate_fallback
vaidade => faceirice,1,verified_translate,default_translate_fallback
o tecido => a fazenda,1,verified_translate,default_translate_fallback
tentar => fazer por,1,verified_translate,default_translate_fallback
conseguir => puder,1,verified_translate,default_translate_fallback
encostei => cosi,1,verified_translate,default_translate_fallback
o senhor => sinho,1,verified_translate,default_translate_fallback
senhor => sio,1,verified_translate,default_translate_fallback
na qual => em que,1,verified_translate,default_translate_fallback
parente => parenta,1,verified_translate,default_translate_fallback
com o => como,1,verified_translate,default_translate_fallback
da => se,1,verified_translate,default_translate_fallback
escadas => ∅,1,verified_translate,matched_manual_null_rule
a maior parte => o mais,1,verified_translate,default_translate_fallback
de manha => as manhas,1,verified_translate,default_translate_fallback
fossem => foram,1,verified_translate,default_translate_fallback
dessa => d essa,1,verified_translate,default_translate_fallback
∅ => 62,1,verified_translate,matched_manual_null_rule
∅ => rebelar,1,verified_translate,matched_manual_null_rule
rebelar => ∅,1,verified_translate,matched_manual_null_rule
∅ => muito friorento compadeceu se dele e inventou o tecido para,1,,exception_long_null_span
em vao => embalde,1,verified_translate,default_translate_fallback
local => ∅,1,verified_translate,matched_manual_null_rule
sabido => sedico,1,verified_translate,default_translate_fallback
andares => pavimentos,1,verified_translate,default_translate_fallback
beija => beijar,1,verified_translate,default_translate_fallback
decidido a => ∅,1,verified_translate,matched_manual_null_rule
ir => iria,1,verified_translate,default_translate_fallback
coser => costurar,1,verified_translate,default_translate_fallback
secura => sequidao,1,verified_translate,default_translate_fallback
tu louvas => voce louva,1,verified_translate,default_translate_fallback
te => o,1,verified_translate,default_translate_fallback
magoes => machuques,1,verified_translate,default_translate_fallback
do meu casaco => da minha casaca,1,verified_translate,default_translate_fallback
libertam => liberam,1,verified_translate,matched_gpt_span
quebrando => que brando,1,verified_translate,default_translate_fallback
estava => es tava,1,verified_translate,default_translate_fallback
pelo => do,1,verified_translate,default_translate_fallback
corsario nao => corsarion ao,1,verified_translate,default_translate_fallback
sombra => som bra,1,verified_translate,default_translate_fallback
nela => n ella,1,verified_translate,default_translate_fallback
naquela => n aquella,1,verified_translate,default_translate_fallback
ajuda => demao,1,verified_translate,default_translate_fallback
busca los => buscar,1,verified_translate,default_translate_fallback
filosofia => philosophia,1,verified_translate,default_translate_fallback
lha => lhe,1,verified_translate,default_translate_fallback
∅ => ficar,1,verified_translate,matched_manual_null_rule
com a => de,1,verified_translate,default_translate_fallback
inicio => principio,1,verified_translate,default_translate_fallback
em frente => defronte,1,verified_translate,default_translate_fallback
madrugada => antemanha,1,verified_translate,default_translate_fallback
tivesse => tem,1,verified_translate,default_translate_fallback
seguido => passado,1,verified_translate,default_translate_fallback
∅ => voltar atras,1,verified_translate,matched_manual_null_rule
voltar atras => ∅,1,verified_translate,matched_manual_null_rule
lado => par,1,verified_translate,default_translate_fallback
titubeante uma => titubiante,1,verified_translate,default_translate_fallback
bamboleava => ∅,1,verified_translate,matched_manual_null_rule
∅ => bambaleava,1,verified_translate,matched_manual_null_rule
liso => corrido,1,verified_translate,default_translate_fallback
curioso => abelhudo,1,verified_translate,default_translate_fallback
a divertir => divertindo,1,verified_translate,matched_manual_progressive_rule
ja conheci => tenho conhecido no,1,verified_translate,default_translate_fallback
em => a meia,1,verified_translate,default_translate_fallback
baixa => ∅,1,verified_translate,matched_manual_null_rule
pensa => cuida,1,verified_translate,default_translate_fallback
ouviu => ouvira,1,verified_translate,default_translate_fallback
como que => ∅,1,verified_translate,matched_manual_null_rule
repreende la => modo de ralho,1,verified_translate,default_translate_fallback
momento => lance,1,verified_translate,default_translate_fallback
esta do nosso lado => e por nos,1,verified_translate,default_translate_fallback
∅ => abaixar,1,verified_translate,matched_manual_null_rule
abaixar => ∅,1,verified_translate,matched_manual_null_rule
chapeu => claque,1,verified_translate,default_translate_fallback
espolinhando => espolinhar,1,verified_translate,default_translate_fallback
na qual => em cuja lapide,1,verified_translate,default_translate_fallback
apanhavam => pilhavam,1,verified_translate,default_translate_fallback
a espera dele => esperando por ele,1,verified_translate,default_translate_fallback
rapazes => mocos,1,verified_translate,default_translate_fallback
dizel => dize,1,verified_translate,default_translate_fallback
nao pronunciara => pronunciava,1,verified_translate,default_translate_fallback
a esse tempo => aquela epoca,1,verified_translate,default_translate_fallback
∅ => errando,1,verified_translate,matched_manual_null_rule
largos => grandes,1,verified_translate,default_translate_fallback
grossas => grandes,1,verified_translate,default_translate_fallback
amar => ama la,1,verified_translate,default_translate_fallback
inocentinha => inocente,1,verified_translate,default_translate_fallback
valado => mato,1,verified_translate,default_translate_fallback
a remexer => remexendo,1,verified_translate,matched_manual_progressive_rule
caudilho => chefe,1,verified_translate,default_translate_fallback
a => como,1,verified_translate,default_translate_fallback
fulva => dourada,1,verified_translate,default_translate_fallback
mama => mamae o,1,verified_translate,default_translate_fallback
padre => pai,1,verified_translate,default_translate_fallback
cachopas => meninas,1,verified_translate,default_translate_fallback
vol => ∅,1,verified_translate,matched_manual_null_rule
o => lhes,1,verified_translate,default_translate_fallback
a => do,1,verified_translate,default_translate_fallback
respaldo => encosto,1,verified_translate,default_translate_fallback
estava => havia,1,verified_translate,default_translate_fallback
recamara => alcova,1,verified_translate,default_translate_fallback
alfaias => moveis,1,verified_translate,default_translate_fallback
∅ => bom,1,verified_translate,matched_manual_null_rule
do meu labio => dos meus labios,1,verified_translate,default_translate_fallback
tomou => pegou,1,verified_translate,default_translate_fallback
∅ => eu as,1,verified_translate,matched_manual_null_rule
tem => esta,1,verified_translate,default_translate_fallback
lugar => vez,1,verified_translate,default_translate_fallback
me => que,1,verified_translate,default_translate_fallback
na algibeira bocados => no bolso pedacos,1,verified_translate,default_translate_fallback
galgar => subir,1,verified_translate,default_translate_fallback
penetrava subtilmente => entrava sutilmente,1,verified_translate,default_translate_fallback
cavalarica => estrebaria,1,verified_translate,default_translate_fallback
no tampo => na tampa,1,verified_translate,default_translate_fallback
uma barrica vazia => um barril vazio,1,verified_translate,default_translate_fallback
jaquetao => paleto,1,verified_translate,default_translate_fallback
regalada => deliciada,1,verified_translate,default_translate_fallback
rico cheirinho a => cheiro bom de,1,verified_translate,default_translate_fallback
fica => cabe,1,verified_translate,default_translate_fallback
muita profissao => muitas profissoes,1,verified_translate,default_translate_fallback
feminil => feminino,1,verified_translate,default_translate_fallback
deprimente => degradante,1,verified_translate,default_translate_fallback
com => materiais,1,verified_translate,default_translate_fallback
materiais numa => em uma,1,verified_translate,default_translate_fallback
jornal pincelando => salario pintando,1,verified_translate,default_translate_fallback
victoria reboam => vitoria ressoam,1,verified_translate,default_translate_fallback
fr => frei,1,verified_translate,default_translate_fallback
finalmente => pouco,1,verified_translate,default_translate_fallback
salvante => exceto,1,verified_translate,default_translate_fallback
histoia de => historia da,1,verified_translate,default_translate_fallback
oue => que,1,verified_translate,default_translate_fallback
fatigante => cansativo,1,verified_translate,default_translate_fallback
es tu propria => e voce mesma,1,verified_translate,default_translate_fallback
exprimiam => expressavam,1,verified_translate,default_translate_fallback
da cara pegada => do rosto colada,1,verified_translate,default_translate_fallback
lhe saiam => se destacavam,1,verified_translate,default_translate_fallback
os bordos => as bordas,1,verified_translate,default_translate_fallback
cavernas => cavidades,1,verified_translate,default_translate_fallback
debruadas => ∅,1,verified_translate,matched_manual_null_rule
de => contornadas por,1,verified_translate,default_translate_fallback
cavalete => dorso,1,verified_translate,default_translate_fallback
guias => pontas,1,verified_translate,default_translate_fallback
luzentes recurvas => curvas brilhantes,1,verified_translate,default_translate_fallback
principia => comeca,1,verified_translate,default_translate_fallback
a dar => que prestar,1,verified_translate,default_translate_fallback
enquante => enquanto,1,verified_translate,default_translate_fallback
saldadas => quitadas,1,verified_translate,default_translate_fallback
consigo => com voce,1,verified_translate,default_translate_fallback
a escorrer => escorrendo,1,verified_translate,matched_manual_progressive_rule
apanhar => colher,1,verified_translate,default_translate_fallback
d essas => dessas,1,verified_translate,default_translate_fallback
sohiao => costumavam,1,verified_translate,default_translate_fallback
estes sinaes => esses sinais,1,verified_translate,default_translate_fallback
viao => viam,1,verified_translate,default_translate_fallback
∅ => anteriores,1,verified_translate,matched_manual_null_rule
antecedentes => ∅,1,verified_translate,matched_manual_null_rule
mo mui => me muito,1,verified_translate,default_translate_fallback
taes accidentes => tais acidentes,1,verified_translate,default_translate_fallback
naturaes => nativos,1,verified_translate,default_translate_fallback
naturaes quasi => nativos quase,1,verified_translate,default_translate_fallback
bailar => dancar,1,verified_translate,default_translate_fallback
surdas => escondidas,1,verified_translate,default_translate_fallback
depos => depositou,1,verified_translate,default_translate_fallback
fronteira => em frente,1,verified_translate,default_translate_fallback
senhoreou => apoderou,1,verified_translate,default_translate_fallback
lha => a,1,verified_translate,default_translate_fallback
lisboa => o rio de janeiro,1,verified_translate,default_translate_fallback
devesas => matas,1,verified_translate,default_translate_fallback
acatamento => respeito,1,verified_translate,default_translate_fallback
falta => duvida,1,verified_translate,default_translate_fallback
traz d => tras de,1,verified_translate,default_translate_fallback
principiasse => comecasse,1,verified_translate,default_translate_fallback
entrelembro => lembro,1,verified_translate,default_translate_fallback
alvorocadamente => apressadamente,1,verified_translate,default_translate_fallback
a cara coberta => o rosto coberto,1,verified_translate,default_translate_fallback
ella enregelou => ela congelou,1,verified_translate,default_translate_fallback
golphava => pulsava,1,verified_translate,default_translate_fallback
d essa => dessa,1,verified_translate,default_translate_fallback
frialdade => frieza,1,verified_translate,default_translate_fallback
as pestanas => aos cilios,1,verified_translate,default_translate_fallback
embebedar => embriagar,1,verified_translate,default_translate_fallback
genebra => gim,1,verified_translate,default_translate_fallback
o examinar => examina lo,1,verified_translate,default_translate_fallback
despedacou o o => foi despedacado pelo,1,verified_translate,default_translate_fallback
desaffogo => desabafo,1,verified_translate,default_translate_fallback
crueza => crueldade,1,verified_translate,default_translate_fallback
aprazimento => contentamento,1,verified_translate,default_translate_fallback
muita vez => muitas vezes,1,verified_translate,default_translate_fallback
sabes que mais => sabe de uma coisa,1,verified_translate,default_translate_fallback
vencera => ∅,1,verified_translate,matched_manual_null_rule
∅ => havia superado,1,verified_translate,matched_manual_null_rule
de si para si => consigo mesmo,1,verified_translate,default_translate_fallback
o que quer que fosse => algo de,1,verified_translate,default_translate_fallback
coisas => feitos,1,verified_translate,default_translate_fallback
optimamente => otimo,1,verified_translate,default_translate_fallback
grao => grande,1,verified_translate,default_translate_fallback
soffrer => ∅,1,verified_translate,matched_manual_null_rule
∅ => sofrer,1,verified_translate,matched_manual_null_rule
t e e nos => tem em,1,verified_translate,default_translate_fallback
arte => forma,1,verified_translate,default_translate_fallback
d aquillo => daquilo,1,verified_translate,default_translate_fallback
este => esteja,1,verified_translate,default_translate_fallback
∅ => tambem nao,1,verified_translate,matched_manual_null_rule
mudaram => mudou,1,verified_translate,default_translate_fallback
por => pela alta,1,verified_translate,default_translate_fallback
alta => ∅,1,verified_translate,matched_manual_null_rule
∅ => o frio da noite de ontem,1,verified_translate,matched_manual_null_rule
o frio na noite de ontem => ∅,1,verified_translate,matched_manual_null_rule
falta de => sem,1,verified_translate,default_translate_fallback
comportar => suportar,1,verified_translate,default_translate_fallback
permanecera => permaneceu,1,verified_translate,default_translate_fallback
a resmungar => resmungando,1,verified_translate,matched_manual_progressive_rule
apinhava => apinhavam,1,verified_translate,default_translate_fallback
na amontoacao dos => no amontoado de,1,verified_translate,default_translate_fallback
malcriados => mal educados,1,verified_translate,default_translate_fallback
andas tu a procurar => voce anda procurando,1,verified_translate,default_translate_fallback
sugestionadora => sugestiva,1,verified_translate,default_translate_fallback
subito => repente,1,verified_translate,default_translate_fallback
∅ => meu,1,verified_translate,matched_manual_null_rule
recolhesse ao => fosse para o,1,verified_translate,default_translate_fallback
trouxera => trouxe,1,verified_translate,default_translate_fallback
mandara => mandou,1,verified_translate,default_translate_fallback
o velar => vigia lo,1,verified_translate,default_translate_fallback
radiosas => radiantes,1,verified_translate,default_translate_fallback
quedando se => ficando,1,verified_translate,default_translate_fallback
sucedesse => acontecesse,1,verified_translate,default_translate_fallback
lucra => ∅,1,verified_translate,matched_manual_null_rule
em => ganha ao,1,verified_translate,default_translate_fallback
se observam => observados,1,verified_translate,default_translate_fallback
inverso => contrario,1,verified_translate,default_translate_fallback
∅ => pouco,1,verified_translate,matched_manual_null_rule
pouco e => ∅,1,verified_translate,matched_manual_null_rule
d uma pegada => de um rastro,1,verified_translate,default_translate_fallback
nodoa => mancha,1,verified_translate,default_translate_fallback
tomou um cavallo => montou a cavalo,1,verified_translate,default_translate_fallback
luzir => brilho,1,verified_translate,default_translate_fallback
na alcova luiza => no quarto luisa,1,verified_translate,default_translate_fallback
extinta => fraca,1,verified_translate,default_translate_fallback
dai a pouco => logo,1,verified_translate,default_translate_fallback
se lhe rapasse => raspassem,1,verified_translate,default_translate_fallback
transido => tremulo,1,verified_translate,default_translate_fallback
interiormente => ∅,1,verified_translate,matched_manual_null_rule
∅ => por dentro,1,verified_translate,matched_manual_null_rule
ferrugentas => enferrujadas,1,verified_translate,default_translate_fallback
russa => ruca,1,verified_translate,default_translate_fallback
compoz => compos,1,verified_translate,default_translate_fallback
d ermitoes => de eremitas,1,verified_translate,default_translate_fallback
v rao => verao,1,verified_translate,default_translate_fallback
amadura => amadurece,1,verified_translate,default_translate_fallback
dera => entregara,1,verified_translate,default_translate_fallback
toda a sua face => todo o seu rosto,1,verified_translate,default_translate_fallback
a caricia das => o carinho de,1,verified_translate,default_translate_fallback
comporta => permite,1,verified_translate,default_translate_fallback
esperar => espera,1,verified_translate,default_translate_fallback
chapeo => chapeu,1,verified_translate,default_translate_fallback
talham => cortam,1,verified_translate,default_translate_fallback
tomam a si => assumem,1,verified_translate,default_translate_fallback
irmaosinhos => irmaos,1,verified_translate,default_translate_fallback
em architectura => na arquitetura,1,verified_translate,default_translate_fallback
abstracta d essa => abstrata dessa,1,verified_translate,default_translate_fallback
alvar => tolo,1,verified_translate,default_translate_fallback
beicos gordos => labios grossos,1,verified_translate,default_translate_fallback
lambareiros => gulosos,1,verified_translate,default_translate_fallback
fato => traje,1,verified_translate,default_translate_fallback
nos => pelos,1,verified_translate,default_translate_fallback
ademanes => gestos,1,verified_translate,default_translate_fallback
pelas => por meio de,1,verified_translate,default_translate_fallback
pouco convencionaes das => tanto convencionais de,1,verified_translate,default_translate_fallback
cuvilheiras => criadas,1,verified_translate,default_translate_fallback
o apunhalar => apunhala lo,1,verified_translate,default_translate_fallback
enfrascou => embriagou,1,verified_translate,default_translate_fallback
o arrastar => arrasta lo,1,verified_translate,default_translate_fallback
candeeiros => postes de luz,1,verified_translate,default_translate_fallback
placa => medalha,1,verified_translate,default_translate_fallback
tracando a perna => cruzando as pernas,1,verified_translate,default_translate_fallback
defronte => em frente,1,verified_translate,default_translate_fallback
lhe deu na veneta para => teve a ideia de,1,verified_translate,default_translate_fallback
madeixas => mechas,1,verified_translate,default_translate_fallback
atam => amarram o lenco,1,verified_translate,default_translate_fallback
o lenco => ∅,1,verified_translate,matched_manual_null_rule
retintos => intensos,1,verified_translate,default_translate_fallback
fe => fez,1,verified_translate,default_translate_fallback
lo redemoinhar => lhe dar voltas,1,verified_translate,default_translate_fallback
ajuntou => acrescentou,1,verified_translate,default_translate_fallback
sestro => habito,1,verified_translate,default_translate_fallback
timbram em => se orgulham de,1,verified_translate,default_translate_fallback
mulheril => feminina,1,verified_translate,default_translate_fallback
ia => estava,1,verified_translate,default_translate_fallback
tinha querido => quisera,1,verified_translate,default_translate_fallback
tu devias te => voce devia se,1,verified_translate,default_translate_fallback
petiza => menina,1,verified_translate,default_translate_fallback
crescerao => cresceram,1,verified_translate,default_translate_fallback
engrandecerao => engrandeceram,1,verified_translate,default_translate_fallback
derao => deram,1,verified_translate,default_translate_fallback
o coche => a carruagem,1,verified_translate,default_translate_fallback
architectura principiou => arquitetura comecou,1,verified_translate,default_translate_fallback
conteem factos => contem fatos,1,verified_translate,default_translate_fallback
d esse => desse,1,verified_translate,default_translate_fallback
u => em,1,verified_translate,default_translate_fallback
nimiamente => excessivamente,1,verified_translate,default_translate_fallback
a tyro => tiro,1,verified_translate,default_translate_fallback
avie => apresse,1,verified_translate,default_translate_fallback
approximar => ∅,1,verified_translate,matched_manual_null_rule
∅ => aproximar,1,verified_translate,matched_manual_null_rule
hirta => imovel,1,verified_translate,default_translate_fallback
luz => brilha,1,verified_translate,default_translate_fallback
afadigados => atarefados,1,verified_translate,default_translate_fallback
culturas => plantacoes,1,verified_translate,default_translate_fallback
avolumam => aumentam,1,verified_translate,default_translate_fallback
nada => pouco,1,verified_translate,default_translate_fallback
riba de => beira do,1,verified_translate,default_translate_fallback
toucar => enfeitar,1,verified_translate,default_translate_fallback
∅ => rosalinda,1,verified_translate,matched_manual_null_rule
rosalinda => ∅,1,verified_translate,matched_manual_null_rule
a acucena => o lirio,1,verified_translate,default_translate_fallback
manhan => manha,1,verified_translate,default_translate_fallback
banda => lado,1,verified_translate,default_translate_fallback
d elles sao => dentre eles ha,1,verified_translate,default_translate_fallback
d elles => dentre eles,1,verified_translate,default_translate_fallback
estio => verao,1,verified_translate,default_translate_fallback
vive nellas => vivem nelas,1,verified_translate,default_translate_fallback
ditoso => ditosa,1,verified_translate,default_translate_fallback
fizera => faria,1,verified_translate,default_translate_fallback
vira => visse,1,verified_translate,default_translate_fallback
trilhava a cauda a => pisava o rabo de,1,verified_translate,default_translate_fallback
a engulir => de engolir,1,verified_translate,default_translate_fallback
viva => ∅,1,verified_translate,matched_manual_null_rule
dos leitos => das camas,1,verified_translate,default_translate_fallback
∅ => afastar,1,verified_translate,matched_manual_null_rule
outro => no,1,verified_translate,default_translate_fallback
lhes esta a apagar => apagando,1,verified_translate,default_translate_fallback
os a => ∅,1,verified_translate,matched_manual_null_rule
chegaria => seria suficiente,1,verified_translate,default_translate_fallback
o trato => viver,1,verified_translate,default_translate_fallback
escritos => documentos,1,verified_translate,default_translate_fallback
desoprimida => aliviada,1,verified_translate,default_translate_fallback
raparigaca => moca,1,verified_translate,default_translate_fallback
mancebia => relacao,1,verified_translate,default_translate_fallback
∅ => por varias,1,verified_translate,matched_manual_null_rule
sofria => causava,1,verified_translate,default_translate_fallback
∅ => era o,1,verified_translate,matched_manual_null_rule
passava => em,1,verified_translate,default_translate_fallback
∅ => ele nao,1,verified_translate,matched_manual_null_rule
nao atazanasse => atormentava,1,verified_translate,default_translate_fallback
acerca de => sobre,1,verified_translate,default_translate_fallback
a uma => ao mesmo tempo,1,verified_translate,default_translate_fallback
contra => para,1,verified_translate,default_translate_fallback
arrima => encosta,1,verified_translate,default_translate_fallback
fraga => pedra,1,verified_translate,default_translate_fallback
quedar me p ra => ficar para,1,verified_translate,default_translate_fallback
sofrer => suportar,1,verified_translate,default_translate_fallback
conservar => manter,1,verified_translate,default_translate_fallback
a carreira => as pressas,1,verified_translate,default_translate_fallback
a levar => leva la,1,verified_translate,default_translate_fallback
descargo => alivio,1,verified_translate,default_translate_fallback
ceado => jantado,1,verified_translate,default_translate_fallback
fizesses => fizesse,1,verified_translate,default_translate_fallback
da azenha => do moinho,1,verified_translate,default_translate_fallback
d engeitado => de enjeitado,1,verified_translate,default_translate_fallback
poderes => poder,1,verified_translate,default_translate_fallback
diferencar te => se diferenciar,1,verified_translate,default_translate_fallback
tornou => tudo voltou,1,verified_translate,default_translate_fallback
tudo => ∅,1,verified_translate,matched_manual_null_rule
numa choupana => em uma cabana,1,verified_translate,default_translate_fallback
olharam => ∅,1,verified_translate,matched_manual_null_rule
entre si => entreolharam,1,verified_translate,default_translate_fallback
doutor => douto,1,verified_translate,default_translate_fallback
despil => despi,1,verified_translate,default_translate_fallback
tornarei => voltarei,1,verified_translate,default_translate_fallback
fosse => tenha sido,1,verified_translate,default_translate_fallback
de aqui => daqui,1,verified_translate,default_translate_fallback
d aquella janella => daquela janela,1,verified_translate,default_translate_fallback
pes => pez,1,verified_translate,default_translate_fallback
arvorado => erigido,1,verified_translate,default_translate_fallback
a beira => ao lado,1,verified_translate,default_translate_fallback
pasmoso => espantoso,1,verified_translate,default_translate_fallback
meu projectos => meus projetos,1,verified_translate,default_translate_fallback
mystica belleza => mistica beleza,1,verified_translate,default_translate_fallback
rendeo => rendeu,1,verified_translate,default_translate_fallback
conhecao => conhecam,1,verified_translate,default_translate_fallback
du => da,1,verified_translate,default_translate_fallback
volta => volto,1,verified_translate,default_translate_fallback
escroc => escroque,1,verified_translate,default_translate_fallback
sonambolico => sonambulo,1,verified_translate,default_translate_fallback
sobrehumana => sobre humana,1,verified_translate,default_translate_fallback
robles => carvalhos,1,verified_translate,default_translate_fallback
decotou => desgalhou,1,verified_translate,default_translate_fallback
macem => incomodem,1,verified_translate,default_translate_fallback
empenho => favor,1,verified_translate,default_translate_fallback
gozar => aproveitar,1,verified_translate,default_translate_fallback
c roa => coroa,1,verified_translate,default_translate_fallback
d othelo => de otelo,1,verified_translate,default_translate_fallback
cuidando => achando,1,verified_translate,default_translate_fallback
movia => convenceria,1,verified_translate,default_translate_fallback
repelido => rejeitado,1,verified_translate,default_translate_fallback
dum moco => de um jovem,1,verified_translate,default_translate_fallback
na mao => estava nas maos,1,verified_translate,default_translate_fallback
estava => ∅,1,verified_translate,matched_manual_null_rule
ditosa => feliz,1,verified_translate,default_translate_fallback
fiz => prestei,1,verified_translate,default_translate_fallback
tu partias => voce ia embora,1,verified_translate,default_translate_fallback
n elle => nela,1,verified_translate,default_translate_fallback
d este => desse,1,verified_translate,default_translate_fallback
principaes scenas d este => principais cenas deste,1,verified_translate,default_translate_fallback
paes n => pais em,1,verified_translate,default_translate_fallback
castello mourisco => castelo mouro,1,verified_translate,default_translate_fallback
cerrado => fechado,1,verified_translate,default_translate_fallback
confrangido a => se encolhido pela,1,verified_translate,default_translate_fallback
maninhos => terrenos,1,verified_translate,default_translate_fallback
∅ => restando lhe,1,verified_translate,matched_manual_null_rule
lhe restava => ∅,1,verified_translate,matched_manual_null_rule
∅ => o cansaco,1,verified_translate,matched_manual_null_rule
fadiga readormecia a de => fazia adormecer novamente mas era,1,verified_translate,default_translate_fallback
as agarrar => agarra los,1,verified_translate,default_translate_fallback
abracai => abracem,1,verified_translate,default_translate_fallback
dai => deem,1,verified_translate,default_translate_fallback
mui ansiada => muito ansiosa,1,verified_translate,default_translate_fallback
seio dele => seu peito,1,verified_translate,default_translate_fallback
queixamo => ∅,1,verified_translate,matched_manual_null_rule
∅ => queixamos,1,verified_translate,matched_manual_null_rule
acoimava => acusava,1,verified_translate,default_translate_fallback
em demasia => muito,1,verified_translate,default_translate_fallback
candeia => lamparina,1,verified_translate,default_translate_fallback
soalho => chao,1,verified_translate,default_translate_fallback
um alguidar vidrado => uma bacia esmaltada,1,verified_translate,default_translate_fallback
d uma tripeca => de um tripe,1,verified_translate,default_translate_fallback
alguidar => bacia,1,verified_translate,default_translate_fallback
nenhumas => quaisquer outras,1,verified_translate,default_translate_fallback
aqueles dizeres => aquelas palavras,1,verified_translate,default_translate_fallback
vias ferreas => ferrovias,1,verified_translate,default_translate_fallback
tanto a proposito => tao oportuna,1,verified_translate,default_translate_fallback
ser completa => que,1,verified_translate,default_translate_fallback
∅ => fosse completa,1,verified_translate,matched_manual_null_rule
encadeados => acorrentados,1,verified_translate,default_translate_fallback
quanto vira lhe => o que via,1,verified_translate,default_translate_fallback
costear ribeiros => de caminhar a beira de riachos,1,verified_translate,default_translate_fallback
gadanhas => foices,1,verified_translate,default_translate_fallback
namorara => apaixonara,1,verified_translate,default_translate_fallback
luziam => brilhavam,1,verified_translate,default_translate_fallback
servia => adiantava,1,verified_translate,default_translate_fallback
paquetes => navios,1,verified_translate,default_translate_fallback
soffrera deshonra => sofrera desonra,1,verified_translate,default_translate_fallback
sosteve => sustentou,1,verified_translate,default_translate_fallback
pela volta => pelo retorno,1,verified_translate,default_translate_fallback
colos => pescocos,1,verified_translate,default_translate_fallback
semi abertas => semiabertas,1,verified_translate,default_translate_fallback
enchera => encheu,1,verified_translate,default_translate_fallback
dera => deu,1,verified_translate,default_translate_fallback
lettra d aquellas => letra daquelas,1,verified_translate,default_translate_fallback
heide => hei de,1,verified_translate,default_translate_fallback
n este => neste,1,verified_translate,default_translate_fallback
morrera => havia morrido,1,verified_translate,default_translate_fallback
doudo => louco,1,verified_translate,default_translate_fallback
surdia d => surgia de,1,verified_translate,default_translate_fallback
aquelle ceo => aquele ceu,1,verified_translate,default_translate_fallback
volvidas => depois,1,verified_translate,default_translate_fallback
derrico => namoro,1,verified_translate,default_translate_fallback
desinteressara => desinteressou,1,verified_translate,default_translate_fallback
a pouco e pouco => aos poucos,1,verified_translate,default_translate_fallback
declarara => declarou,1,verified_translate,default_translate_fallback
dizes => diz,1,verified_translate,default_translate_fallback
rega => irrigacao,1,verified_translate,default_translate_fallback
na quinta => no sitio,1,verified_translate,default_translate_fallback
anniversario duma => aniversario de uma,1,verified_translate,default_translate_fallback
ente => ser,1,verified_translate,default_translate_fallback
a pesar => apesar,1,verified_translate,default_translate_fallback
t os => tos,1,verified_translate,default_translate_fallback
asp ras => asperas,1,verified_translate,default_translate_fallback
mai => mae,1,verified_translate,default_translate_fallback
∅ => meus,1,verified_translate,matched_manual_null_rule
contara => contou,1,verified_translate,default_translate_fallback
∅ => henrique,1,verified_translate,matched_manual_null_rule
henrique => ∅,1,verified_translate,matched_manual_null_rule
n => nas,1,verified_translate,default_translate_fallback
huma nympha => uma ninfa,1,verified_translate,default_translate_fallback
mor damno => maior dano,1,verified_translate,default_translate_fallback
he d => e de,1,verified_translate,default_translate_fallback
apparencias ahi => aparencias ai,1,verified_translate,default_translate_fallback
d antes => dantes,1,verified_translate,default_translate_fallback
m o => mo,1,verified_translate,default_translate_fallback
fora => fosse,1,verified_translate,default_translate_fallback
n esta => nessa,1,verified_translate,default_translate_fallback
∅ => poderia,1,verified_translate,matched_manual_null_rule
poderia => ∅,1,verified_translate,matched_manual_null_rule
endomingada => de domingo,1,verified_translate,default_translate_fallback
derreado => cansado,1,verified_translate,default_translate_fallback
gozavam => aproveitavam,1,verified_translate,default_translate_fallback
hem => ha,1,verified_translate,default_translate_fallback
pelos modos => pelo visto,1,verified_translate,default_translate_fallback
com tudo thereza => contudo teresa,1,verified_translate,default_translate_fallback
thereza luiz => teresa luis,1,verified_translate,default_translate_fallback
secante => enfadonho,1,verified_translate,default_translate_fallback
matador => assassino,1,verified_translate,default_translate_fallback
zurziu => ∅,1,verified_translate,matched_manual_null_rule
∅ => acoitou,1,verified_translate,matched_manual_null_rule
dor => piedade,1,verified_translate,default_translate_fallback
descera => desceu,1,verified_translate,default_translate_fallback
arrieiro aldrabou => tropeiro bateu,1,verified_translate,default_translate_fallback
lhe pela => por sua,1,verified_translate,default_translate_fallback
advertida => avisada,1,verified_translate,default_translate_fallback
esbugalhou => arregalou,1,verified_translate,default_translate_fallback
poque => pelo qual,1,verified_translate,default_translate_fallback
cambiantes => matizes,1,verified_translate,default_translate_fallback
bafio => mofo,1,verified_translate,default_translate_fallback
lancada => escrita,1,verified_translate,default_translate_fallback
ler se toda => ser lida por inteiro,1,verified_translate,default_translate_fallback
ella alludiremos => ela aludiremos,1,verified_translate,default_translate_fallback
n esta occasiao => nessa ocasiao,1,verified_translate,default_translate_fallback
folhos => babados,1,verified_translate,default_translate_fallback
bicha => fila,1,verified_translate,default_translate_fallback
dezeseis mezes => dezesseis meses,1,verified_translate,default_translate_fallback
foragi => refugiei,1,verified_translate,default_translate_fallback
em bicos de => na ponta dos,1,verified_translate,default_translate_fallback
tinhas pouco => voce tinha,1,verified_translate,default_translate_fallback
saira => tinha saido,1,verified_translate,default_translate_fallback
julgamos => achamos,1,verified_translate,default_translate_fallback
ambos => dois que era uma,1,verified_translate,default_translate_fallback
havia => ha,1,verified_translate,default_translate_fallback
traziamos na cabeca => tinhamos em mente,1,verified_translate,default_translate_fallback
n uma setteira => numa seteira,1,verified_translate,default_translate_fallback
c ravella => caravela,1,verified_translate,default_translate_fallback
aope => ao pe,1,verified_translate,default_translate_fallback
esta demasia => esse excesso,1,verified_translate,default_translate_fallback
concorreu => contribuiu,1,verified_translate,default_translate_fallback
∅ => decisao,1,verified_translate,matched_manual_null_rule
resolucao => ∅,1,verified_translate,matched_manual_null_rule
de mais a mais => alem disso,1,verified_translate,default_translate_fallback
ela => ∅,1,verified_translate,matched_manual_null_rule
dormes => dorme,1,verified_translate,default_translate_fallback
a a fantazia => fantasia,1,verified_translate,default_translate_fallback
que nome => qual,1,verified_translate,default_translate_fallback
teu => seu nome,1,verified_translate,default_translate_fallback
moras => mora,1,verified_translate,default_translate_fallback
nasceste => nasceu,1,verified_translate,default_translate_fallback
beiramar => beira mar,1,verified_translate,default_translate_fallback
findou => terminou,1,verified_translate,default_translate_fallback
num => com,1,verified_translate,default_translate_fallback
aferrolhara => trancara,1,verified_translate,default_translate_fallback
tugiu => respondeu,1,verified_translate,default_translate_fallback
recordo => me lembro,1,verified_translate,default_translate_fallback
coxa => manca,1,verified_translate,default_translate_fallback
amar => ama lo,1,verified_translate,default_translate_fallback
molho => feixe,1,verified_translate,default_translate_fallback
pedira => pediu,1,verified_translate,default_translate_fallback
escangalhemos => estraguemos,1,verified_translate,default_translate_fallback
apparecer => a aparecer,1,verified_translate,default_translate_fallback
beico => labio,1,verified_translate,default_translate_fallback
parara a => parou para,1,verified_translate,default_translate_fallback
largando => partindo,1,verified_translate,default_translate_fallback
ir na => levar pela,1,verified_translate,default_translate_fallback
pegam => comecam,1,verified_translate,default_translate_fallback
aqui => ca e,1,verified_translate,default_translate_fallback
acola => la,1,verified_translate,default_translate_fallback
lembra => vem a mente,1,verified_translate,default_translate_fallback
e consoante => depende,1,verified_translate,default_translate_fallback
a versalhada e de fazer rir => os versos sao engracados,1,verified_translate,default_translate_fallback
∅ => a coisa,1,verified_translate,matched_manual_null_rule
o caso => ∅,1,verified_translate,matched_manual_null_rule
resolvido => decidido,1,verified_translate,default_translate_fallback
estes sentimentcs => esses sentimentos,1,verified_translate,default_translate_fallback
num rasgao => numa abertura,1,verified_translate,default_translate_fallback
um pontilhao => uma pontezinha,1,verified_translate,default_translate_fallback
viracao => brisa,1,verified_translate,default_translate_fallback
borrasca => tempestade,1,verified_translate,default_translate_fallback
voga => flutua,1,verified_translate,default_translate_fallback
a => ha de,1,verified_translate,default_translate_fallback
mettel => coloca,1,verified_translate,default_translate_fallback
neste lance => nesse momento,1,verified_translate,default_translate_fallback
coloriu se => corou,1,verified_translate,default_translate_fallback
a face => ao rosto,1,verified_translate,default_translate_fallback
voltando => virando,1,verified_translate,default_translate_fallback
deu tento daquele => percebeu aquele,1,verified_translate,default_translate_fallback
cuidaria => pensaria,1,verified_translate,default_translate_fallback
segredara => havia sussurrado,1,verified_translate,default_translate_fallback
pequena => jovem,1,verified_translate,default_translate_fallback
a rir se => rindo,1,verified_translate,matched_manual_progressive_rule
amores => amor,1,verified_translate,default_translate_fallback
deletreava aqueles caracteres treava => soletrava,1,verified_translate,default_translate_fallback
acha => encontra,1,verified_translate,default_translate_fallback
remeta => envie,1,verified_translate,default_translate_fallback
era => foi,1,verified_translate,default_translate_fallback
desapercebida da => despercebida pela,1,verified_translate,default_translate_fallback
∅ => ultimos,1,verified_translate,matched_manual_null_rule
derradeiros => ∅,1,verified_translate,matched_manual_null_rule
traziam => deixavam,1,verified_translate,default_translate_fallback
em => no andar de,1,verified_translate,default_translate_fallback
lhe rompeu pelo => entrou no,1,verified_translate,default_translate_fallback
∅ => chama,1,verified_translate,matched_manual_null_rule
o chamar => lo,1,verified_translate,default_translate_fallback
rapazola => rapaz,1,verified_translate,default_translate_fallback
∅ => baixo,1,verified_translate,matched_manual_null_rule
cresta => queima,1,verified_translate,default_translate_fallback
ca em baixo => aqui embaixo,1,verified_translate,default_translate_fallback
cahe => cai,1,verified_translate,default_translate_fallback
remedeias => resolves,1,verified_translate,default_translate_fallback
era => ∅,1,verified_translate,matched_manual_null_rule
seus => ∅,1,verified_translate,matched_manual_null_rule
principiam => comecam,1,verified_translate,default_translate_fallback
aplanar => ∅,1,verified_translate,matched_manual_null_rule
∅ => aplainar,1,verified_translate,matched_manual_null_rule
caldo => quente,1,verified_translate,default_translate_fallback
n um d estes => num desses,1,verified_translate,default_translate_fallback
tas => ta,1,verified_translate,default_translate_fallback
p la => pela,1,verified_translate,default_translate_fallback
extactico co => extatico com,1,verified_translate,default_translate_fallback
pra => para a,1,verified_translate,default_translate_fallback
plaino => planicie,1,verified_translate,default_translate_fallback
actor d esse => ator desse,1,verified_translate,default_translate_fallback
esmpre sic => sempre,1,verified_translate,default_translate_fallback
d animaes => de animais,1,verified_translate,default_translate_fallback
phrygios => frigios,1,verified_translate,default_translate_fallback
cl => se,1,verified_translate,default_translate_fallback
∅ => coisa,1,verified_translate,matched_manual_null_rule
toiril => curral,1,verified_translate,default_translate_fallback
correra => correu para,1,verified_translate,default_translate_fallback
praca => arena,1,verified_translate,default_translate_fallback
olhara => olhou,1,verified_translate,default_translate_fallback
carreira => corrida,1,verified_translate,default_translate_fallback
varrera => varreu,1,verified_translate,default_translate_fallback
praca toireiros => arena toureiros,1,verified_translate,default_translate_fallback
os acicates => as esporas,1,verified_translate,default_translate_fallback
cavallo cahiu => cavalo caiu,1,verified_translate,default_translate_fallback
regalos => confortos,1,verified_translate,default_translate_fallback
elle annunciava => ele anunciava,1,verified_translate,default_translate_fallback
moghreb => magrebe,1,verified_translate,default_translate_fallback
o canhao => a barra,1,verified_translate,default_translate_fallback
a manter => mante la,1,verified_translate,default_translate_fallback
enleio => embaraco,1,verified_translate,default_translate_fallback
entrara => entrou,1,verified_translate,default_translate_fallback
dissera => disse,1,verified_translate,default_translate_fallback
trocaram d ela => zombaram dela,1,verified_translate,default_translate_fallback
a brincarem => brincando,1,verified_translate,matched_manual_progressive_rule
parva => tola,1,verified_translate,default_translate_fallback
piquemos => vamos,1,verified_translate,default_translate_fallback
sao horas => ja esta na hora,1,verified_translate,default_translate_fallback
estalar => estourar,1,verified_translate,default_translate_fallback
de corrida => correndo,1,verified_translate,default_translate_fallback
cariciaveis => carinhosas,1,verified_translate,default_translate_fallback
isto passou => isso aconteceu,1,verified_translate,default_translate_fallback
gizava => planejava,1,verified_translate,default_translate_fallback
entrou de => comecou a,1,verified_translate,default_translate_fallback
pusera => ∅,1,verified_translate,matched_manual_null_rule
ao => colocava a,1,verified_translate,default_translate_fallback
decidira => decidiu,1,verified_translate,default_translate_fallback
ajuntava => acrescentava,1,verified_translate,default_translate_fallback
figurava => parecia,1,verified_translate,default_translate_fallback
∅ => ha de,1,verified_translate,matched_manual_null_rule
ha de => ∅,1,verified_translate,matched_manual_null_rule
mamando => fumando,1,verified_translate,default_translate_fallback
andado => percorrido,1,verified_translate,default_translate_fallback
vamo nos => vamos,1,verified_translate,default_translate_fallback
chalaceador => gracejador,1,verified_translate,default_translate_fallback
ministrasse => desse,1,verified_translate,default_translate_fallback
os cobres => as moedas,1,verified_translate,default_translate_fallback
resmolga => sacola,1,verified_translate,default_translate_fallback
a vista => o olhar,1,verified_translate,default_translate_fallback
colhido => surpreendido,1,verified_translate,default_translate_fallback
estugando => apressando,1,verified_translate,default_translate_fallback
calcada => ladeira,1,verified_translate,default_translate_fallback
fizera => formara,1,verified_translate,default_translate_fallback
a trazer => traze la,1,verified_translate,default_translate_fallback
a face pendida => o rosto pendido,1,verified_translate,default_translate_fallback
inteiricados => enrijecidos,1,verified_translate,default_translate_fallback
predro approximou => pedro aproximou,1,verified_translate,default_translate_fallback
da camara => do quarto,1,verified_translate,default_translate_fallback
vira => viu,1,verified_translate,default_translate_fallback
molle => macio,1,verified_translate,default_translate_fallback
ahi => ali,1,verified_translate,default_translate_fallback
officiaes inglezes => oficiais ingleses,1,verified_translate,default_translate_fallback
∅ => tinha,1,verified_translate,matched_manual_null_rule
traz d ella => tras dela,1,verified_translate,default_translate_fallback
ledo => alegre,1,verified_translate,default_translate_fallback
fizerao => fizeram,1,verified_translate,default_translate_fallback
carregar => ∅,1,verified_translate,matched_manual_null_rule
∅ => formar,1,verified_translate,matched_manual_null_rule
fim => motivo,1,verified_translate,default_translate_fallback
gue => que,1,verified_translate,default_translate_fallback
correu => leu,1,verified_translate,default_translate_fallback
com a vista => rapidamente,1,verified_translate,default_translate_fallback
invadil => invadi,1,verified_translate,default_translate_fallback
subjugal => subjuga,1,verified_translate,default_translate_fallback
d ahi => dai,1,verified_translate,default_translate_fallback
cancasso d aquella lucta => cansaco daquela luta,1,verified_translate,default_translate_fallback
da algibeira => do bolso,1,verified_translate,default_translate_fallback
cabeca d aquelle => chefe daquele,1,verified_translate,default_translate_fallback
fizer gosto nisso => gostar,1,verified_translate,default_translate_fallback
topa => encontra,1,verified_translate,default_translate_fallback
ornavam na => a adornavam,1,verified_translate,default_translate_fallback
logares d esta => lugares desta,1,verified_translate,default_translate_fallback
sette annos => sete anos,1,verified_translate,default_translate_fallback
dos caleiros => das calhas,1,verified_translate,default_translate_fallback
∅ => mundos,1,verified_translate,matched_manual_null_rule
mundos => ∅,1,verified_translate,matched_manual_null_rule
deles => aqueles,1,verified_translate,default_translate_fallback
fugiu => escapou,1,verified_translate,default_translate_fallback
precisa => exata,1,verified_translate,default_translate_fallback
activara => ∅,1,verified_translate,matched_manual_null_rule
∅ => ativara consideravelmente,1,verified_translate,matched_manual_null_rule
consideravelmente => ∅,1,verified_translate,matched_manual_null_rule
offrecao => oferecem,1,verified_translate,default_translate_fallback
ess => esses,1,verified_translate,default_translate_fallback
d aquelles pendao => daqueles pendem,1,verified_translate,default_translate_fallback
principiava => ∅,1,verified_translate,matched_manual_null_rule
∅ => comecava,1,verified_translate,matched_manual_null_rule
enfastiar => entediar,1,verified_translate,default_translate_fallback
a proposito => oportunamente,1,verified_translate,default_translate_fallback
vos sic => voz,1,verified_translate,default_translate_fallback
a qualidade => e qualquer forma,1,verified_translate,default_translate_fallback
s alcanca => traz,1,verified_translate,default_translate_fallback
pena => sofre,1,verified_translate,default_translate_fallback
lh he => e,1,verified_translate,default_translate_fallback
abrande => abranda,1,verified_translate,default_translate_fallback
se quer => ao menos,1,verified_translate,default_translate_fallback
fora => ∅,1,verified_translate,matched_manual_null_rule
detidos => detalhados,1,verified_translate,default_translate_fallback
∅ => sumiam,1,verified_translate,matched_manual_null_rule
sumiam => ∅,1,verified_translate,matched_manual_null_rule
penedias alcantiladas => penhascos ingremes,1,verified_translate,default_translate_fallback
gretado => rachado,1,verified_translate,default_translate_fallback
pequerrucho => pequenino,1,verified_translate,default_translate_fallback
estiolou => secou,1,verified_translate,default_translate_fallback
atiraram => jogaram,1,verified_translate,default_translate_fallback
n a a => na na,1,verified_translate,default_translate_fallback
quasi secca => quase seca,1,verified_translate,default_translate_fallback
realengo => real,1,verified_translate,default_translate_fallback
sabes tu isso => voce sabe disso,1,verified_translate,default_translate_fallback
a miudo => frequentemente,1,verified_translate,default_translate_fallback
rumorejam => sussurram,1,verified_translate,default_translate_fallback
uma pouca => um pouco,1,verified_translate,default_translate_fallback
tresandam => cheiram,1,verified_translate,default_translate_fallback
corte => curral,1,verified_translate,default_translate_fallback
leiras => faixas,1,verified_translate,default_translate_fallback
fugitivo => fugaz,1,verified_translate,default_translate_fallback
desbragado daquelles => desavergonhado daqueles,1,verified_translate,default_translate_fallback
∅ => christi,1,verified_translate,matched_manual_null_rule
nas barbas d elrei => na presenca de sua majestade,1,verified_translate,default_translate_fallback
∅ => com ambas,1,verified_translate,matched_manual_null_rule
ambas => ∅,1,verified_translate,matched_manual_null_rule
sor => seu,1,verified_translate,default_translate_fallback
casquinando => soltando,1,verified_translate,default_translate_fallback
se fez => foi feita,1,verified_translate,default_translate_fallback
he => esta,1,verified_translate,default_translate_fallback
soia => costumava,1,verified_translate,default_translate_fallback
me vai => ∅,1,verified_translate,matched_manual_null_rule
que => pois,1,verified_translate,default_translate_fallback
o => que ele havia,1,verified_translate,default_translate_fallback
te perdes => voce se perder,1,verified_translate,default_translate_fallback
em cuja => na,1,verified_translate,default_translate_fallback
se vai alojar => de quem,1,verified_translate,default_translate_fallback
∅ => vai se alojar,1,verified_translate,matched_manual_null_rule
rosmaninho => alecrim,1,verified_translate,default_translate_fallback
repassava => impregnava,1,verified_translate,default_translate_fallback
sette moiros cavalleiros => sete mouros cavaleiros,1,verified_translate,default_translate_fallback
junctos junctos => juntos juntos,1,verified_translate,default_translate_fallback
galhardo => galante,1,verified_translate,default_translate_fallback
duas barricas => dois barris,1,verified_translate,default_translate_fallback
da => de uma simplicidade,1,verified_translate,default_translate_fallback
simplicidade => ∅,1,verified_translate,matched_manual_null_rule
foragidos => fugitivos,1,verified_translate,default_translate_fallback
da tarifa => de praxe,1,verified_translate,default_translate_fallback
d ellas => delas,1,verified_translate,default_translate_fallback
a mim => eu,1,verified_translate,default_translate_fallback
passara => passou,1,verified_translate,default_translate_fallback
acabar => terminar,1,verified_translate,default_translate_fallback
anho => cordeiro,1,verified_translate,default_translate_fallback
o defender => defende lo,1,verified_translate,default_translate_fallback
os oferecimentos => as ofertas,1,verified_translate,default_translate_fallback
despedirmo => ∅,1,verified_translate,matched_manual_null_rule
∅ => despedirmos,1,verified_translate,matched_manual_null_rule
_ca => _aqui,1,verified_translate,default_translate_fallback
_la => _ai,1,verified_translate,default_translate_fallback
os vencer => vence los,1,verified_translate,default_translate_fallback
assaca => atribui,1,verified_translate,default_translate_fallback
denuncia => revela,1,verified_translate,default_translate_fallback
abroquelado => blindado,1,verified_translate,default_translate_fallback
vingam => tentam,1,verified_translate,default_translate_fallback
benevolo => benevolente,1,verified_translate,default_translate_fallback
a sua => o seu,1,verified_translate,default_translate_fallback
erguera => ergueu,1,verified_translate,default_translate_fallback
∅ => os parentes das redondezas,1,verified_translate,matched_manual_null_rule
parentela das vizinhancas a cada => todo,1,verified_translate,default_translate_fallback
vinha => vinham,1,verified_translate,default_translate_fallback
mandava => mandavam,1,verified_translate,default_translate_fallback
novas => noticias,1,verified_translate,default_translate_fallback
raras vezes => raramente,1,verified_translate,default_translate_fallback
desviava => afastava,1,verified_translate,default_translate_fallback
o ver => ve lo,1,verified_translate,default_translate_fallback
desviava => tirava,1,verified_translate,default_translate_fallback
pensaste nisto => pensou nisso,1,verified_translate,default_translate_fallback
pudeste => pode,1,verified_translate,default_translate_fallback
chegara => chegou,1,verified_translate,default_translate_fallback
meia => metade da,1,verified_translate,default_translate_fallback
esbelto => elegante,1,verified_translate,default_translate_fallback
dum retardado => de um retardatario,1,verified_translate,default_translate_fallback
formulou => fez,1,verified_translate,default_translate_fallback
era => lili estava,1,verified_translate,default_translate_fallback
a lili => ∅,1,verified_translate,matched_manual_null_rule
em fim => enfim,1,verified_translate,default_translate_fallback
num casabeque => em um casaco,1,verified_translate,default_translate_fallback
fronte => testa,1,verified_translate,default_translate_fallback
alvissaras => recompensa,1,verified_translate,default_translate_fallback
sentes => sente,1,verified_translate,default_translate_fallback
te => lhe,1,verified_translate,default_translate_fallback
te => a,1,verified_translate,default_translate_fallback
querer => ∅,1,verified_translate,matched_manual_null_rule
∅ => odiar,1,verified_translate,matched_manual_null_rule
mal por o => pelo,1,verified_translate,default_translate_fallback
aterrado daquela => aterrorizado com aquela,1,verified_translate,default_translate_fallback
zephyro => zefiro,1,verified_translate,default_translate_fallback
vel => ve,1,verified_translate,default_translate_fallback
d este logar => deste lugar,1,verified_translate,default_translate_fallback
tam ricca => tao rica,1,verified_translate,default_translate_fallback
ameigasse => acariciasse,1,verified_translate,default_translate_fallback
surrar => curtir,1,verified_translate,default_translate_fallback
duma rapariga => de uma moca,1,verified_translate,default_translate_fallback
poder cl ei => posso ter,1,verified_translate,default_translate_fallback
puser as ventas no ar a => levantar o nariz para,1,verified_translate,default_translate_fallback
entre => em,1,verified_translate,default_translate_fallback
haja => a tenha,1,verified_translate,default_translate_fallback
vale nada => adianta,1,verified_translate,default_translate_fallback
la => so,1,verified_translate,default_translate_fallback
d entre => dentre,1,verified_translate,default_translate_fallback
crystal sahe => cristal sai,1,verified_translate,default_translate_fallback
saltao => saltam,1,verified_translate,default_translate_fallback
esmaltao => esmaltam,1,verified_translate,default_translate_fallback
logre => goze,1,verified_translate,default_translate_fallback
cabello ondado => cabelo ondulado,1,verified_translate,default_translate_fallback
emendar => corrigir,1,verified_translate,default_translate_fallback
me => comigo,1,verified_translate,default_translate_fallback
dilatado => aberto,1,verified_translate,default_translate_fallback
espartilhar => usar espartilho,1,verified_translate,default_translate_fallback
anelados => ondulados,1,verified_translate,default_translate_fallback
a cara => o rosto,1,verified_translate,default_translate_fallback
lisa => liso,1,verified_translate,default_translate_fallback
redonda => redondo,1,verified_translate,default_translate_fallback
cheia => cheio,1,verified_translate,default_translate_fallback
engelhada em => enrugada ao,1,verified_translate,default_translate_fallback
as canseiras => os cansacos,1,verified_translate,default_translate_fallback
tomava deveras => levava,1,verified_translate,default_translate_fallback
peito esta => serio essa missao,1,verified_translate,default_translate_fallback
empresa => ∅,1,verified_translate,matched_manual_null_rule
imediata => seguinte,1,verified_translate,default_translate_fallback
anno bom => ano novo,1,verified_translate,default_translate_fallback
aculadas => instigadas,1,verified_translate,default_translate_fallback
assaltarem lhe as => invadirem suas,1,verified_translate,default_translate_fallback
lhes => os,1,verified_translate,default_translate_fallback
bofes dum => pulmoes de um,1,verified_translate,default_translate_fallback
bofes => pulmoes,1,verified_translate,default_translate_fallback
eram => estavam,1,verified_translate,default_translate_fallback
cerzidos => costurados,1,verified_translate,default_translate_fallback
ajuntar => acrescentar,1,verified_translate,default_translate_fallback
tardo => demoro,1,verified_translate,default_translate_fallback
∅ => nem,1,verified_translate,matched_manual_null_rule
pousar => tirar,1,verified_translate,default_translate_fallback
poz n aquelle => pos naquele,1,verified_translate,default_translate_fallback
erguia => levantava,1,verified_translate,default_translate_fallback
sofregamente => avidamente,1,verified_translate,default_translate_fallback
deitar a perder => arruinar,1,verified_translate,default_translate_fallback
em dando => ao dar,1,verified_translate,default_translate_fallback
pelo => ao longo do,1,verified_translate,default_translate_fallback
adiante => ∅,1,verified_translate,matched_manual_null_rule
bemaventurado => bem aventurado,1,verified_translate,default_translate_fallback
zelos => ciumes,1,verified_translate,default_translate_fallback
aquelles doiro => aqueles douro,1,verified_translate,default_translate_fallback
bellos cabellos => belos cabelos,1,verified_translate,default_translate_fallback
n essa => nessa,1,verified_translate,default_translate_fallback
cobrira => cobriu,1,verified_translate,default_translate_fallback
reconcavo => recesso,1,verified_translate,default_translate_fallback
a chamar => chama la,1,verified_translate,default_translate_fallback
nao costumara => acostumara,1,verified_translate,default_translate_fallback
n isto => nisto,1,verified_translate,default_translate_fallback
fero => feroz,1,verified_translate,default_translate_fallback
cosido => encostado,1,verified_translate,default_translate_fallback
dynastia cae => dinastia cai,1,verified_translate,default_translate_fallback
em hespanha => na espanha,1,verified_translate,default_translate_fallback
n este => nesse,1,verified_translate,default_translate_fallback
a => la,1,verified_translate,default_translate_fallback
macao => macau,1,verified_translate,default_translate_fallback
viso => vice,1,verified_translate,default_translate_fallback
mecom => mekong,1,verified_translate,default_translate_fallback
nao => nau,1,verified_translate,default_translate_fallback
sao passados => se passaram,1,verified_translate,default_translate_fallback
ananas => abacaxi,1,verified_translate,matched_gpt_span
flammas => chamas,1,verified_translate,default_translate_fallback
simpleza => simplicidade,1,verified_translate,default_translate_fallback
findasse => terminasse,1,verified_translate,default_translate_fallback
um creme => uma sobremesa,1,verified_translate,default_translate_fallback
cuidado a sobremesa => caprichada,1,verified_translate,default_translate_fallback
esqueciam se => eram esquecidas,1,verified_translate,default_translate_fallback
nesse => naquele,1,verified_translate,default_translate_fallback
se => sempre,1,verified_translate,default_translate_fallback
azafama => correria,1,verified_translate,default_translate_fallback
paquete => pacote,1,verified_translate,default_translate_fallback
heroe => heroi,1,verified_translate,default_translate_fallback
accende um facho claro => acende uma tocha clara,1,verified_translate,default_translate_fallback
∅ => labios,1,verified_translate,matched_manual_null_rule
labios => ∅,1,verified_translate,matched_manual_null_rule
seio levantado => peito erguido,1,verified_translate,default_translate_fallback
d aquelle immortal => daquele imortal,1,verified_translate,default_translate_fallback
cabellos annelados => cabelos anelados,1,verified_translate,default_translate_fallback
atravez => atraves,1,verified_translate,default_translate_fallback
physicos => fisicos,1,verified_translate,default_translate_fallback
∅ => graca nela e,1,verified_translate,matched_manual_null_rule
graca e => ∅,1,verified_translate,matched_manual_null_rule
tivesse => que,1,verified_translate,default_translate_fallback
∅ => tivesse,1,verified_translate,matched_manual_null_rule
effeito das => efeito de,1,verified_translate,default_translate_fallback
chego => aproximo,1,verified_translate,default_translate_fallback
apparecem a => aparecem aos,1,verified_translate,default_translate_fallback
a contar => contando,1,verified_translate,matched_manual_progressive_rule
folgando => divertindo se,1,verified_translate,default_translate_fallback
a nascenca => ao nascer,1,verified_translate,default_translate_fallback
enganas => engana,1,verified_translate,default_translate_fallback
d ella => dela,1,verified_translate,default_translate_fallback
arrostarei => enfrentarei,1,verified_translate,default_translate_fallback
competencia => concorrencia,1,verified_translate,default_translate_fallback
expuz => expus,1,verified_translate,default_translate_fallback
larga => longa,1,verified_translate,default_translate_fallback
o servirem => servi lo,1,verified_translate,default_translate_fallback
por as => pelas,1,verified_translate,default_translate_fallback
n aquelle => naquele,1,verified_translate,default_translate_fallback
d => da,1,verified_translate,default_translate_fallback
cl => me,1,verified_translate,default_translate_fallback
necessitava => precisava,1,verified_translate,default_translate_fallback
de aquella => daquela,1,verified_translate,default_translate_fallback
apezar d isso => apesar disso,1,verified_translate,default_translate_fallback
friesa quasi => frieza quase,1,verified_translate,default_translate_fallback
comprido => longo,1,verified_translate,default_translate_fallback
d el => do,1,verified_translate,default_translate_fallback
n isto => nisso,1,verified_translate,default_translate_fallback
cavalleiro allemao => cavaleiro alemao,1,verified_translate,default_translate_fallback
havendo => surgindo,1,verified_translate,default_translate_fallback
penetrante => profunda,1,verified_translate,default_translate_fallback
picando => bordando,1,verified_translate,default_translate_fallback
tu imaginas => voce imagina,1,verified_translate,default_translate_fallback
se por => comecar,1,verified_translate,default_translate_fallback
lhe => para ela,1,verified_translate,default_translate_fallback
o => e que eu,1,verified_translate,default_translate_fallback
figurava se => ∅,1,verified_translate,matched_manual_null_rule
∅ => parecia,1,verified_translate,matched_manual_null_rule
sabor => graca,1,verified_translate,default_translate_fallback
tolhiam => tiravam,1,verified_translate,default_translate_fallback
arejar => respirar,1,verified_translate,default_translate_fallback
contrafeita => forcada,1,verified_translate,default_translate_fallback
condescendeu => cedeu,1,verified_translate,default_translate_fallback
derradeira => ultima,1,verified_translate,default_translate_fallback
enviezou => lancou,1,verified_translate,default_translate_fallback
o => certamente,1,verified_translate,default_translate_fallback
certo vivamente => forma intensa,1,verified_translate,default_translate_fallback
relanceou => olhou de relance,1,verified_translate,default_translate_fallback
relampejou => lancou,1,verified_translate,default_translate_fallback
em seguida => depois,1,verified_translate,default_translate_fallback
virou => baixou,1,verified_translate,default_translate_fallback
de todo abstraido do => completamente alheio ao,1,verified_translate,default_translate_fallback
em => se passava ao seu,1,verified_translate,default_translate_fallback
dele se estava passando => ∅,1,verified_translate,matched_manual_null_rule
acabado => terminado,1,verified_translate,default_translate_fallback
tens que => tem a,1,verified_translate,default_translate_fallback
acabas => acabou,1,verified_translate,default_translate_fallback
somno enfreia => sono freia,1,verified_translate,default_translate_fallback
tornae => devolvam,1,verified_translate,default_translate_fallback
nympha => ninfa,1,verified_translate,default_translate_fallback
fizestes => fizeram,1,verified_translate,default_translate_fallback
sujeita => sujeito,1,verified_translate,default_translate_fallback
fugiu => correu,1,verified_translate,default_translate_fallback
a cuidar => cuidando,1,verified_translate,matched_manual_progressive_rule
permanece => fica,1,verified_translate,default_translate_fallback
uma reivindicacao antiga => um pleito antigo,1,verified_translate,default_translate_fallback
grande => ∅,1,verified_translate,matched_manual_null_rule
∅ => danada,1,verified_translate,matched_manual_null_rule
prejudicial => danosa,1,verified_translate,default_translate_fallback
policias prisionais => policiais penais,1,verified_translate,default_translate_fallback
por baixo => embaixo,1,verified_translate,default_translate_fallback
policias no ativo => policiais na ativa,1,verified_translate,default_translate_fallback
ouve => escuta,1,verified_translate,default_translate_fallback
tiros => tiro,1,verified_translate,default_translate_fallback
que estao a fazer => questao fazendo,1,verified_translate,default_translate_fallback
ate vos => a voces,1,verified_translate,default_translate_fallback
presidentes de camara a dizer => prefeitos dizendo,1,verified_translate,default_translate_fallback
haja => tenha,1,verified_translate,default_translate_fallback
a clamar => clamando,1,verified_translate,matched_manual_progressive_rule
ministros => ministro,1,verified_translate,default_translate_fallback
com bravatas => na bravata,1,verified_translate,default_translate_fallback
com interferencias => na interferencia,1,verified_translate,default_translate_fallback
com intervencoes => na intervencao,1,verified_translate,default_translate_fallback
concorrente => competidor,1,verified_translate,default_translate_fallback
concorrentes => competidoras,1,verified_translate,default_translate_fallback
a cumprir => cumprindo,1,verified_translate,matched_manual_progressive_rule
apresentamos => protocolamos,1,verified_translate,default_translate_fallback
desaprovacao => desapoio,1,verified_translate,default_translate_fallback
a fazer => fazendo la,1,verified_translate,default_translate_fallback
∅ => encaminhar a,1,verified_translate,matched_manual_null_rule
se => foi,1,verified_translate,default_translate_fallback
relacionado ao => em cima do,1,verified_translate,default_translate_fallback
sua => de,1,verified_translate,default_translate_fallback
a recolher => colhendo,1,verified_translate,matched_manual_progressive_rule
tiver => der,1,verified_translate,default_translate_fallback
a descer a => descendo,1,verified_translate,matched_manual_progressive_rule
∅ => abaixo,1,verified_translate,matched_manual_null_rule
os analisar => analisa los,1,verified_translate,default_translate_fallback
incluimo los => nos incluimos,1,verified_translate,default_translate_fallback
no futuro => la na frente,1,verified_translate,default_translate_fallback
sobre o rendimento => ∅,1,verified_translate,matched_manual_null_rule
pessoas singulares => renda de pessoa fisica,1,verified_translate,default_translate_fallback
enfraquecemo => ∅,1,verified_translate,matched_manual_null_rule
∅ => enfraquecemos,1,verified_translate,matched_manual_null_rule
registado este => registrado esse,1,verified_translate,default_translate_fallback
muito rapidamente => bem rapido,1,verified_translate,default_translate_fallback
a montar => montando,1,verified_translate,matched_manual_progressive_rule
medicos => medico,1,verified_translate,default_translate_fallback
a dar licoes => dando licao,1,verified_translate,default_translate_fallback
a insinuacoes => de ilacoes,1,verified_translate,default_translate_fallback
baseadas na => pautadas em,1,verified_translate,default_translate_fallback
juridicos => juristas,1,verified_translate,default_translate_fallback
excelencia => escol,1,verified_translate,default_translate_fallback
oferecemos o => ofertamos,1,verified_translate,default_translate_fallback
sabemos => somos sabedores,1,verified_translate,default_translate_fallback
a empurra => jogando,1,verified_translate,matched_manual_progressive_rule
aumentos => reajuste,1,verified_translate,default_translate_fallback
de confianca => comissionados,1,verified_translate,default_translate_fallback
derrame => vazamento,1,verified_translate,default_translate_fallback
chegado => vindo para,1,verified_translate,default_translate_fallback
petroleo => oleo,1,verified_translate,default_translate_fallback
aceda ao => acesse o,1,verified_translate,default_translate_fallback
∅ => srs,1,verified_translate,matched_manual_null_rule
acreditamos => cremos,1,verified_translate,default_translate_fallback
felicito => eu parabenizo,1,verified_translate,default_translate_fallback
destacar => ressaltar,1,verified_translate,default_translate_fallback
vai contra o => vem de encontro ao,1,verified_translate,default_translate_fallback
um => tributo,1,verified_translate,default_translate_fallback
tributo => ∅,1,verified_translate,matched_manual_null_rule
ter eleito => elegeu,1,verified_translate,default_translate_fallback
surgido => pingado,1,verified_translate,default_translate_fallback
esteve => estava,1,verified_translate,default_translate_fallback
onde a => de,1,verified_translate,default_translate_fallback
deve => ∅,1,verified_translate,matched_manual_null_rule
libertou => liberou,1,verified_translate,matched_gpt_span
num territorio => em uma terra,1,verified_translate,default_translate_fallback
adiadas => proteladas,1,verified_translate,default_translate_fallback
directoras => diretoras sentam,1,verified_translate,default_translate_fallback
sentam => ∅,1,verified_translate,matched_manual_null_rule
esta a apequenar => apequenando,1,verified_translate,default_translate_fallback
desse facto => daquele fato,1,verified_translate,default_translate_fallback
desceram => baixaram,1,verified_translate,default_translate_fallback
favoravel => favoravelmente,1,verified_translate,default_translate_fallback
a apequenar => ∅,1,verified_translate,matched_manual_null_rule
∅ => apequenando,1,verified_translate,matched_manual_null_rule
estarmos a dar => ficarmos dando,1,verified_translate,default_translate_fallback
a este => para esse,1,verified_translate,default_translate_fallback
fundamento => pe,1,verified_translate,default_translate_fallback
continuariam a investigar => seguiriam investigando,1,verified_translate,default_translate_fallback
querem => queremos,1,verified_translate,default_translate_fallback
dia e noite => diuturnamente,1,verified_translate,default_translate_fallback
a questionar => questionando,1,verified_translate,matched_manual_progressive_rule
a fugir => fugindo,1,verified_translate,matched_manual_progressive_rule
continuamos a dizer vos => seguimos dizendo para voces,1,verified_translate,default_translate_fallback
face aos => em vista dos,1,verified_translate,default_translate_fallback
questionado => indagado,1,verified_translate,default_translate_fallback
todos querem => todo mundo quer,1,verified_translate,default_translate_fallback
necessidade => demanda,1,verified_translate,default_translate_fallback
vedacao => cerca,1,verified_translate,default_translate_fallback
a ser executadas => sendo executada,1,verified_translate,default_translate_fallback
area => seara,1,verified_translate,default_translate_fallback
neste fim => nesse final,1,verified_translate,default_translate_fallback
me a => minha,1,verified_translate,default_translate_fallback
minas => furnas,1,verified_translate,default_translate_fallback
extraem => tiram,1,verified_translate,default_translate_fallback
∅ => alto,1,verified_translate,matched_manual_null_rule
de alto nivel => ∅,1,verified_translate,matched_manual_null_rule
acolito => coroinha,1,verified_translate,default_translate_fallback
muito => ∅,1,verified_translate,matched_manual_null_rule
inferior ao => menor que o,1,verified_translate,default_translate_fallback
a deco => ao procon,1,verified_translate,default_translate_fallback
das regioes autonomas => dos estados,1,verified_translate,default_translate_fallback
realize => ele faca,1,verified_translate,default_translate_fallback
∅ => sequer,1,verified_translate,matched_manual_null_rule
policias a reformarem => policiais,1,verified_translate,default_translate_fallback
∅ => aposentando,1,verified_translate,matched_manual_null_rule
realize => faca,1,verified_translate,default_translate_fallback
inferior => menor,1,verified_translate,default_translate_fallback
mobilizar => acionar,1,verified_translate,default_translate_fallback
enraizado => arraigado,1,verified_translate,default_translate_fallback
quao => tanto que e,1,verified_translate,default_translate_fallback
nos meios de comunicacao => nas midias,1,verified_translate,default_translate_fallback
negro a brilhar => preto brilhando,1,verified_translate,default_translate_fallback
a ser o melhor => sendo os melhores,1,verified_translate,default_translate_fallback
quao desgastante e => tanto que desgasta,1,verified_translate,default_translate_fallback
a concluir => concluindo,1,verified_translate,matched_manual_progressive_rule
utilizadora => usuaria,1,verified_translate,default_translate_fallback
a gerar => gerando,1,verified_translate,matched_manual_progressive_rule
a dizer isto => falando isso,1,verified_translate,default_translate_fallback
a fazer esta => fazendo essa,1,verified_translate,default_translate_fallback
custear => bancar,1,verified_translate,default_translate_fallback
a accionar => acionando,1,verified_translate,matched_manual_progressive_rule
a espera de => aguardando,1,verified_translate,matched_manual_progressive_rule
se => voce,1,verified_translate,default_translate_fallback
gestos de armas => arminhas,1,verified_translate,default_translate_fallback
dizia => falava,1,verified_translate,default_translate_fallback
referiu => citou,1,verified_translate,default_translate_fallback
aprendizagem => aprendizado,1,verified_translate,default_translate_fallback
democratica => democratico,1,verified_translate,default_translate_fallback
apesar do => malgrado o,1,verified_translate,default_translate_fallback
um aspeto => aspecto,1,verified_translate,default_translate_fallback
enviado => encaminhado,1,verified_translate,default_translate_fallback
localizada => localizado,1,verified_translate,default_translate_fallback
organizar => ∅,1,verified_translate,matched_manual_null_rule
ao => organizarao,1,verified_translate,default_translate_fallback
a forca => na bruta,1,verified_translate,default_translate_fallback
criminalidade => bandidagem,1,verified_translate,default_translate_fallback
na primeira volta => no primeiro turno,1,verified_translate,default_translate_fallback
∅ => avancou,1,verified_translate,matched_manual_null_rule
avancou => ∅,1,verified_translate,matched_manual_null_rule
tratamento => tratativa,1,verified_translate,default_translate_fallback
sim => e,1,verified_translate,default_translate_fallback
∅ => discutido,1,verified_translate,matched_manual_null_rule
discutido => ∅,1,verified_translate,matched_manual_null_rule
a substituir => substituindo,1,verified_translate,matched_manual_progressive_rule
anti direitos => antidireitos,1,verified_translate,default_translate_fallback
a tentar provocar => tentando cutucar,1,verified_translate,default_translate_fallback
apoio => respaldo para,1,verified_translate,default_translate_fallback
canabis => maconha,1,verified_translate,default_translate_fallback
privatizacao => desestatizacao,1,verified_translate,default_translate_fallback
licencas => outorgas,1,verified_translate,default_translate_fallback
esta brincadeira => essa graca,1,verified_translate,default_translate_fallback
toda a gente insegura => todo mundo inseguro,1,verified_translate,default_translate_fallback
deste => desse do,1,verified_translate,default_translate_fallback
liderar => capitanear,1,verified_translate,default_translate_fallback
aos cuidados de saude primarios => a atencao basica,1,verified_translate,default_translate_fallback
pelas infraestruturas necessarias => pela infraestrutura necessaria,1,verified_translate,default_translate_fallback
se pelos => nos,1,verified_translate,default_translate_fallback
a remontar => remontando,1,verified_translate,matched_manual_progressive_rule
fato => terno,1,verified_translate,default_translate_fallback
lixeiras a ceu aberto => lixoes,1,verified_translate,default_translate_fallback
fazer => fazerem,1,verified_translate,default_translate_fallback
as executar => executa la,1,verified_translate,default_translate_fallback
saneamento basico => esgotamento sanitario,1,verified_translate,default_translate_fallback
a reconhecer => reconhecendo,1,verified_translate,matched_manual_progressive_rule
bata branca => jaleco branco,1,verified_translate,default_translate_fallback
pretendia => queriam,1,verified_translate,default_translate_fallback
entra nesta => adentra esta,1,verified_translate,default_translate_fallback
apelo aos => eu chamo os,1,verified_translate,default_translate_fallback
promulgar => sancionar,1,verified_translate,default_translate_fallback
salarios minimos => pisos,1,verified_translate,default_translate_fallback
ao abandono => a evasao,1,verified_translate,default_translate_fallback
encarregados de educacao => responsaveis,1,verified_translate,default_translate_fallback
rendimento nas maos => renda na mao,1,verified_translate,default_translate_fallback
do rendimento nas maos => da renda na mao,1,verified_translate,default_translate_fallback
trabalho no => emprego em,1,verified_translate,default_translate_fallback
este enquadramento => esse arcabouco,1,verified_translate,default_translate_fallback
despesas pelo => gastos para o,1,verified_translate,default_translate_fallback
entao => e ai,1,verified_translate,default_translate_fallback
a pena => ∅,1,verified_translate,matched_manual_null_rule
tenha sucesso => de certo,1,verified_translate,default_translate_fallback
a pressionar => pressionando,1,verified_translate,matched_manual_progressive_rule
rendimento social de insercao => bolsa familia,1,verified_translate,default_translate_fallback
fora => vai,1,verified_translate,default_translate_fallback
das despesas => dos gastos,1,verified_translate,default_translate_fallback
aquelas despesas destinadas => aqueles gastos destinados,1,verified_translate,default_translate_fallback
a esta => essa,1,verified_translate,default_translate_fallback
ser internado => se internasse,1,verified_translate,default_translate_fallback
felicitaria => parabenizaria,1,verified_translate,default_translate_fallback
ao ensino => a educacao,1,verified_translate,default_translate_fallback
automovel => ∅,1,verified_translate,matched_manual_null_rule
∅ => automotiva,1,verified_translate,matched_manual_null_rule
deste sector => desse setor,1,verified_translate,default_translate_fallback
esta => essa fundamental,1,verified_translate,default_translate_fallback
fundamental => ∅,1,verified_translate,matched_manual_null_rule
duas => dois,1,verified_translate,default_translate_fallback
sentimo => ∅,1,verified_translate,matched_manual_null_rule
∅ => sentimos,1,verified_translate,matched_manual_null_rule
a assistir => ∅,1,verified_translate,matched_manual_null_rule
o campo => a roca,1,verified_translate,default_translate_fallback
divisoes => comodos,1,verified_translate,default_translate_fallback
sala de aula => classe,1,verified_translate,default_translate_fallback
fotografias => fotos,1,verified_translate,matched_gpt_span
estrangulamento => gargalo,1,verified_translate,default_translate_fallback
a despencar => despencando,1,verified_translate,matched_manual_progressive_rule
a votar => vota la,1,verified_translate,default_translate_fallback
a fazer isto => fazendo isso,1,verified_translate,default_translate_fallback
vos => para voces,1,verified_translate,default_translate_fallback
hao => haverao,1,verified_translate,default_translate_fallback
recusa => nega,1,verified_translate,default_translate_fallback
de baixo => debaixo,1,verified_translate,default_translate_fallback
colocar => botar,1,verified_translate,default_translate_fallback
a exportar => exportando,1,verified_translate,matched_manual_progressive_rule
a importar => importando,1,verified_translate,matched_manual_progressive_rule
desempenhar => realizar,1,verified_translate,default_translate_fallback
o discriminar => discrimina lo,1,verified_translate,default_translate_fallback
a verificar => verificando,1,verified_translate,matched_manual_progressive_rule
ouvi => eu escutei,1,verified_translate,default_translate_fallback
petroleo bruto => oleo cru,1,verified_translate,default_translate_fallback
ainda => muito,1,verified_translate,default_translate_fallback
o seguinte => assim,1,verified_translate,default_translate_fallback
consultem => peguem,1,verified_translate,default_translate_fallback
analisarmos => nos pegarmos,1,verified_translate,default_translate_fallback
veremos => nos vamos ver,1,verified_translate,default_translate_fallback
escandalo => escarnio,1,verified_translate,default_translate_fallback
a ter de => tendo que,1,verified_translate,default_translate_fallback
a fazer publicidade => fazendo merchandising,1,verified_translate,default_translate_fallback
a viver num => vivemos em um,1,verified_translate,default_translate_fallback
a dormir => dormindo,1,verified_translate,matched_manual_progressive_rule
estive a fazer => eu estava fazendo,1,verified_translate,default_translate_fallback
em portugal => no brasil nos,1,verified_translate,default_translate_fallback
estradas nacionais => rodovias federais,1,verified_translate,default_translate_fallback
regionais => estaduais,1,verified_translate,default_translate_fallback
multas ao => multa do,1,verified_translate,default_translate_fallback
assembleia esta => camara essa,1,verified_translate,default_translate_fallback
registo a => registro,1,verified_translate,default_translate_fallback
∅ => ou,1,verified_translate,matched_manual_null_rule
∅ => nos estamos,1,verified_translate,matched_manual_null_rule
estamos a mudar => mudando,1,verified_translate,default_translate_fallback
a criminalizar => criminalizando,1,verified_translate,matched_manual_progressive_rule
a posar => posando,1,verified_translate,matched_manual_progressive_rule
de abutres => urubu,1,verified_translate,default_translate_fallback
pode => ∅,1,verified_translate,matched_manual_null_rule
os => e,1,verified_translate,default_translate_fallback
∅ => comemoraram,1,verified_translate,matched_manual_null_rule
comemoraram => ∅,1,verified_translate,matched_manual_null_rule
a assistir => assistindo,1,verified_translate,matched_manual_progressive_rule
a punir => punindo,1,verified_translate,matched_manual_progressive_rule
a portugal => para o brasil,1,verified_translate,default_translate_fallback
recua => volta,1,verified_translate,default_translate_fallback
a tripudiar => tripudiando,1,verified_translate,matched_manual_progressive_rule
por prestar => prestando,1,verified_translate,default_translate_fallback
digo isto => falo isso,1,verified_translate,default_translate_fallback
morasse => morava,1,verified_translate,default_translate_fallback
cheias => enchentes se,1,verified_translate,default_translate_fallback
este acto => esse ato,1,verified_translate,default_translate_fallback
pequeno projecto => projetinho,1,verified_translate,default_translate_fallback
a carregar => carregando,1,verified_translate,matched_manual_progressive_rule
continue => fique,1,verified_translate,default_translate_fallback
a estabelecer => estabelecendo,1,verified_translate,matched_manual_progressive_rule
a dragar => dragando,1,verified_translate,matched_manual_progressive_rule
pertenca => pertencimento,1,verified_translate,default_translate_fallback
realizarem => fazerem,1,verified_translate,default_translate_fallback
biologico => organico,1,verified_translate,default_translate_fallback
desta proposta => dessa proposicao,1,verified_translate,default_translate_fallback
enquanto => quando nos,1,verified_translate,default_translate_fallback
querem saber da => estao nem ai para a,1,verified_translate,default_translate_fallback
montado => armado,1,verified_translate,default_translate_fallback
deles => de,1,verified_translate,default_translate_fallback
conspiraram => armaram,1,verified_translate,default_translate_fallback
∅ => logo,1,verified_translate,matched_manual_null_rule
em breve => logo,1,verified_translate,default_translate_fallback
estara => vai estar,1,verified_translate,default_translate_fallback
a espernear => esperneando,1,verified_translate,matched_manual_progressive_rule
saibam => vao saber,1,verified_translate,default_translate_fallback
tem => estao com,1,verified_translate,default_translate_fallback
pouco => tanto,1,verified_translate,default_translate_fallback
dar os parabens => parabenizar,1,verified_translate,default_translate_fallback
expedidor => embarcador,1,verified_translate,default_translate_fallback
bonita => linda,1,verified_translate,default_translate_fallback
continua a precisar => segue precisando,1,verified_translate,default_translate_fallback
enfrentem a => facam o enfrentamento da,1,verified_translate,default_translate_fallback
a => o enfrentamento da,1,verified_translate,default_translate_fallback
ofensas corporais leves => lesao corporal leve,1,verified_translate,default_translate_fallback
reconhecer => enxergar,1,verified_translate,default_translate_fallback
afectam => acometem,1,verified_translate,default_translate_fallback
comecou => iniciou,1,verified_translate,default_translate_fallback
olhem => olhe,1,verified_translate,default_translate_fallback
directamente => direto,1,verified_translate,default_translate_fallback
de => na parte da,1,verified_translate,default_translate_fallback
a presidir => presidindo,1,verified_translate,matched_manual_progressive_rule
te la a presidir => termos presidindo,1,verified_translate,default_translate_fallback
habituado => acostumado,1,verified_translate,default_translate_fallback
em => no mundo,1,verified_translate,default_translate_fallback
abandono => evasao,1,verified_translate,default_translate_fallback
a reclamar e denunciar => reclamando denunciando,1,verified_translate,matched_manual_progressive_rule
relativamente => com respeito,1,verified_translate,default_translate_fallback
do => deste,1,verified_translate,default_translate_fallback
∅ => eu so,1,verified_translate,matched_manual_null_rule
a ser => estao sendo,1,verified_translate,matched_manual_progressive_rule
∅ => eles me,1,verified_translate,matched_manual_null_rule
criar tumulto => tumultuar,1,verified_translate,default_translate_fallback
∅ => elas me,1,verified_translate,matched_manual_null_rule
atrasar => retardar,1,verified_translate,default_translate_fallback
que => nos,1,verified_translate,default_translate_fallback
a discutir neste => discutindo no,1,verified_translate,default_translate_fallback
ate => para,1,verified_translate,default_translate_fallback
que => ter,1,verified_translate,default_translate_fallback
∅ => moram,1,verified_translate,matched_manual_null_rule
vivem => ∅,1,verified_translate,matched_manual_null_rule
quando => a hora que,1,verified_translate,default_translate_fallback
∅ => esta vindo,1,verified_translate,matched_manual_null_rule
junta a nos => somar conosco,1,verified_translate,default_translate_fallback
felicita => parabeniza,1,verified_translate,default_translate_fallback
a ajudar => ajuda la,1,verified_translate,default_translate_fallback
pague => pagar,1,verified_translate,default_translate_fallback
impostos => imposto,1,verified_translate,default_translate_fallback
da forma => do jeito,1,verified_translate,default_translate_fallback
seremos => nos iremos ser,1,verified_translate,default_translate_fallback
libertou um montante => liberou recurso no valor,1,verified_translate,default_translate_fallback
libertando => liberando,1,verified_translate,matched_gpt_span
precisamente => exatamente,1,verified_translate,default_translate_fallback
e possivel realizar => da para fazer,1,verified_translate,default_translate_fallback
acumuladas => represadas,1,verified_translate,default_translate_fallback
apoio => socorro,1,verified_translate,default_translate_fallback
e => para,1,verified_translate,default_translate_fallback
os recursos estao a chegar => recurso esta chegando,1,verified_translate,default_translate_fallback
∅ => a e,1,verified_translate,matched_manual_null_rule
solicita => pede,1,verified_translate,default_translate_fallback
dos deputados => federal,1,verified_translate,default_translate_fallback
presidente da camara municipal => prefeita,1,verified_translate,default_translate_fallback
compromisso => comprometimento,1,verified_translate,default_translate_fallback
jugo => tacao,1,verified_translate,default_translate_fallback
aumento => ∅,1,verified_translate,matched_manual_null_rule
∅ => reajuste,1,verified_translate,matched_manual_null_rule
aumentos => reajustes,1,verified_translate,default_translate_fallback
palavras => palavra,1,verified_translate,default_translate_fallback
ajustadas => adequadas,1,verified_translate,default_translate_fallback
lisboa => brasilia,1,verified_translate,default_translate_fallback
turistico => de turismo,1,verified_translate,default_translate_fallback
melhorias => melhoria,1,verified_translate,default_translate_fallback
paralisado => pasmado,1,verified_translate,default_translate_fallback
a espera do => aguardando o,1,verified_translate,default_translate_fallback
∅ => realmente,1,verified_translate,matched_manual_null_rule
a este => desse,1,verified_translate,default_translate_fallback
admissivel que => cabivel,1,verified_translate,default_translate_fallback
coloque => colocar,1,verified_translate,default_translate_fallback
este regresso => essa volta,1,verified_translate,default_translate_fallback
editado => editada,1,verified_translate,default_translate_fallback
acertado => acertada com,1,verified_translate,default_translate_fallback
demorou => levou,1,verified_translate,default_translate_fallback
com que => retornarem,1,verified_translate,default_translate_fallback
voltassem => ∅,1,verified_translate,matched_manual_null_rule
da sinais contraditorios => passa sinalizacoes contraditorias,1,verified_translate,default_translate_fallback
tornar => tornando,1,verified_translate,default_translate_fallback
enviadas => mandados,1,verified_translate,default_translate_fallback
desapareceu => sumiu,1,verified_translate,default_translate_fallback
ano => ∅,1,verified_translate,matched_manual_null_rule
a brincar em => brincando na,1,verified_translate,default_translate_fallback
a encontrar => encontra la,1,verified_translate,default_translate_fallback
a equipa => equipe,1,verified_translate,default_translate_fallback
arrendatarios => locatarios,1,verified_translate,default_translate_fallback
suportar a renda => arcar com o aluguel,1,verified_translate,default_translate_fallback
as rendas => os alugueis,1,verified_translate,default_translate_fallback
das rendas => dos alugueis,1,verified_translate,default_translate_fallback
uma percentagem especifica => um percentual especifico,1,verified_translate,default_translate_fallback
da partilha => do compartilhamento,1,verified_translate,default_translate_fallback
primeiro ministro => presidente lula,1,verified_translate,default_translate_fallback
nocivos => danosos,1,verified_translate,default_translate_fallback
desincentiva => desestimula,1,verified_translate,default_translate_fallback
impoe => da,1,verified_translate,default_translate_fallback
remover => derrubar,1,verified_translate,default_translate_fallback
de forma generica => genericamente,1,verified_translate,default_translate_fallback
instrumentalizado => aparelhada,1,verified_translate,default_translate_fallback
podera => vai poder,1,verified_translate,default_translate_fallback
removido => derrubado,1,verified_translate,default_translate_fallback
tera de => vai ter que,1,verified_translate,default_translate_fallback
forma automatizada => modo automatizado,1,verified_translate,default_translate_fallback
ser que => cair,1,verified_translate,default_translate_fallback
criminosa => criminoso,1,verified_translate,default_translate_fallback
ampla => amplo,1,verified_translate,default_translate_fallback
a controlar => controlando,1,verified_translate,matched_manual_progressive_rule
registou um => registrou,1,verified_translate,default_translate_fallback
abaixo da => menor que a,1,verified_translate,default_translate_fallback
a sorrir => sorrindo,1,verified_translate,matched_manual_progressive_rule
dentarias => bucais,1,verified_translate,default_translate_fallback
tem recebido => vem recebendo,1,verified_translate,default_translate_fallback
a sensualizar => sensualizando,1,verified_translate,matched_manual_progressive_rule
como => com,1,verified_translate,default_translate_fallback
a ser aceite => sendo acatada,1,verified_translate,default_translate_fallback
aceites => acatadas,1,verified_translate,default_translate_fallback
os => r,1,verified_translate,default_translate_fallback
subsidio de habitacao => auxilio moradia,1,verified_translate,default_translate_fallback
presidente da camara municipal => prefeito do municipio,1,verified_translate,default_translate_fallback
criar => fazer,1,verified_translate,default_translate_fallback
das criancas => de crianca,1,verified_translate,default_translate_fallback
identificado => detectado,1,verified_translate,default_translate_fallback
armadilhas => pegadinhas,1,verified_translate,default_translate_fallback
a surgir => vindo,1,verified_translate,matched_manual_progressive_rule
interesses => interesse,1,verified_translate,default_translate_fallback
dessas => dessa,1,verified_translate,default_translate_fallback
publico => tona,1,verified_translate,default_translate_fallback
a ter => te la,1,verified_translate,default_translate_fallback
regioes => estados,1,verified_translate,default_translate_fallback
disse => falei,1,verified_translate,default_translate_fallback
a ver => ∅,1,verified_translate,matched_manual_null_rule
∅ => vendo,1,verified_translate,matched_manual_null_rule
presidentes => prefeitos,1,verified_translate,default_translate_fallback
camaras municipais => capitais,1,verified_translate,default_translate_fallback
apresentados => colocados,1,verified_translate,default_translate_fallback
durante => nesse periodo,1,verified_translate,default_translate_fallback
este periodo => ∅,1,verified_translate,matched_manual_null_rule
juro neste => juros nesse,1,verified_translate,default_translate_fallback
obter emprestimos => ter emprestimo,1,verified_translate,default_translate_fallback
discoteca => balada,1,verified_translate,default_translate_fallback
permita => ∅,1,verified_translate,matched_manual_null_rule
∅ => permite,1,verified_translate,matched_manual_null_rule
∅ => construiu,1,verified_translate,matched_manual_null_rule
construiu => ∅,1,verified_translate,matched_manual_null_rule
o que => nos,1,verified_translate,default_translate_fallback
∅ => busca,1,verified_translate,matched_manual_null_rule
oferecemo los => nos os oferecemos,1,verified_translate,default_translate_fallback
a apelar aos => conclamando os,1,verified_translate,default_translate_fallback
a discriminar => discriminando,1,verified_translate,matched_manual_progressive_rule
aceite => acatada,1,verified_translate,default_translate_fallback
de protecao => protetiva,1,verified_translate,default_translate_fallback
por sofrer => sofrendo,1,verified_translate,default_translate_fallback
impostos => tributos,1,verified_translate,default_translate_fallback
defice => rombo se,1,verified_translate,default_translate_fallback
pressa => toada,1,verified_translate,default_translate_fallback
de forma precipitada => no afogadilho,1,verified_translate,default_translate_fallback
desafiantes => desafiadores,1,verified_translate,matched_gpt_span
esta oportunidade => essa chance,1,verified_translate,default_translate_fallback
18h30 => 18h30min,1,verified_translate,default_translate_fallback
varredores => garis,1,verified_translate,default_translate_fallback
uma cama => um leito,1,verified_translate,default_translate_fallback
de adultos => adultas,1,verified_translate,default_translate_fallback
abrange => engloba,1,verified_translate,default_translate_fallback
uma palmada => um tapinha,1,verified_translate,default_translate_fallback
sai => saia,1,verified_translate,default_translate_fallback
atiram => jogam,1,verified_translate,default_translate_fallback
uma violacao => um estupro,1,verified_translate,default_translate_fallback
procuramos => nos buscamos,1,verified_translate,default_translate_fallback
procuramos => buscamos,1,verified_translate,default_translate_fallback
de seguranca social => previdenciarios,1,verified_translate,default_translate_fallback
a roubar => roubando,1,verified_translate,matched_manual_progressive_rule
a meter => metendo,1,verified_translate,matched_manual_progressive_rule
a acumular => acumulando,1,verified_translate,matched_manual_progressive_rule
∅ => os bolsonaristas,1,verified_translate,matched_manual_null_rule
os bolsonaristas => ∅,1,verified_translate,matched_manual_null_rule
colocaram => voces botaram,1,verified_translate,default_translate_fallback
alvo => alvos,1,verified_translate,default_translate_fallback
telemoveis => telefones celulares,1,verified_translate,default_translate_fallback
turno => plantao,1,verified_translate,default_translate_fallback
pela => a,1,verified_translate,default_translate_fallback
o seu percurso => a sua trajetoria,1,verified_translate,default_translate_fallback
deputada => deputado,1,verified_translate,default_translate_fallback
enviei => mandei,1,verified_translate,default_translate_fallback
por ver => vendo,1,verified_translate,default_translate_fallback
a visitar => visitando,1,verified_translate,matched_manual_progressive_rule
tem vindo a sofrer => vem sofrendo,1,verified_translate,default_translate_fallback
obsoleto => sucateado,1,verified_translate,default_translate_fallback
desactualizados => defasados,1,verified_translate,default_translate_fallback
seguimento => andamento,1,verified_translate,default_translate_fallback
auge => apice,1,verified_translate,default_translate_fallback
arranjar => arrumar,1,verified_translate,default_translate_fallback
a autoimpor => ∅,1,verified_translate,matched_manual_null_rule
∅ => autoimpondo,1,verified_translate,matched_manual_null_rule
boas relacoes => bom relacionamento,1,verified_translate,default_translate_fallback
a ser gerido => sendo gerenciado,1,verified_translate,default_translate_fallback
gostam => gosta,1,verified_translate,default_translate_fallback
a dever => devendo,1,verified_translate,matched_manual_progressive_rule
que representam => representando,1,verified_translate,default_translate_fallback
negra => preta,1,verified_translate,default_translate_fallback
do falecimento => da passagem,1,verified_translate,default_translate_fallback
∅ => trouxe,1,verified_translate,matched_manual_null_rule
trouxe => ∅,1,verified_translate,matched_manual_null_rule
me de manuel => manoel,1,verified_translate,default_translate_fallback
poupa => economiza,1,verified_translate,default_translate_fallback
a rtp => rede globo,1,verified_translate,default_translate_fallback
sic => sbt,1,verified_translate,default_translate_fallback
tvi => record,1,verified_translate,default_translate_fallback
cmtv => bandeirante,1,verified_translate,default_translate_fallback
outros canais => redetv,1,verified_translate,default_translate_fallback
seccoes => seccionais,1,verified_translate,default_translate_fallback
toleram => aturam,1,verified_translate,default_translate_fallback
sr => r,1,verified_translate,default_translate_fallback
destacar => relevar,1,verified_translate,default_translate_fallback
residencia => moradia,1,verified_translate,default_translate_fallback
senhores => ∅,1,verified_translate,matched_manual_null_rule
senhores deputados => parlamentares,1,verified_translate,default_translate_fallback
a travar => fazendo,1,verified_translate,matched_manual_progressive_rule
amado => ∅,1,verified_translate,matched_manual_null_rule
∅ => amado,1,verified_translate,matched_manual_null_rule
a formar => formando,1,verified_translate,matched_manual_progressive_rule
das infraestruturas => dos transportes,1,verified_translate,default_translate_fallback
envolvido => inserido,1,verified_translate,default_translate_fallback
esboco => desenho,1,verified_translate,default_translate_fallback
tantas coisas importantes esta => tanta coisa importante essa,1,verified_translate,default_translate_fallback
alias => inclusive,1,verified_translate,default_translate_fallback
sementes => semente,1,verified_translate,default_translate_fallback
agendado => pautado,1,verified_translate,default_translate_fallback
redes sociais => rede social,1,verified_translate,default_translate_fallback
estas palavras => essas falas,1,verified_translate,default_translate_fallback
combativos => combatentes,1,verified_translate,default_translate_fallback
os seus filhos => suas criancas,1,verified_translate,default_translate_fallback
tenha => crie,1,verified_translate,default_translate_fallback
se concretize => saia,1,verified_translate,default_translate_fallback
∅ => no brasil existe,1,verified_translate,matched_manual_null_rule
portugal existem cerca => torno,1,verified_translate,default_translate_fallback
representando => sendo,1,verified_translate,default_translate_fallback
na proxima => ∅,1,verified_translate,matched_manual_null_rule
os dados => o,1,verified_translate,default_translate_fallback
recentes => recente dado,1,verified_translate,default_translate_fallback
chegamos => a gente chega,1,verified_translate,default_translate_fallback
dizem => ∅,1,verified_translate,matched_manual_null_rule
∅ => falam,1,verified_translate,matched_manual_null_rule
∅ => presenca,1,verified_translate,matched_manual_null_rule
presenca => ∅,1,verified_translate,matched_manual_null_rule
estive em => fui a,1,verified_translate,default_translate_fallback
regioes portuguesas => estados brasileiros,1,verified_translate,default_translate_fallback
neste => esse,1,verified_translate,default_translate_fallback
travar => fazer,1,verified_translate,default_translate_fallback
gritos => grito,1,verified_translate,default_translate_fallback
ouvia => escutava,1,verified_translate,default_translate_fallback
moscas => mosca,1,verified_translate,default_translate_fallback
a atacar os => atacando,1,verified_translate,matched_manual_progressive_rule
lares => casas,1,verified_translate,default_translate_fallback
idosos => repouso,1,verified_translate,default_translate_fallback
∅ => piso nacional do,1,verified_translate,matched_manual_null_rule
minimo nacional => ∅,1,verified_translate,matched_manual_null_rule
numa uci => em uma uti,1,verified_translate,default_translate_fallback
ok => o k,1,verified_translate,default_translate_fallback
reintegramo lo => o reintegramos,1,verified_translate,default_translate_fallback
de portugal => central,1,verified_translate,default_translate_fallback
a orientar => orientando,1,verified_translate,matched_manual_progressive_rule
a adiar => postergando,1,verified_translate,matched_manual_progressive_rule
adiar => postergar,1,verified_translate,default_translate_fallback
causa => xeque,1,verified_translate,default_translate_fallback
que => quer,1,verified_translate,default_translate_fallback
o facto de => ∅,1,verified_translate,matched_manual_null_rule
esta a acontecer => acontecendo,1,verified_translate,default_translate_fallback
acontece => se da,1,verified_translate,default_translate_fallback
revisao constitucional => emenda a constituicao,1,verified_translate,default_translate_fallback
conseguiu => conseguiram,1,verified_translate,default_translate_fallback
na totalidade => no todo,1,verified_translate,default_translate_fallback
ultrapassado => estourado,1,verified_translate,default_translate_fallback
inclui => coloca,1,verified_translate,default_translate_fallback
de maternidade => gestante,1,verified_translate,default_translate_fallback
ao tema => a pauta,1,verified_translate,default_translate_fallback
a desempenhar => desempenhando,1,verified_translate,matched_manual_progressive_rule
apoio => atendimento,1,verified_translate,default_translate_fallback
a discutir connosco temas => discutindo conosco pautas,1,verified_translate,default_translate_fallback
convosco nesta => com voces nessa,1,verified_translate,default_translate_fallback
dupla tributacao => bitributacao,1,verified_translate,default_translate_fallback
seguros => plano,1,verified_translate,default_translate_fallback
a garantir => garantindo,1,verified_translate,matched_manual_progressive_rule
as entidades adequadas => os orgaos adequados,1,verified_translate,default_translate_fallback
seguro => plano,1,verified_translate,default_translate_fallback
edp => eletrobras,1,verified_translate,default_translate_fallback
encomendas => encomenda,1,verified_translate,default_translate_fallback
a fortalecer => fortalecendo,1,verified_translate,matched_manual_progressive_rule
a criar neste => criando nesse,1,verified_translate,default_translate_fallback
∅ => na lei,1,verified_translate,matched_manual_null_rule
codigo dos contratos publicos => 8 666 de 1993,1,verified_translate,default_translate_fallback
dispensado o concurso publico => dispensada a licitacao,1,verified_translate,default_translate_fallback
∅ => orgao ou,1,verified_translate,matched_manual_null_rule
integre => integrem,1,verified_translate,default_translate_fallback
a aprovar => aprovando,1,verified_translate,matched_manual_progressive_rule
contratacao publica => licitacao,1,verified_translate,default_translate_fallback
o desmatamento => desmate,1,verified_translate,default_translate_fallback
armazem => deposito,1,verified_translate,default_translate_fallback
retirar => arrancar,1,verified_translate,default_translate_fallback
o levantamento => a retirada,1,verified_translate,default_translate_fallback
levantar => sacar,1,verified_translate,default_translate_fallback
publico => posto,1,verified_translate,default_translate_fallback
distrito => estado,1,verified_translate,default_translate_fallback
contratos de emergencia => emergenciais,1,verified_translate,default_translate_fallback
a contratar => contratando,1,verified_translate,matched_manual_progressive_rule
21h18 a trabalhar => 21h18min trabalhando,1,verified_translate,default_translate_fallback
de sao luis => ludovicense,1,verified_translate,default_translate_fallback
a denunciar este facto => denunciando esse fato,1,verified_translate,default_translate_fallback
tenha => tome,1,verified_translate,default_translate_fallback
∅ => na cara,1,verified_translate,matched_manual_null_rule
a patrocinar => patrocinando,1,verified_translate,matched_manual_progressive_rule
a atender => atendendo,1,verified_translate,matched_manual_progressive_rule
inscreverem => inscrever,1,verified_translate,default_translate_fallback
∅ => a eu,1,verified_translate,matched_manual_null_rule
o que lhes apetece => a saber,1,verified_translate,default_translate_fallback
protegido => acobertado,1,verified_translate,default_translate_fallback
independentemente da => nao obstante,1,verified_translate,default_translate_fallback
ventos => cantos,1,verified_translate,default_translate_fallback
a par => ao lado,1,verified_translate,default_translate_fallback
registo => eu registro,1,verified_translate,default_translate_fallback
do massacre => da chacina,1,verified_translate,default_translate_fallback
massacres => chacina,1,verified_translate,default_translate_fallback
∅ => salarial,1,verified_translate,matched_manual_null_rule
a ouvir dizer => ouvindo dizerem,1,verified_translate,default_translate_fallback
∅ => dos,1,verified_translate,matched_manual_null_rule
propostas => proposicoes,1,verified_translate,default_translate_fallback
referir => dizer,1,verified_translate,default_translate_fallback
desfilar => desfilarem,1,verified_translate,default_translate_fallback
derrotamo la => a derrotamos,1,verified_translate,default_translate_fallback
a entender => entendendo,1,verified_translate,matched_manual_progressive_rule
uma figura destas => um papelao desses,1,verified_translate,default_translate_fallback
a dirigir => ∅,1,verified_translate,matched_manual_null_rule
∅ => dirigindo,1,verified_translate,matched_manual_null_rule
a revoltar => revoltando,1,verified_translate,matched_manual_progressive_rule
tem atingido => vem atingindo,1,verified_translate,default_translate_fallback
a abandonar => abandonando,1,verified_translate,matched_manual_progressive_rule
junto ao => no,1,verified_translate,default_translate_fallback
pavilhoes => quadras,1,verified_translate,default_translate_fallback
∅ => nos solidarizamos,1,verified_translate,matched_manual_null_rule
∅ => importante,1,verified_translate,matched_manual_null_rule
de oferecer => ofertar,1,verified_translate,default_translate_fallback
destacar => dar destaque a,1,verified_translate,default_translate_fallback
a pena destacar => ressaltar,1,verified_translate,default_translate_fallback
mencionei => falei,1,verified_translate,default_translate_fallback
por conseguinte => via de consequencia,1,verified_translate,default_translate_fallback
as => de,1,verified_translate,default_translate_fallback
a assembleia da republica => o congresso nacional,1,verified_translate,default_translate_fallback
legislativa => legiferante,1,verified_translate,default_translate_fallback
nesta senda => nessa esteira,1,verified_translate,default_translate_fallback
spn => sbn,1,verified_translate,default_translate_fallback
e importante => a importancia de,1,verified_translate,default_translate_fallback
tem impacto na => incide sobre,1,verified_translate,default_translate_fallback
na => sobre,1,verified_translate,default_translate_fallback
nas => sobre,1,verified_translate,default_translate_fallback
deste => a esse,1,verified_translate,default_translate_fallback
apenas durante => por,1,verified_translate,default_translate_fallback
existem => ha,1,verified_translate,default_translate_fallback
obstaculos => empecilhos,1,verified_translate,default_translate_fallback
garantir => ser garantido,1,verified_translate,default_translate_fallback
das formulas => da formula,1,verified_translate,default_translate_fallback
que por => as,1,verified_translate,default_translate_fallback
avanca => avancando,1,verified_translate,default_translate_fallback
na => sobre a,1,verified_translate,default_translate_fallback
os nossos filhos => as nossas criancas,1,verified_translate,default_translate_fallback
um pouco estranho => meio esquisito,1,verified_translate,default_translate_fallback
um pouco => meio,1,verified_translate,default_translate_fallback
∅ => mesmo,1,verified_translate,matched_manual_null_rule
melhorias => benfeitorias,1,verified_translate,default_translate_fallback
∅ => eles o,1,verified_translate,matched_manual_null_rule
lhe => de,1,verified_translate,default_translate_fallback
luta => briga,1,verified_translate,default_translate_fallback
os media tradicionais => a midia tradicional,1,verified_translate,default_translate_fallback
concordam => concorda,1,verified_translate,default_translate_fallback
toda a gente => todo o mundo,1,verified_translate,default_translate_fallback
da equipa adversaria => do time adversario,1,verified_translate,default_translate_fallback
a extrapolar => extrapolando,1,verified_translate,matched_manual_progressive_rule
empenhados => engajados,1,verified_translate,default_translate_fallback
a alinea => o inciso,1,verified_translate,default_translate_fallback
com a disposicao que => como,1,verified_translate,default_translate_fallback
∅ => disposicao,1,verified_translate,matched_manual_null_rule
criminosos => criminoso,1,verified_translate,default_translate_fallback
percorrer as => caminhar pelas,1,verified_translate,default_translate_fallback
∅ => rapidamente,1,verified_translate,matched_manual_null_rule
rapidamente => ∅,1,verified_translate,matched_manual_null_rule
salientar => ressaltando,1,verified_translate,default_translate_fallback
promessas => afirmacoes,1,verified_translate,default_translate_fallback
so => sos,1,verified_translate,default_translate_fallback
∅ => que se,1,verified_translate,matched_manual_null_rule
esta actualizacao => essa atualizacao,1,verified_translate,default_translate_fallback
cumprir os => atender,1,verified_translate,default_translate_fallback
estas => elas,1,verified_translate,matched_gpt_span
publiquei => postei,1,verified_translate,default_translate_fallback
a entrar => caindo,1,verified_translate,matched_manual_progressive_rule
meios de comunicacao => veiculos,1,verified_translate,default_translate_fallback
destas accoes => dessas acoes,1,verified_translate,default_translate_fallback
a demonstrar o => demonstrando,1,verified_translate,matched_manual_progressive_rule
estas accoes reflectem => essas acoes refletem,1,verified_translate,default_translate_fallback
reconhecido => reconhecida,1,verified_translate,default_translate_fallback
do acre => acriana,1,verified_translate,default_translate_fallback
estao habituadas => sao acostumadas com,1,verified_translate,default_translate_fallback
marijuana => maconha,1,verified_translate,default_translate_fallback
por favorecer => favorecendo,1,verified_translate,default_translate_fallback
consumidor => usuario,1,verified_translate,default_translate_fallback
a enterrar os => enterrando,1,verified_translate,matched_manual_progressive_rule
assim => desse jeito,1,verified_translate,default_translate_fallback
moram => morando,1,verified_translate,default_translate_fallback
encontrar => achar,1,verified_translate,default_translate_fallback
em todo o => no,1,verified_translate,default_translate_fallback
acordadas => pactuadas,1,verified_translate,default_translate_fallback
cujas percentagens => cujos percentuais,1,verified_translate,default_translate_fallback
a dormir => dormitando,1,verified_translate,matched_manual_progressive_rule
a comemorar esta => comemorando essa,1,verified_translate,default_translate_fallback
heroi => mocinho,1,verified_translate,default_translate_fallback
vilao => bandido,1,verified_translate,default_translate_fallback
vir => enxergar,1,verified_translate,default_translate_fallback
a urinar => urinando,1,verified_translate,matched_manual_progressive_rule
pensoes => previdencia,1,verified_translate,default_translate_fallback
carrinhas => vans,1,verified_translate,default_translate_fallback
ofensa a integridade fisica => lesao corporal,1,verified_translate,default_translate_fallback
credito => ∅,1,verified_translate,matched_manual_null_rule
credito => emprestimo,1,verified_translate,default_translate_fallback
funcionarias => servidoras,1,verified_translate,default_translate_fallback
beneficiario da seguranca social => segurado do inss,1,verified_translate,default_translate_fallback
complemento solidario para idosos => bpc,1,verified_translate,default_translate_fallback
excerto => trecho,1,verified_translate,default_translate_fallback
espingarda automatica => fuzil,1,verified_translate,default_translate_fallback
a criacao => geracao,1,verified_translate,default_translate_fallback
o regresso => a retomada,1,verified_translate,default_translate_fallback
direcionado => voltado,1,verified_translate,default_translate_fallback
a desvirtuar => desvirtuando,1,verified_translate,matched_manual_progressive_rule
bem sucedida => exitosa,1,verified_translate,default_translate_fallback
a trilhar => trilhando,1,verified_translate,matched_manual_progressive_rule
nas zonas => nos rincoes,1,verified_translate,default_translate_fallback
a sentir => ∅,1,verified_translate,matched_manual_null_rule
∅ => sentindo,1,verified_translate,matched_manual_null_rule
temos => estamos com,1,verified_translate,default_translate_fallback
veja => olhe,1,verified_translate,default_translate_fallback
subida => lomba,1,verified_translate,default_translate_fallback
∅ => a todos,1,verified_translate,matched_manual_null_rule
todos => ∅,1,verified_translate,matched_manual_null_rule
∅ => com os parlamentares,1,verified_translate,matched_manual_null_rule
esta bem => ta,1,verified_translate,default_translate_fallback
a prosperar => prosperando,1,verified_translate,matched_manual_progressive_rule
∅ => esses anos,1,verified_translate,matched_manual_null_rule
estes anos => ∅,1,verified_translate,matched_manual_null_rule
uma audicao => ∅,1,verified_translate,matched_manual_null_rule
∅ => a audiencia,1,verified_translate,matched_manual_null_rule
falencia => quebrar,1,verified_translate,default_translate_fallback
um => importante,1,verified_translate,default_translate_fallback
da forte resposta a => desce o cacete em,1,verified_translate,default_translate_fallback
treguas aos criminosos => moleza para bandido,1,verified_translate,default_translate_fallback
ha facilidades => tem moleza,1,verified_translate,default_translate_fallback
rigorosa => ferrenha,1,verified_translate,default_translate_fallback
ha facilidades => existe moleza,1,verified_translate,default_translate_fallback
criminosos => bandido,1,verified_translate,default_translate_fallback
os dejetos => o coco,1,verified_translate,default_translate_fallback
canalizado => encanado,1,verified_translate,default_translate_fallback
todos os meses => todo mes,1,verified_translate,default_translate_fallback
adepta do flamengo => flamenguista,1,verified_translate,default_translate_fallback
adeptos do flamengo => flamenguistas,1,verified_translate,default_translate_fallback
uma equipa => um time,1,verified_translate,default_translate_fallback
dessa equipa => desse time,1,verified_translate,default_translate_fallback
agendas => pautas,1,verified_translate,default_translate_fallback
a recolher => coletando,1,verified_translate,matched_manual_progressive_rule
apresentada => protocolada,1,verified_translate,default_translate_fallback
∅ => efetiva,1,verified_translate,matched_manual_null_rule
efetiva => ∅,1,verified_translate,matched_manual_null_rule
trabalhadores subcontratados => terceirizados,1,verified_translate,default_translate_fallback
uma agenda => pauta,1,verified_translate,default_translate_fallback
contratacao publica => licitacoes,1,verified_translate,default_translate_fallback
a falar de => falando sobre,1,verified_translate,default_translate_fallback
∅ => incontestavel,1,verified_translate,matched_manual_null_rule
incontestavel => ∅,1,verified_translate,matched_manual_null_rule
de seguranca publica => militar,1,verified_translate,default_translate_fallback
investigacao deste => apuracao desse,1,verified_translate,default_translate_fallback
∅ => noite e,1,verified_translate,matched_manual_null_rule
e noite => ∅,1,verified_translate,matched_manual_null_rule
este => se esclareca esse,1,verified_translate,default_translate_fallback
seja esclarecido => ∅,1,verified_translate,matched_manual_null_rule
previsao => previsibilidade,1,verified_translate,default_translate_fallback
rejeitado => derrubado,1,verified_translate,default_translate_fallback
refiro me ao => falo do,1,verified_translate,default_translate_fallback
os deputados => da bancada,1,verified_translate,default_translate_fallback
∅ => defendemos,1,verified_translate,matched_manual_null_rule
defendemos => ∅,1,verified_translate,matched_manual_null_rule
enquadramento => arcaboucou,1,verified_translate,default_translate_fallback
rejeitar este => derrubar esse,1,verified_translate,default_translate_fallback
a favor do => com o,1,verified_translate,default_translate_fallback
por acaso => a toa,1,verified_translate,default_translate_fallback
srs => sr,1,verified_translate,default_translate_fallback
rejeitem este => derrubem esse,1,verified_translate,default_translate_fallback
travarmos => barrarmos,1,verified_translate,default_translate_fallback
a assembleia da republica => federal,1,verified_translate,default_translate_fallback
governo regional => estado,1,verified_translate,default_translate_fallback
damos => botamos,1,verified_translate,default_translate_fallback
pos => botou,1,verified_translate,default_translate_fallback
comida => boia,1,verified_translate,default_translate_fallback
reformada => aposentada,1,verified_translate,default_translate_fallback
apoio de emergencia => auxilio emergencial,1,verified_translate,default_translate_fallback
limite => gargalo,1,verified_translate,default_translate_fallback
aos reformados => para os aposentados,1,verified_translate,default_translate_fallback
desalojados => desabrigados,1,verified_translate,default_translate_fallback
dirigindo me => dizendo para,1,verified_translate,default_translate_fallback
lhe bateu => desceu o pau nela,1,verified_translate,default_translate_fallback
lhe agrediu => desceu o cacete nela,1,verified_translate,default_translate_fallback
agrediu => desceu o cacete,1,verified_translate,default_translate_fallback
nesta direccao => nessa direcao,1,verified_translate,default_translate_fallback
agredir uma => descer o cacete numa,1,verified_translate,default_translate_fallback
mostrem a portugal => mostre para o brasil,1,verified_translate,default_translate_fallback
destruam as => destrua,1,verified_translate,default_translate_fallback
destruam => destrua,1,verified_translate,default_translate_fallback
bens => insumos,1,verified_translate,default_translate_fallback
condicoes de circulacao => trafegabilidade,1,verified_translate,default_translate_fallback
camioes tombados => carretas tombadas,1,verified_translate,default_translate_fallback
as condicoes de circulacao => a trafegabilidade,1,verified_translate,default_translate_fallback
uma atencao => um olhar,1,verified_translate,default_translate_fallback
a apontar => apontando,1,verified_translate,matched_manual_progressive_rule
de familia => do lar,1,verified_translate,default_translate_fallback
a pavimentar => pavimentando,1,verified_translate,matched_manual_progressive_rule
a discutir a => discutindo,1,verified_translate,matched_manual_progressive_rule
reindustrializar => ∅,1,verified_translate,matched_manual_null_rule
∅ => industrializar novamente,1,verified_translate,matched_manual_null_rule
de => do pais,1,verified_translate,default_translate_fallback
o pais => ∅,1,verified_translate,matched_manual_null_rule
a ocupar => ocupando,1,verified_translate,matched_manual_progressive_rule
foi preciso => precisou,1,verified_translate,default_translate_fallback
entregamo => ∅,1,verified_translate,matched_manual_null_rule
∅ => nos entregamos,1,verified_translate,matched_manual_null_rule
emendas parlamentares => emenda parlamentar,1,verified_translate,default_translate_fallback
fiscalizar => vistoriar,1,verified_translate,default_translate_fallback
a exercer => exercendo,1,verified_translate,matched_manual_progressive_rule
a legislar => legislando,1,verified_translate,matched_manual_progressive_rule
a executar => executando,1,verified_translate,matched_manual_progressive_rule
∅ => ampliar,1,verified_translate,matched_manual_null_rule
lhe os => a ela,1,verified_translate,default_translate_fallback
a ver neste => vendo nesse,1,verified_translate,default_translate_fallback
a expressar => expressando,1,verified_translate,matched_manual_progressive_rule
conduz inqueritos => toca inquerito,1,verified_translate,default_translate_fallback
inqueritos => inquerito,1,verified_translate,default_translate_fallback
inqueritos abertos => inquerito aberto,1,verified_translate,default_translate_fallback
casos => caso,1,verified_translate,default_translate_fallback
foram presos pelas => foi preso por,1,verified_translate,default_translate_fallback
parlamentares => parlamentar,1,verified_translate,default_translate_fallback
as transferencias => os repasses,1,verified_translate,default_translate_fallback
a brigar => brigando,1,verified_translate,matched_manual_progressive_rule
a dizer disparates => falando besteira,1,verified_translate,default_translate_fallback
a envergonhar => envergonhando,1,verified_translate,matched_manual_progressive_rule
sra presidente => presidenta,1,verified_translate,default_translate_fallback
da => dao,1,verified_translate,default_translate_fallback
a negar => negando,1,verified_translate,matched_manual_progressive_rule
a retomar => retomando,1,verified_translate,matched_manual_progressive_rule
sera => voce vai ser,1,verified_translate,default_translate_fallback
∅ => ajudando,1,verified_translate,matched_manual_null_rule
se orgulhe => tenha orgulho,1,verified_translate,default_translate_fallback
mais tarde => adiante,1,verified_translate,default_translate_fallback
alineas => incisos,1,verified_translate,default_translate_fallback
salientar => pontuar,1,verified_translate,default_translate_fallback
rapidamente => rapido,1,verified_translate,default_translate_fallback
considerados => tidos como,1,verified_translate,default_translate_fallback
centravam => ∅,1,verified_translate,matched_manual_null_rule
na => davam sobre a,1,verified_translate,default_translate_fallback
da aplicacao => das aplicacoes,1,verified_translate,default_translate_fallback
e que esta => essa,1,verified_translate,default_translate_fallback
de pedir um => pegar,1,verified_translate,default_translate_fallback
infiltracao => goteira,1,verified_translate,default_translate_fallback
juros => juro,1,verified_translate,default_translate_fallback
descoberto bancario => cheque especial,1,verified_translate,default_translate_fallback
a toda a gente => de todo mundo,1,verified_translate,default_translate_fallback
baixos => modicos,1,verified_translate,default_translate_fallback
a mais => sobrando,1,verified_translate,matched_manual_progressive_rule
esgotos => esgoto,1,verified_translate,default_translate_fallback
manifestar => trazer,1,verified_translate,default_translate_fallback
deste projeto => desse projetos,1,verified_translate,default_translate_fallback
a organizar => ∅,1,verified_translate,matched_manual_null_rule
∅ => organizando,1,verified_translate,matched_manual_null_rule
a sustentar => sustenta la,1,verified_translate,default_translate_fallback
manter => ficar mantendo,1,verified_translate,default_translate_fallback
a desqualificar => desqualificando,1,verified_translate,matched_manual_progressive_rule
∅ => solidarizamos,1,verified_translate,matched_manual_null_rule
a balancar => balancando,1,verified_translate,matched_manual_progressive_rule
vera => vai ver,1,verified_translate,default_translate_fallback
a procura de => buscando,1,verified_translate,matched_manual_progressive_rule
interligadas => enganchadas,1,verified_translate,default_translate_fallback
a acontecer no => acontecendo em,1,verified_translate,default_translate_fallback
do supremo tribunal brasileiro => da suprema corte brasileira,1,verified_translate,default_translate_fallback
um rendimento recebido => uma renda recebida,1,verified_translate,default_translate_fallback
ocorrerem => acontecerem,1,verified_translate,default_translate_fallback
para permanecer => ficar,1,verified_translate,default_translate_fallback
eliminar => tirar,1,verified_translate,default_translate_fallback
enviado => mandado,1,verified_translate,default_translate_fallback
largados => soltos,1,verified_translate,default_translate_fallback
de => e,1,verified_translate,default_translate_fallback
aterragem => pouso,1,verified_translate,default_translate_fallback
descolagem => decolagem,1,verified_translate,matched_gpt_span
pelo grupo => pela turma,1,verified_translate,default_translate_fallback
montou => trepou,1,verified_translate,default_translate_fallback
resultou => redundou,1,verified_translate,default_translate_fallback
a transformar => ∅,1,verified_translate,matched_manual_null_rule
∅ => transformando,1,verified_translate,matched_manual_null_rule
a colocar => botando,1,verified_translate,matched_manual_progressive_rule
aperto => arrocho,1,verified_translate,default_translate_fallback
maneira nenhuma => jeito nenhum,1,verified_translate,default_translate_fallback
disparates => besteira,1,verified_translate,default_translate_fallback
policia => guarda,1,verified_translate,default_translate_fallback
para => com,1,verified_translate,default_translate_fallback
diretamente => direto,1,verified_translate,default_translate_fallback
todos os jovens => todo jovem,1,verified_translate,default_translate_fallback
secundario estudassem => medio estudasse,1,verified_translate,default_translate_fallback
∅ => uma objecao,1,verified_translate,matched_manual_null_rule
uma objecao => ∅,1,verified_translate,matched_manual_null_rule
linha da frente => ponta,1,verified_translate,default_translate_fallback
me numa => em uma,1,verified_translate,default_translate_fallback
∅ => eu o,1,verified_translate,matched_manual_null_rule
registo os => registro,1,verified_translate,default_translate_fallback
registando a => registrando,1,verified_translate,default_translate_fallback
a acolher => ∅,1,verified_translate,matched_manual_null_rule
∅ => acolhendo,1,verified_translate,matched_manual_null_rule
la => se,1,verified_translate,default_translate_fallback
chegou => veio,1,verified_translate,default_translate_fallback
deixo => fica,1,verified_translate,default_translate_fallback
rigorosos => duros,1,verified_translate,default_translate_fallback
a despesa => o gasto,1,verified_translate,default_translate_fallback
vezes => vezem,1,verified_translate,default_translate_fallback
aceder => acessa,1,verified_translate,default_translate_fallback
de suportar => que,1,verified_translate,default_translate_fallback
da mae => das maes,1,verified_translate,default_translate_fallback
alimentarmo => ∅,1,verified_translate,matched_manual_null_rule
∅ => alimentar,1,verified_translate,matched_manual_null_rule
∅ => senhores e,1,verified_translate,matched_manual_null_rule
e senhores => ∅,1,verified_translate,matched_manual_null_rule
se da => de,1,verified_translate,default_translate_fallback
os => o dos,1,verified_translate,default_translate_fallback
a meio => na metade,1,verified_translate,default_translate_fallback
a remanejar => remanejando,1,verified_translate,matched_manual_progressive_rule
leiloes => pregoes,1,verified_translate,default_translate_fallback
concretizar => ∅,1,verified_translate,matched_manual_null_rule
a reabilitacao => reforma,1,verified_translate,default_translate_fallback
realizadas => feitas,1,verified_translate,default_translate_fallback
extra => a mais,1,verified_translate,default_translate_fallback
autocarros lotados => onibus lotado,1,verified_translate,default_translate_fallback
a habitacao => moradia,1,verified_translate,default_translate_fallback
continuam a sofrer => seguem sofrendo,1,verified_translate,default_translate_fallback
um => mais,1,verified_translate,default_translate_fallback
financiado => bancado,1,verified_translate,default_translate_fallback
eleitoral => eleitoreiro,1,verified_translate,default_translate_fallback
abutres => urubus,1,verified_translate,default_translate_fallback
encherem as => preencherem,1,verified_translate,default_translate_fallback
leilao electronico => pregao eletronico,1,verified_translate,default_translate_fallback
vigorar => valer,1,verified_translate,default_translate_fallback
incluiu => colocou,1,verified_translate,default_translate_fallback
os trabalhadores subcontratados => o terceirizado,1,verified_translate,default_translate_fallback
subcontratados => terceirizados,1,verified_translate,default_translate_fallback
apresentei => protocolei,1,verified_translate,default_translate_fallback
excluir => tirar,1,verified_translate,default_translate_fallback
subcontratado => terceirizado,1,verified_translate,default_translate_fallback
cumprir => fechar,1,verified_translate,default_translate_fallback
limite => ∅,1,verified_translate,matched_manual_null_rule
custo mais baixo => valor menor,1,verified_translate,default_translate_fallback
obtendo descontos => ter desconto,1,verified_translate,default_translate_fallback
aquisicoes => compras,1,verified_translate,default_translate_fallback
∅ => fazer,1,verified_translate,matched_manual_null_rule
apoiar => atender,1,verified_translate,default_translate_fallback
que os => aos,1,verified_translate,default_translate_fallback
impor => impingir,1,verified_translate,default_translate_fallback
a generalizar => generalizando,1,verified_translate,matched_manual_progressive_rule
favor => gentileza,1,verified_translate,default_translate_fallback
queiram => quererem,1,verified_translate,default_translate_fallback
as declaracoes => a fala,1,verified_translate,default_translate_fallback
ele tera de => eles vai ter que,1,verified_translate,default_translate_fallback
pelo falecimento => pela passagem,1,verified_translate,default_translate_fallback
antes dela => primeiro do que ela,1,verified_translate,default_translate_fallback
∅ => afora,1,verified_translate,matched_manual_null_rule
fosse => seja,1,verified_translate,default_translate_fallback
tera => vai ter,1,verified_translate,default_translate_fallback
estao a ser realizadas => esta havendo,1,verified_translate,default_translate_fallback
os sectores => setores,1,verified_translate,default_translate_fallback
tornamo nos => viramos,1,verified_translate,default_translate_fallback
perder => ∅,1,verified_translate,matched_manual_null_rule
ao => perderao,1,verified_translate,default_translate_fallback
acrescentado => adicionado,1,verified_translate,default_translate_fallback
intrometer => ∅,1,verified_translate,matched_manual_null_rule
∅ => meter,1,verified_translate,matched_manual_null_rule
tenha => tem,1,verified_translate,default_translate_fallback
bom senso => sao juizo,1,verified_translate,default_translate_fallback
levantamos => tiramos,1,verified_translate,default_translate_fallback
tem => fica com,1,verified_translate,default_translate_fallback
observadores => olheiros,1,verified_translate,default_translate_fallback
decapitou => degolou,1,verified_translate,default_translate_fallback
a pesar => pesando,1,verified_translate,matched_manual_progressive_rule
∅ => as nossas criancas,1,verified_translate,matched_manual_null_rule
aos nossos filhos => ∅,1,verified_translate,matched_manual_null_rule
a pensar bem => pensando certo,1,verified_translate,default_translate_fallback
assistir a isto => isso,1,verified_translate,default_translate_fallback
a calar => calando,1,verified_translate,matched_manual_progressive_rule
estao a pronunciar => esta,1,verified_translate,default_translate_fallback
∅ => pronunciando,1,verified_translate,matched_manual_null_rule
no 4 o => do 4o,1,verified_translate,default_translate_fallback
na 31 a => da 31a,1,verified_translate,default_translate_fallback
a envenenar => envenenando,1,verified_translate,matched_manual_progressive_rule
a exterminar => exterminando,1,verified_translate,matched_manual_progressive_rule
inspetores => auditores,1,verified_translate,default_translate_fallback
incendios florestais a bater recordes => queimadas batendo recorde,1,verified_translate,default_translate_fallback
mas nem => ∅,1,verified_translate,matched_manual_null_rule
forca aerea => fab,1,verified_translate,default_translate_fallback
criticaram => bateram,1,verified_translate,default_translate_fallback
de nomeacao politica => comissionados,1,verified_translate,default_translate_fallback
retiraram => tirou,1,verified_translate,default_translate_fallback
escandalo para => escarnio com,1,verified_translate,default_translate_fallback
esta => se faz,1,verified_translate,default_translate_fallback
permitir => permitisse,1,verified_translate,default_translate_fallback
mesa => boca,1,verified_translate,default_translate_fallback
entrave => gargalo,1,verified_translate,default_translate_fallback
deste => nesse,1,verified_translate,default_translate_fallback
automoveis => automobilisticas,1,verified_translate,default_translate_fallback
regionalista => estadualista,1,verified_translate,default_translate_fallback
magoado => machucado,1,verified_translate,default_translate_fallback
reformar => ∅,1,verified_translate,matched_manual_null_rule
∅ => aposentar,1,verified_translate,matched_manual_null_rule
funcionaria => servidora,1,verified_translate,default_translate_fallback
da quinta => do sitio,1,verified_translate,default_translate_fallback
condenada => condenado,1,verified_translate,default_translate_fallback
∅ => duas instancias,1,verified_translate,matched_manual_null_rule
duas instancias => ∅,1,verified_translate,matched_manual_null_rule
porque isto => por que isso,1,verified_translate,default_translate_fallback
onde => que,1,verified_translate,default_translate_fallback
aos => ao,1,verified_translate,default_translate_fallback
tem origem => se origina,1,verified_translate,default_translate_fallback
redes => midias,1,verified_translate,default_translate_fallback
a assumir => assumindo,1,verified_translate,matched_manual_progressive_rule
das comunidades => dos,1,verified_translate,default_translate_fallback
bloqueia => tranca,1,verified_translate,default_translate_fallback
trocar => cacoar,1,verified_translate,default_translate_fallback
a perfurar => perfurando,1,verified_translate,matched_manual_progressive_rule
registado => cadastrado,1,verified_translate,default_translate_fallback
∅ => estavam,1,verified_translate,matched_manual_null_rule
estavam a investigar => investigando,1,verified_translate,default_translate_fallback
a vigorar => vigorando,1,verified_translate,matched_manual_progressive_rule
talho => acougue,1,verified_translate,default_translate_fallback
um => recente,1,verified_translate,default_translate_fallback
recente => ∅,1,verified_translate,matched_manual_null_rule
terapia da fala => fonoaudiologia,1,verified_translate,default_translate_fallback
exigencia => demanda,1,verified_translate,default_translate_fallback
perguntem a => pergunte para,1,verified_translate,default_translate_fallback
afetacao => destinacao,1,verified_translate,default_translate_fallback
gravida => gestante,1,verified_translate,default_translate_fallback
inem => samu,1,verified_translate,default_translate_fallback
gerem => tocam,1,verified_translate,default_translate_fallback
fizeram => prestaram,1,verified_translate,default_translate_fallback
gere esta => toca essa,1,verified_translate,default_translate_fallback
a justificar => ∅,1,verified_translate,matched_manual_null_rule
∅ => justificando,1,verified_translate,matched_manual_null_rule
juntou => ∅,1,verified_translate,matched_manual_null_rule
∅ => somou,1,verified_translate,matched_manual_null_rule
no final => ao fim,1,verified_translate,default_translate_fallback
∅ => no dia,1,verified_translate,matched_manual_null_rule
encurralar => ∅,1,verified_translate,matched_manual_null_rule
∅ => emparedar,1,verified_translate,matched_manual_null_rule
oferecido => ofertado,1,verified_translate,default_translate_fallback
∅ => possam,1,verified_translate,matched_manual_null_rule
possam => ∅,1,verified_translate,matched_manual_null_rule
essa => aquela,1,verified_translate,default_translate_fallback
de => do brasil,1,verified_translate,default_translate_fallback
o brasil => ∅,1,verified_translate,matched_manual_null_rule
a posicionar => posicionando,1,verified_translate,matched_manual_progressive_rule
tem vindo a desenvolver => vem desenvolvendo,1,verified_translate,default_translate_fallback
fazia => tinha,1,verified_translate,default_translate_fallback
a acoitar => acoitando,1,verified_translate,matched_manual_progressive_rule
sob a => debaixo de,1,verified_translate,default_translate_fallback
convocou => chamou,1,verified_translate,default_translate_fallback
entrassem => ingressassem,1,verified_translate,default_translate_fallback
deparamo => ∅,1,verified_translate,matched_manual_null_rule
∅ => nos deparamos,1,verified_translate,matched_manual_null_rule
sobrepor se ao => sobressair o,1,verified_translate,default_translate_fallback
dirigiu => teceu,1,verified_translate,default_translate_fallback
ouvir => escutar,1,verified_translate,default_translate_fallback
a tornar => ∅,1,verified_translate,matched_manual_null_rule
de compra => aquisitivo,1,verified_translate,default_translate_fallback
a flutuar => flutuando,1,verified_translate,matched_manual_progressive_rule
os seus gastos => suas gastancas,1,verified_translate,default_translate_fallback
convosco => com os senhores,1,verified_translate,default_translate_fallback
o ensino => educacao,1,verified_translate,default_translate_fallback
todos os => todo,1,verified_translate,default_translate_fallback
nas urnas => na urna,1,verified_translate,default_translate_fallback
∅ => caindo,1,verified_translate,matched_manual_null_rule
baixar o regresso => volta,1,verified_translate,default_translate_fallback
com => sobre,1,verified_translate,default_translate_fallback
percorrido => rodado,1,verified_translate,default_translate_fallback
a provar => provando,1,verified_translate,matched_manual_progressive_rule
a servir os => servindo aos,1,verified_translate,default_translate_fallback
esta => na,1,verified_translate,default_translate_fallback
muitas questoes => muitos questionamentos,1,verified_translate,default_translate_fallback
a ser levantadas => sendo feitos,1,verified_translate,default_translate_fallback
surgem as questoes => vem os questionamentos,1,verified_translate,default_translate_fallback
sistemas => sistema,1,verified_translate,default_translate_fallback
monitorizacao eletronica => monitoramento eletronico,1,verified_translate,default_translate_fallback
professores => mestres,1,verified_translate,default_translate_fallback
questoes => questionamentos,1,verified_translate,default_translate_fallback
chegamos a um => entramos num,1,verified_translate,default_translate_fallback
de que => ∅,1,verified_translate,matched_manual_null_rule
uniforme => fardamento,1,verified_translate,default_translate_fallback
a chegar a meio => chegando na metade,1,verified_translate,default_translate_fallback
diminuiu => minguou,1,verified_translate,default_translate_fallback
pela frente => adiante,1,verified_translate,default_translate_fallback
cgtp => cut,1,verified_translate,default_translate_fallback
qualquer => nenhum,1,verified_translate,default_translate_fallback
camioes => carretas,1,verified_translate,default_translate_fallback
pneus => pneu,1,verified_translate,default_translate_fallback
acobardar perante => acovardar frente,1,verified_translate,default_translate_fallback
alimentos => alimento,1,verified_translate,default_translate_fallback
verao => voces vao ver,1,verified_translate,default_translate_fallback
denegrir perante => detonar para,1,verified_translate,default_translate_fallback
∅ => eu lhes,1,verified_translate,matched_manual_null_rule
vos desculpa => desculpas,1,verified_translate,default_translate_fallback
orgulhamo => ∅,1,verified_translate,matched_manual_null_rule
∅ => orgulhamos,1,verified_translate,matched_manual_null_rule
∅ => lutando para,1,verified_translate,matched_manual_null_rule
lutar pela => ∅,1,verified_translate,matched_manual_null_rule
em falta => faltando,1,verified_translate,default_translate_fallback
toda a => ∅,1,verified_translate,matched_manual_null_rule
∅ => absoluta,1,verified_translate,matched_manual_null_rule
dizer algo => falar alguma coisa,1,verified_translate,default_translate_fallback
evasao fiscal => sonegacao,1,verified_translate,default_translate_fallback
a empreender => empreendendo,1,verified_translate,matched_manual_progressive_rule
implementacao deste => implantacao desse,1,verified_translate,default_translate_fallback
darao => renderao,1,verified_translate,default_translate_fallback
de mansinho => no sapatinho,1,verified_translate,default_translate_fallback
necessidades => demandas,1,verified_translate,default_translate_fallback
registo o => registro,1,verified_translate,default_translate_fallback
∅ => auxiliando,1,verified_translate,matched_manual_null_rule
me num => em um,1,verified_translate,default_translate_fallback
euro => real,1,verified_translate,default_translate_fallback
saco => saca,1,verified_translate,default_translate_fallback
uns => um,1,verified_translate,default_translate_fallback
terapeuta da fala => fonoaudiologo,1,verified_translate,default_translate_fallback
a acionar => acionando,1,verified_translate,matched_manual_progressive_rule
a enfrentar este => enfrentando esse,1,verified_translate,default_translate_fallback
∅ => chegando bulindo,1,verified_translate,matched_manual_null_rule
forca mobilizando => ∅,1,verified_translate,matched_manual_null_rule
carenciados => carentes,1,verified_translate,default_translate_fallback
camas novas => leitos novos,1,verified_translate,default_translate_fallback
medicamentos => medicamento,1,verified_translate,default_translate_fallback
chegam => chega,1,verified_translate,default_translate_fallback
a acreditar => acreditando,1,verified_translate,matched_manual_progressive_rule
de => do mundo,1,verified_translate,matched_gpt_span
investigadores de => pesquisadores do mundo,1,verified_translate,default_translate_fallback
a adotar => adotando,1,verified_translate,matched_manual_progressive_rule
pratica => praxe,1,verified_translate,default_translate_fallback
regioes autonomas => distrito federal,1,verified_translate,default_translate_fallback
que portugal avance => o brasil avancar,1,verified_translate,default_translate_fallback
compreendamos => nos entendamos,1,verified_translate,default_translate_fallback
isto deve => isso,1,verified_translate,default_translate_fallback
∅ => da devido,1,verified_translate,matched_manual_null_rule
∅ => passa por um momento dificil,1,verified_translate,matched_manual_null_rule
atravessa um momento dificil => ∅,1,verified_translate,matched_manual_null_rule
no valor => na ordem,1,verified_translate,default_translate_fallback
assembleia da republica => camara federal,1,verified_translate,default_translate_fallback
esta a assistir => assistindo,1,verified_translate,default_translate_fallback
connosco neste => junto conosco nesse,1,verified_translate,default_translate_fallback
pelos seus => com os,1,verified_translate,default_translate_fallback
∅ => tempo a,1,verified_translate,matched_manual_null_rule
tempo => ∅,1,verified_translate,matched_manual_null_rule
a viver => morando,1,verified_translate,matched_manual_progressive_rule
ignorante => burro,1,verified_translate,default_translate_fallback
ocuparam => invadiram,1,verified_translate,default_translate_fallback
divulgamos => difundimos,1,verified_translate,default_translate_fallback
apoio => suporte,1,verified_translate,default_translate_fallback
os beneficios => o beneficio,1,verified_translate,default_translate_fallback
falsificou o => fraudou,1,verified_translate,default_translate_fallback
adulterou o => fraudou,1,verified_translate,default_translate_fallback
sido => se,1,verified_translate,default_translate_fallback
ter dito => sair dizendo,1,verified_translate,default_translate_fallback
por entrar => entrando,1,verified_translate,default_translate_fallback
∅ => maiores,1,verified_translate,matched_manual_null_rule
mais altos => ∅,1,verified_translate,matched_manual_null_rule
a construir as => construindo,1,verified_translate,matched_manual_progressive_rule
a lucrar => lucrando,1,verified_translate,matched_manual_progressive_rule
de destacar => que ressaltar,1,verified_translate,default_translate_fallback
tendo em conta => haja vista,1,verified_translate,default_translate_fallback
adia => posterga,1,verified_translate,default_translate_fallback
∅ => com isso,1,verified_translate,matched_manual_null_rule
actualizacao => correcao,1,verified_translate,default_translate_fallback
na aplicacao => no aplicativo,1,verified_translate,default_translate_fallback
da por isso => ela percebe,1,verified_translate,default_translate_fallback
e que a aplicacao => o aplicativo,1,verified_translate,default_translate_fallback
encontra => acha,1,verified_translate,default_translate_fallback
as aplicacoes => os aplicativos,1,verified_translate,default_translate_fallback
comportavel => acessivel,1,verified_translate,default_translate_fallback
arrisca se a => corre o risco de,1,verified_translate,default_translate_fallback
conviria => seria conveniente,1,verified_translate,default_translate_fallback
distribui => ∅,1,verified_translate,matched_manual_null_rule
correio => entrega correspondencias,1,verified_translate,default_translate_fallback
∅ => disso,1,verified_translate,matched_manual_null_rule
haveriam de ser diferentes => ∅,1,verified_translate,matched_manual_null_rule
∅ => seriam diferentes,1,verified_translate,matched_manual_null_rule
terem => tenham,1,verified_translate,default_translate_fallback
objectivo alargar => objetivo ampliar,1,verified_translate,default_translate_fallback
efectuadas => realizadas,1,verified_translate,default_translate_fallback
poderiam => poderia,1,verified_translate,default_translate_fallback
tecer => fazer,1,verified_translate,default_translate_fallback
auto regulamentacao => autorregulamentacao,1,verified_translate,default_translate_fallback
electronicos transfronteiras => eletronicos transfronteiricos,1,verified_translate,default_translate_fallback
tendencias => orientacoes,1,verified_translate,default_translate_fallback
prometer => prometerem,1,verified_translate,default_translate_fallback
na via => no caminho,1,verified_translate,default_translate_fallback
fazem => ∅,1,verified_translate,matched_manual_null_rule
minam => mina,1,verified_translate,default_translate_fallback
a regressar a => voltando para,1,verified_translate,default_translate_fallback
projeccao => exibicao,1,verified_translate,default_translate_fallback
as violacoes => os estupros,1,verified_translate,default_translate_fallback
va tendo lugar => esteja em andamento,1,verified_translate,default_translate_fallback
ligeira => leve,1,verified_translate,default_translate_fallback
o transferirem => transferi lo,1,verified_translate,default_translate_fallback
o letreiro => a placa,1,verified_translate,default_translate_fallback
tivessem apercebido => dessem conta,1,verified_translate,default_translate_fallback
directamente afectada => diretamente afetada,1,verified_translate,default_translate_fallback
das vacas loucas => da vaca louca,1,verified_translate,default_translate_fallback
da reparacao => do reparo,1,verified_translate,default_translate_fallback
interrogarmos => questionarmos,1,verified_translate,default_translate_fallback
da proteccao => a protecao,1,verified_translate,default_translate_fallback
envolverem => ∅,1,verified_translate,matched_manual_null_rule
∅ => envolver,1,verified_translate,matched_manual_null_rule
auferir um rendimento => obter uma renda,1,verified_translate,default_translate_fallback
distanciar => ∅,1,verified_translate,matched_manual_null_rule
iamos => distanciariamos,1,verified_translate,default_translate_fallback
da administracao interna queira quer => do interior ou,1,verified_translate,default_translate_fallback
ficou => deveu,1,verified_translate,default_translate_fallback
a dever => ∅,1,verified_translate,matched_manual_null_rule
ferroviario => ferroviaria,1,verified_translate,default_translate_fallback
garras => maos,1,verified_translate,default_translate_fallback
andar para tras => ir,1,verified_translate,default_translate_fallback
para diante => voltar,1,verified_translate,default_translate_fallback
∅ => decisoes,1,verified_translate,matched_manual_null_rule
decisoes => ∅,1,verified_translate,matched_manual_null_rule
ter estes => terem esses,1,verified_translate,default_translate_fallback
breve => curto,1,verified_translate,default_translate_fallback
acentuo isto => ressalto isso,1,verified_translate,default_translate_fallback
colmatar => preencher,1,verified_translate,default_translate_fallback
se procedeu => foram realizados,1,verified_translate,default_translate_fallback
a valia => o valor,1,verified_translate,default_translate_fallback
solvabilidade => solvencia,1,verified_translate,default_translate_fallback
destas actividades => dessas atividades,1,verified_translate,default_translate_fallback
voltarem => voltar,1,verified_translate,default_translate_fallback
proponham => propuserem,1,verified_translate,default_translate_fallback
defrontamos => deparamos,1,verified_translate,default_translate_fallback
lhe => a isso,1,verified_translate,default_translate_fallback
ter => se levar,1,verified_translate,default_translate_fallback
o => se,1,verified_translate,default_translate_fallback
ultrapassado => superado,1,verified_translate,default_translate_fallback
estas a reconhecer => esta,1,verified_translate,default_translate_fallback
∅ => reconhecendo,1,verified_translate,matched_manual_null_rule
dos teus anos => do seu aniversario,1,verified_translate,default_translate_fallback
deixa => deixe,1,verified_translate,default_translate_fallback
a apresentar a => apresentando,1,verified_translate,matched_manual_progressive_rule
um contributo decisivo => uma contribuicao decisiva,1,verified_translate,default_translate_fallback
servidos => atendidos,1,verified_translate,default_translate_fallback
a deslocacao => o deslocamento,1,verified_translate,default_translate_fallback
dominio => campo,1,verified_translate,default_translate_fallback
a coberto do => sob o pretexto de,1,verified_translate,default_translate_fallback
consagrado => dedicado,1,verified_translate,default_translate_fallback
sub utilizacao => subutilizacao,1,verified_translate,default_translate_fallback
sentido das responsabilidades => senso de responsabilidade,1,verified_translate,default_translate_fallback
num registo => em um registro,1,verified_translate,default_translate_fallback
bocadinho => pouco,1,verified_translate,default_translate_fallback
tudo => todos esses sao,1,verified_translate,default_translate_fallback
numa base de tempo => apenas por um periodo,1,verified_translate,default_translate_fallback
aquilo => ao,1,verified_translate,default_translate_fallback
inscrito => incluido,1,verified_translate,default_translate_fallback
dai os meus agradecimentos pelos => por isso agradeco,1,verified_translate,default_translate_fallback
idade => velhas,1,verified_translate,default_translate_fallback
dar me razao => concordara comigo,1,verified_translate,default_translate_fallback
ocuparmo nos => cuidar,1,verified_translate,default_translate_fallback
acontecimentos desportivos => eventos esportivos,1,verified_translate,default_translate_fallback
muitissimo => muito,1,verified_translate,default_translate_fallback
procedeu a controlos => realizaram controles,1,verified_translate,default_translate_fallback
vista a => o objetivo de,1,verified_translate,default_translate_fallback
convertessem num => transformassem em um,1,verified_translate,default_translate_fallback
assistiu => viu,1,verified_translate,default_translate_fallback
montras => vitrines,1,verified_translate,default_translate_fallback
como => quanto em,1,verified_translate,default_translate_fallback
service providers => provedores de servicos,1,verified_translate,default_translate_fallback
lata => ampla,1,verified_translate,default_translate_fallback
colacao => tona,1,verified_translate,default_translate_fallback
repeliu para bem longe => rejeitou de forma categorica,1,verified_translate,default_translate_fallback
depara se nos => encontramos,1,verified_translate,default_translate_fallback
baixo rendimento => baixa renda,1,verified_translate,default_translate_fallback
concertada => coordenada,1,verified_translate,default_translate_fallback
infra estruturais => infraestruturais,1,verified_translate,default_translate_fallback
empenhamento => compromisso,1,verified_translate,default_translate_fallback
utilizar neste => serem utilizadas nesse,1,verified_translate,default_translate_fallback
aos mesmos => a eles,1,verified_translate,default_translate_fallback
22h00 => 22h,1,verified_translate,default_translate_fallback
1h00 => 1h,1,verified_translate,default_translate_fallback
chamar ate nos => atrair,1,verified_translate,default_translate_fallback
factura => conta,1,verified_translate,default_translate_fallback
insonorizacao => isolamento acustico,1,verified_translate,default_translate_fallback
a pedir lhe => pedindo,1,verified_translate,matched_manual_progressive_rule
aquelas => a elas,1,verified_translate,default_translate_fallback
imenso => imensamente,1,verified_translate,default_translate_fallback
monitorizar estas => monitorar essas,1,verified_translate,default_translate_fallback
a principiar a => ao iniciar,1,verified_translate,default_translate_fallback
a verificar actualmente => ocorrendo atualmente,1,verified_translate,default_translate_fallback
este proposito => esse respeito,1,verified_translate,default_translate_fallback
sao conformes => estao em conformidade com,1,verified_translate,default_translate_fallback
uma via => um caminho,1,verified_translate,default_translate_fallback
escolhida => escolhido,1,verified_translate,default_translate_fallback
com efeito => de fato,1,verified_translate,default_translate_fallback
∅ => do sudeste,1,verified_translate,matched_manual_null_rule
do sudeste => ∅,1,verified_translate,matched_manual_null_rule
a expensas => as custas,1,verified_translate,default_translate_fallback
automovel => automotivo,1,verified_translate,matched_gpt_span
contributos financeiros => contribuicoes financeiras,1,verified_translate,default_translate_fallback
auto estrada => autoestrada,1,verified_translate,default_translate_fallback
agrarios => agricolas,1,verified_translate,default_translate_fallback
inscritas num => inscritos em um,1,verified_translate,default_translate_fallback
neste dossier => nesse dossie,1,verified_translate,default_translate_fallback
dao conta de => relatam,1,verified_translate,default_translate_fallback
∅ => mesquitas,1,verified_translate,matched_manual_null_rule
mesquitas => ∅,1,verified_translate,matched_manual_null_rule
cadeia => prisao,1,verified_translate,default_translate_fallback
intervenientes no sector => atores do setor,1,verified_translate,default_translate_fallback
realizar => serem realizadas,1,verified_translate,default_translate_fallback
controlo ira beneficiar => controle beneficiara,1,verified_translate,default_translate_fallback
quer tambem => quanto,1,verified_translate,default_translate_fallback
a adoptar => adotando,1,verified_translate,matched_manual_progressive_rule
a por => colocando,1,verified_translate,matched_manual_progressive_rule
hemiciclo => plenario,1,verified_translate,default_translate_fallback
a considerar => considerando,1,verified_translate,matched_manual_progressive_rule
ira tornar => tornara,1,verified_translate,default_translate_fallback
de novo interrogacoes => novamente questionamentos,1,verified_translate,default_translate_fallback
na altura => no momento,1,verified_translate,default_translate_fallback
fortuitamente => por acaso,1,verified_translate,default_translate_fallback
conto com => espero,1,verified_translate,default_translate_fallback
me a mim => ∅,1,verified_translate,matched_manual_null_rule
∅ => outros animais,1,verified_translate,matched_manual_null_rule
outros animais => ∅,1,verified_translate,matched_manual_null_rule
alastrado a => havia se espalhado para,1,verified_translate,default_translate_fallback
∅ => menciona,1,verified_translate,matched_manual_null_rule
com que o => enfrentados pelo,1,verified_translate,default_translate_fallback
se confrontou => ∅,1,verified_translate,matched_manual_null_rule
na informacao disponivel => nas informacoes disponiveis,1,verified_translate,default_translate_fallback
verificado => ocorrido,1,verified_translate,default_translate_fallback
bio seguranca => biosseguranca,1,verified_translate,default_translate_fallback
o alastramento => a disseminacao,1,verified_translate,default_translate_fallback
esclarecedoramente => claramente,1,verified_translate,default_translate_fallback
a lidar => lidando,1,verified_translate,matched_manual_progressive_rule
resultado => funcionado,1,verified_translate,default_translate_fallback
presentemente apostado => atualmente empenhado,1,verified_translate,default_translate_fallback
cimentado => fundamentada,1,verified_translate,default_translate_fallback
debatido => debatida,1,verified_translate,default_translate_fallback
percebemos => entendemos,1,verified_translate,default_translate_fallback
vosso => de voces,1,verified_translate,default_translate_fallback
∅ => questionar,1,verified_translate,matched_manual_null_rule
de caixa => a vista,1,verified_translate,default_translate_fallback
divisas => moedas,1,verified_translate,default_translate_fallback
um rendimento medio => uma renda media,1,verified_translate,default_translate_fallback
baixo => baixa,1,verified_translate,default_translate_fallback
marraquexe => marrakesh,1,verified_translate,default_translate_fallback
paliar => amenizar,1,verified_translate,default_translate_fallback
apresado => apreendido,1,verified_translate,default_translate_fallback
deregulamentacoes efectuadas => desregulamentacoes efetuadas,1,verified_translate,default_translate_fallback
aduaneiras => alfandegarias,1,verified_translate,default_translate_fallback
sentenca => de sentencas,1,verified_translate,default_translate_fallback
efectivo => efetivo o,1,verified_translate,default_translate_fallback
∅ => se de,1,verified_translate,matched_manual_null_rule
a reforcar => reforcando,1,verified_translate,matched_manual_progressive_rule
alargue => amplie,1,verified_translate,default_translate_fallback
firmas => empresas,1,verified_translate,default_translate_fallback
∅ => expandir,1,verified_translate,matched_manual_null_rule
envidam => ∅,1,verified_translate,matched_manual_null_rule
ganhou => venceu,1,verified_translate,default_translate_fallback
um intercambio => uma troca,1,verified_translate,default_translate_fallback
tidos em consideracao => considerados,1,verified_translate,default_translate_fallback
competentes => competente,1,verified_translate,default_translate_fallback
acederem => acessarem,1,verified_translate,default_translate_fallback
se introduziu => foi introduzida,1,verified_translate,default_translate_fallback
por conseguinte => consequentemente,1,verified_translate,default_translate_fallback
sob o => do,1,verified_translate,default_translate_fallback
descuramento => descuido,1,verified_translate,default_translate_fallback
quanto baste => suficiente,1,verified_translate,default_translate_fallback
tivermos => levarmos,1,verified_translate,default_translate_fallback
apetencia => disposicao,1,verified_translate,default_translate_fallback
prende com o => refere ao,1,verified_translate,default_translate_fallback
a somar => somadas,1,verified_translate,default_translate_fallback
uma e outra vez => repetidamente,1,verified_translate,default_translate_fallback
permitir nos a => permitira,1,verified_translate,default_translate_fallback
a explorar => explorando,1,verified_translate,matched_manual_progressive_rule
mediterranicas => mediterraneas,1,verified_translate,matched_gpt_span
mostram => mostra,1,verified_translate,default_translate_fallback
carece de => precisa,1,verified_translate,default_translate_fallback
se impoe => e necessario,1,verified_translate,default_translate_fallback
na mira => com o objetivo,1,verified_translate,default_translate_fallback
em termos gerais => de forma geral,1,verified_translate,default_translate_fallback
se realizaram => foram realizadas,1,verified_translate,default_translate_fallback
apurado => aprofundado,1,verified_translate,default_translate_fallback
deitados a perder => em vao,1,verified_translate,default_translate_fallback
procedermos a => realizarmos,1,verified_translate,default_translate_fallback
fixar => estabelecer,1,verified_translate,default_translate_fallback
partilhadas => compartilhadas,1,verified_translate,matched_gpt_span
vai => e,1,verified_translate,default_translate_fallback
estara => esta,1,verified_translate,default_translate_fallback
tarde => cedo,1,verified_translate,default_translate_fallback
cedo => tarde,1,verified_translate,default_translate_fallback
lesar => prejudicar,1,verified_translate,default_translate_fallback
prende se com => diz respeito,1,verified_translate,default_translate_fallback
tera => tenha,1,verified_translate,default_translate_fallback
terao lugar => ocorrerao,1,verified_translate,default_translate_fallback
irao => ∅,1,verified_translate,matched_manual_null_rule
receber => receberao,1,verified_translate,default_translate_fallback
afirmou => ∅,1,verified_translate,matched_manual_null_rule
poupar => ∅,1,verified_translate,matched_manual_null_rule
a => poupara,1,verified_translate,default_translate_fallback
∅ => terem,1,verified_translate,matched_manual_null_rule
terem => ∅,1,verified_translate,matched_manual_null_rule
torna => deixa,1,verified_translate,default_translate_fallback
a procurar => procurando,1,verified_translate,matched_manual_progressive_rule
planeamento deste => planejamento desse,1,verified_translate,default_translate_fallback
a financiar => financiando,1,verified_translate,matched_manual_progressive_rule
gorar => fracasso,1,verified_translate,default_translate_fallback
culpabilizo => culpo,1,verified_translate,default_translate_fallback
do controlo orcamental => de controle orcamentario,1,verified_translate,default_translate_fallback
accoes levadas a cabo => acoes realizadas,1,verified_translate,default_translate_fallback
a proceder => realizando,1,verified_translate,matched_manual_progressive_rule
se torna => ∅,1,verified_translate,matched_manual_null_rule
recorrerem => recorrer,1,verified_translate,default_translate_fallback
forcoso => obrigatorio,1,verified_translate,default_translate_fallback
afectem as => afetem,1,verified_translate,default_translate_fallback
fiscalidade => tributacao,1,verified_translate,default_translate_fallback
a alterar => alterando,1,verified_translate,matched_manual_progressive_rule
apercebi me de => percebi,1,verified_translate,default_translate_fallback
vao brincar => brinquem,1,verified_translate,default_translate_fallback
nessa altura => naquele momento,1,verified_translate,default_translate_fallback
semelhantes objectos => tais objetos,1,verified_translate,default_translate_fallback
accoes tem => acoes deve,1,verified_translate,default_translate_fallback
∅ => muitas vezes,1,verified_translate,matched_manual_null_rule
muitas vezes => ∅,1,verified_translate,matched_manual_null_rule
ocasiao => a oportunidade,1,verified_translate,default_translate_fallback
lesadas => atingidas,1,verified_translate,default_translate_fallback
consiste em => e,1,verified_translate,default_translate_fallback
sitio => local,1,verified_translate,default_translate_fallback
seguidamente => em seguida,1,verified_translate,default_translate_fallback
havendo seguidamente que => sendo necessario em seguida,1,verified_translate,default_translate_fallback
morosos => demorados,1,verified_translate,default_translate_fallback
de novo a ser => novamente sendo,1,verified_translate,default_translate_fallback
focou => abordou,1,verified_translate,default_translate_fallback
prenderem exactamente => relacionam exatamente,1,verified_translate,default_translate_fallback
recear => temer,1,verified_translate,default_translate_fallback
estou em crer => acredito,1,verified_translate,default_translate_fallback
designadamente => especialmente os,1,verified_translate,default_translate_fallback
tidas => levadas,1,verified_translate,default_translate_fallback
a desenvolver => ∅,1,verified_translate,matched_manual_null_rule
∅ => desenvolvendo,1,verified_translate,matched_manual_null_rule
artigo o => ∅,1,verified_translate,matched_manual_null_rule
larga => ampla,1,verified_translate,default_translate_fallback
repto => desafio,1,verified_translate,default_translate_fallback
pensoes de reforma => aposentadorias,1,verified_translate,default_translate_fallback
pensao => aposentadoria,1,verified_translate,default_translate_fallback
pensoes portable => aposentadorias portaveis,1,verified_translate,default_translate_fallback
descrever se do => ser descrito da,1,verified_translate,default_translate_fallback
outro modo => outra maneira,1,verified_translate,default_translate_fallback
pro => pros,1,verified_translate,default_translate_fallback
contra essa => contras dessa,1,verified_translate,default_translate_fallback
moroso => demorado,1,verified_translate,default_translate_fallback
crer me => acreditar em mim,1,verified_translate,default_translate_fallback
consagra => dedica,1,verified_translate,default_translate_fallback
diminui => reduz,1,verified_translate,default_translate_fallback
um colete => uma camisa,1,verified_translate,default_translate_fallback
apraz => alegra,1,verified_translate,default_translate_fallback
vivamente => veementemente,1,verified_translate,default_translate_fallback
nem => ∅,1,verified_translate,matched_manual_null_rule
adiantada num => apresentada em um,1,verified_translate,default_translate_fallback
importaria => importa,1,verified_translate,default_translate_fallback
tera lugar => ocorrera,1,verified_translate,default_translate_fallback
projectos hidroelectricos => projetos hidreletricos,1,verified_translate,default_translate_fallback
fazer baixar => reduzir,1,verified_translate,default_translate_fallback
correcto adoptar => correto adotar,1,verified_translate,default_translate_fallback
colectivos actualmente => coletivos atualmente,1,verified_translate,default_translate_fallback
se realizaram => foram realizados,1,verified_translate,default_translate_fallback
caraibas => caribe,1,verified_translate,default_translate_fallback
fazemo lo => fazemos isso,1,verified_translate,default_translate_fallback
a proceder => procedendo,1,verified_translate,matched_manual_progressive_rule
um rendimento => uma renda,1,verified_translate,default_translate_fallback
a perder => ∅,1,verified_translate,matched_manual_null_rule
∅ => perdendo,1,verified_translate,matched_manual_null_rule
assiduidade => frequencia,1,verified_translate,default_translate_fallback
planos => pontos,1,verified_translate,default_translate_fallback
a sucata => o sucateamento,1,verified_translate,default_translate_fallback
assente => assentada,1,verified_translate,default_translate_fallback
tomada em => ∅,1,verified_translate,matched_manual_null_rule
esbocar => esboco,1,verified_translate,default_translate_fallback
apreco => questao,1,verified_translate,default_translate_fallback
sublinhar => destacar,1,verified_translate,default_translate_fallback
tendentes => destinadas,1,verified_translate,default_translate_fallback
portadoras de => com,1,verified_translate,default_translate_fallback
o contributo proprios destas => a contribuicao proprias dessas,1,verified_translate,default_translate_fallback
comparativamente aos dos => em comparacao com os,1,verified_translate,default_translate_fallback
afiguram => parecem,1,verified_translate,default_translate_fallback
se => me,1,verified_translate,default_translate_fallback
inadaptadas a finalidade pretendida => inadequadas ao objetivo pretendido,1,verified_translate,default_translate_fallback
franqueia => abre,1,verified_translate,default_translate_fallback
do => com,1,verified_translate,default_translate_fallback
fazer gorar => frustrar,1,verified_translate,default_translate_fallback
detem => ocupa,1,verified_translate,default_translate_fallback
∅ => poderiam,1,verified_translate,matched_manual_null_rule
poderiam virar => voltar,1,verified_translate,default_translate_fallback
como => com o,1,verified_translate,default_translate_fallback
a partida => de antemao,1,verified_translate,default_translate_fallback
cabecilha => chefe,1,verified_translate,default_translate_fallback
o ouvir => ouvi lo,1,verified_translate,default_translate_fallback
neste => nesta,1,verified_translate,default_translate_fallback
chega => basta,1,verified_translate,default_translate_fallback
um rendimento pro capite => uma renda per capita,1,verified_translate,default_translate_fallback
direccao correcta => direcao correta,1,verified_translate,default_translate_fallback
intermedio => do meio,1,verified_translate,default_translate_fallback
genova => genebra,1,verified_translate,default_translate_fallback
riscar => cortar,1,verified_translate,default_translate_fallback
licito => permitido,1,verified_translate,default_translate_fallback
pormenorizadamente => detalhadamente,1,verified_translate,default_translate_fallback
dura => pesada,1,verified_translate,default_translate_fallback
subvencionar => subsidiar,1,verified_translate,default_translate_fallback
∅ => estender,1,verified_translate,matched_manual_null_rule
contra senso => contrassenso,1,verified_translate,default_translate_fallback
a abranger => abrangendo,1,verified_translate,matched_manual_progressive_rule
alberga perto => abriga cerca,1,verified_translate,default_translate_fallback
fulcro => cerne,1,verified_translate,default_translate_fallback
a instrucao => o treinamento,1,verified_translate,default_translate_fallback
ultimacao => finalizacao,1,verified_translate,default_translate_fallback
querelas => disputas,1,verified_translate,default_translate_fallback
partilha => compartilhamento,1,verified_translate,matched_gpt_span
render => substituir,1,verified_translate,default_translate_fallback
a minar => minando,1,verified_translate,matched_manual_progressive_rule
tenebrosos => sombrios,1,verified_translate,default_translate_fallback
evereste => everest,1,verified_translate,default_translate_fallback
acresce que => alem disso,1,verified_translate,default_translate_fallback
dispendiosas => caras,1,verified_translate,default_translate_fallback
correio electronico => e mail,1,verified_translate,default_translate_fallback
formacao => treinamento,1,verified_translate,matched_gpt_span
deslocacoes => viagens,1,verified_translate,default_translate_fallback
anti dumping => antidumping,1,verified_translate,default_translate_fallback
a citar => citando,1,verified_translate,matched_manual_progressive_rule
leit motiv => leitmotiv,1,verified_translate,default_translate_fallback
reptos => desafios,1,verified_translate,default_translate_fallback
principiar => comecar,1,verified_translate,default_translate_fallback
derrames nos => derramamentos em,1,verified_translate,default_translate_fallback
largos => longos,1,verified_translate,default_translate_fallback
fica a dever => ∅,1,verified_translate,matched_manual_null_rule
∅ => deve,1,verified_translate,matched_manual_null_rule
a esse => nesse,1,verified_translate,default_translate_fallback
a lancar => lancando,1,verified_translate,matched_manual_progressive_rule
de momento => por enquanto,1,verified_translate,default_translate_fallback
fumadores => fumantes,1,verified_translate,default_translate_fallback
quando acendemos => ao acender,1,verified_translate,default_translate_fallback
por diante => adiante,1,verified_translate,default_translate_fallback
entricheirando => ∅,1,verified_translate,matched_manual_null_rule
∅ => entrincheirando,1,verified_translate,matched_manual_null_rule
na carta => no mapa,1,verified_translate,default_translate_fallback
vale => ∅,1,verified_translate,matched_manual_null_rule
a travar => travando,1,verified_translate,matched_manual_progressive_rule
pensoescomo => pensoes como,1,verified_translate,default_translate_fallback
bolsistas => de acoes,1,verified_translate,default_translate_fallback
quotizacoes => contribuicoes,1,verified_translate,default_translate_fallback
da financa => das financas,1,verified_translate,default_translate_fallback
gente atingida => pessoas atingidas,1,verified_translate,default_translate_fallback
exprimisse => expressasse,1,verified_translate,default_translate_fallback
chamar => chama,1,verified_translate,default_translate_fallback
lhe => la de,1,verified_translate,default_translate_fallback
tremor de terra => terremoto,1,verified_translate,default_translate_fallback
reconstruir => reconstrucao,1,verified_translate,default_translate_fallback
um contributo humanitario => uma contribuicao humanitaria,1,verified_translate,default_translate_fallback
vindo => vinda,1,verified_translate,default_translate_fallback
sadec => da sadc,1,verified_translate,default_translate_fallback
esperanca => expectativa,1,verified_translate,default_translate_fallback
fazer face => atender,1,verified_translate,default_translate_fallback
a data => o momento,1,verified_translate,default_translate_fallback
e que => vamos,1,verified_translate,default_translate_fallback
projectar a => projetar,1,verified_translate,default_translate_fallback
dos negocios estrangeiros => das relacoes exteriores me,1,verified_translate,default_translate_fallback
facto num => fato em um,1,verified_translate,default_translate_fallback
auto declaradas => autodeclaradas,1,verified_translate,default_translate_fallback
por => sem,1,verified_translate,default_translate_fallback
fulcrais => cruciais,1,verified_translate,default_translate_fallback
recordam => ∅,1,verified_translate,matched_manual_null_rule
de => lembram,1,verified_translate,default_translate_fallback
recolhem => contam com,1,verified_translate,default_translate_fallback
debatem se com => enfrentam,1,verified_translate,default_translate_fallback
fiquem por => limitem a,1,verified_translate,default_translate_fallback
afectamos => atribuimos,1,verified_translate,default_translate_fallback
subvencionado => subsidiado,1,verified_translate,default_translate_fallback
maneira nenhuma => forma alguma,1,verified_translate,default_translate_fallback
a precisar => precisando,1,verified_translate,matched_manual_progressive_rule
apoios => subsidios,1,verified_translate,default_translate_fallback
se disse => foi dito,1,verified_translate,default_translate_fallback
a referir => mencionando,1,verified_translate,matched_manual_progressive_rule
potencia => potencias,1,verified_translate,default_translate_fallback
a emitir => emitindo,1,verified_translate,matched_manual_progressive_rule
pegas => alcas,1,verified_translate,default_translate_fallback
cambios => cambio,1,verified_translate,default_translate_fallback
saber => conhecimento,1,verified_translate,default_translate_fallback
ira implicar => implicara,1,verified_translate,default_translate_fallback
auto estima => autoestima,1,verified_translate,default_translate_fallback
refere => afirma,1,verified_translate,default_translate_fallback
pretendem o alargamento => desejam a ampliacao,1,verified_translate,default_translate_fallback
relativos aos => sobre os,1,verified_translate,default_translate_fallback
nomeadamente => a saber,1,verified_translate,default_translate_fallback
terao igualmente de => tambem,1,verified_translate,default_translate_fallback
ira demonstrar => demonstrara,1,verified_translate,default_translate_fallback
a ser => sendo um,1,verified_translate,default_translate_fallback
∅ => for,1,verified_translate,matched_manual_null_rule
articuladamente num => de forma articulada em um,1,verified_translate,default_translate_fallback
caminho => ∅,1,verified_translate,matched_manual_null_rule
se definiu => foi definido,1,verified_translate,default_translate_fallback
dos => um de,1,verified_translate,default_translate_fallback
nalguns sectores => em alguns setores,1,verified_translate,default_translate_fallback
deparado com => enfrentado,1,verified_translate,default_translate_fallback
afim => a fim,1,verified_translate,default_translate_fallback
reclamar => reivindicar,1,verified_translate,default_translate_fallback
em => no fato de,1,verified_translate,default_translate_fallback
alcapoes => brechas,1,verified_translate,default_translate_fallback
buracos => lacunas,1,verified_translate,default_translate_fallback
balizar o => delimitar,1,verified_translate,default_translate_fallback
sera => ser,1,verified_translate,default_translate_fallback
tem => levam,1,verified_translate,default_translate_fallback
inspeccoes efectuadas => inspecoes efetuadas,1,verified_translate,default_translate_fallback
a ser objecto => sendo objeto,1,verified_translate,default_translate_fallback
super poderosa => superpoderosa,1,verified_translate,default_translate_fallback
saber => soubesse,1,verified_translate,default_translate_fallback
a custar => custando,1,verified_translate,matched_manual_progressive_rule
poder se a => sera possivel,1,verified_translate,default_translate_fallback
extraviou => desviou,1,verified_translate,default_translate_fallback
∅ => tratou,1,verified_translate,matched_manual_null_rule
tratou => ∅,1,verified_translate,matched_manual_null_rule
reproduzir => ∅,1,verified_translate,matched_manual_null_rule
∅ => repetir,1,verified_translate,matched_manual_null_rule
apresentar => ∅,1,verified_translate,matched_manual_null_rule
a => apresentara,1,verified_translate,default_translate_fallback
num sector => em um setor,1,verified_translate,default_translate_fallback
esta reafectacao => essa reafetacao,1,verified_translate,default_translate_fallback
o => esse,1,verified_translate,default_translate_fallback
concretizado => concretizada,1,verified_translate,default_translate_fallback
levado a cabo => realizada,1,verified_translate,default_translate_fallback
canadianos => canadenses,1,verified_translate,default_translate_fallback
factores ha que => fatores,1,verified_translate,default_translate_fallback
tomados => levados,1,verified_translate,default_translate_fallback
sarda => cavala,1,verified_translate,default_translate_fallback
jogo => acao,1,verified_translate,default_translate_fallback
numa base => de forma,1,verified_translate,default_translate_fallback
encontramo nos perante => estamos diante de,1,verified_translate,default_translate_fallback
habitualmente => de costume,1,verified_translate,default_translate_fallback
tenha encontrado => reunido,1,verified_translate,default_translate_fallback
tenha => ∅,1,verified_translate,matched_manual_null_rule
melhoramento => melhoria,1,verified_translate,default_translate_fallback
mantem se => permanece,1,verified_translate,default_translate_fallback
verdadeiramente => de fato,1,verified_translate,default_translate_fallback
nao obstante o facto => apesar,1,verified_translate,default_translate_fallback
o seu oficio => sua profissao,1,verified_translate,default_translate_fallback
se efectuou qualquer => foi realizado nenhum,1,verified_translate,default_translate_fallback
∅ => aguardando,1,verified_translate,matched_manual_null_rule
aguardamos => estamos esperando,1,verified_translate,default_translate_fallback
∅ => quaisquer que,1,verified_translate,matched_manual_null_rule
quais forem => ∅,1,verified_translate,matched_manual_null_rule
esta directiva => essa diretiva,1,verified_translate,default_translate_fallback
fazer => realizar,1,verified_translate,default_translate_fallback
tera como resultado => resultara em,1,verified_translate,default_translate_fallback
actuais => ∅,1,verified_translate,matched_manual_null_rule
∅ => atuais,1,verified_translate,matched_manual_null_rule
estes sectores => esses setores,1,verified_translate,default_translate_fallback
dos => sobre os,1,verified_translate,default_translate_fallback
fim => objetivo,1,verified_translate,default_translate_fallback
um parque automovel => uma frota de veiculos,1,verified_translate,default_translate_fallback
adaptado => adaptada,1,verified_translate,default_translate_fallback
do parque automovel => da frota de veiculos,1,verified_translate,default_translate_fallback
europeia => europeu,1,verified_translate,default_translate_fallback
super forcas => superforcas,1,verified_translate,default_translate_fallback
tomada => levada,1,verified_translate,default_translate_fallback
de autor => autorais,1,verified_translate,matched_gpt_span
linhas => diretrizes,1,verified_translate,default_translate_fallback
teceram => fizeram,1,verified_translate,default_translate_fallback
prende com a remessa => refere ao envio,1,verified_translate,default_translate_fallback
ver bem => verificar,1,verified_translate,default_translate_fallback
fugas => falhas,1,verified_translate,default_translate_fallback
suplementares => adicionais,1,verified_translate,default_translate_fallback
apreco => analise,1,verified_translate,default_translate_fallback
ao intercambio => a troca,1,verified_translate,default_translate_fallback
mais pequenas => menores,1,verified_translate,default_translate_fallback
suplementar => adicional,1,verified_translate,default_translate_fallback
consagrar => dedicar,1,verified_translate,default_translate_fallback
aso => margem,1,verified_translate,default_translate_fallback
controlar => ser controlada,1,verified_translate,default_translate_fallback
debilitar => enfraquecer,1,verified_translate,default_translate_fallback
largos => muitos,1,verified_translate,default_translate_fallback
∅ => a comissao,1,verified_translate,matched_manual_null_rule
comissao a => ∅,1,verified_translate,matched_manual_null_rule
desflorestamento => desmatamento,1,verified_translate,default_translate_fallback
propicias as => propensas a,1,verified_translate,default_translate_fallback
aplicarem a => aplicar,1,verified_translate,default_translate_fallback
da cibercriminalidade => do cibercrime,1,verified_translate,default_translate_fallback
se podia => poderia,1,verified_translate,default_translate_fallback
devia fazer => deveria ser feito,1,verified_translate,default_translate_fallback
da area => ∅,1,verified_translate,matched_manual_null_rule
equipa => ∅,1,verified_translate,matched_manual_null_rule
dirigida => equipe liderada,1,verified_translate,default_translate_fallback
essa => ∅,1,verified_translate,matched_manual_null_rule
dianteira => vanguarda,1,verified_translate,default_translate_fallback
da peritagem => de pericia,1,verified_translate,default_translate_fallback
detinha => possuia,1,verified_translate,default_translate_fallback
esta => ha,1,verified_translate,default_translate_fallback
a desempenhar => realizando,1,verified_translate,matched_manual_progressive_rule
concebida => desenvolvida,1,verified_translate,default_translate_fallback
dialogo durante => bate papo por,1,verified_translate,default_translate_fallback
escuteiros => escoteiros,1,verified_translate,matched_gpt_span
tinham sido violados => foram estuprados,1,verified_translate,default_translate_fallback
receios => abusos,1,verified_translate,default_translate_fallback
auto regulacao => autorregulacao,1,verified_translate,default_translate_fallback
fornecedores => provedores,1,verified_translate,default_translate_fallback
atribuir => dar,1,verified_translate,default_translate_fallback
esta materia => essa questao,1,verified_translate,default_translate_fallback
a cumprir o => cumprindo,1,verified_translate,matched_manual_progressive_rule
a dar resposta => respondendo,1,verified_translate,matched_manual_progressive_rule
o fazerem => faze lo,1,verified_translate,default_translate_fallback
citados => ∅,1,verified_translate,matched_manual_null_rule
mencionaram => mencionados citaram,1,verified_translate,default_translate_fallback
tendo confrontado este => confrontando esse,1,verified_translate,default_translate_fallback
alargarmos => ampliarmos,1,verified_translate,default_translate_fallback
alargamento geografico => ampliacao geografica,1,verified_translate,default_translate_fallback
largura => extensao,1,verified_translate,default_translate_fallback
importa efectuar => e importante realizar,1,verified_translate,default_translate_fallback
∅ => perguntar,1,verified_translate,matched_manual_null_rule
mediterranica => mediterranea,1,verified_translate,matched_gpt_span
alargar => ampliar,1,verified_translate,default_translate_fallback
nos seus dados de analise => em suas analises,1,verified_translate,default_translate_fallback
aceder => acessar,1,verified_translate,default_translate_fallback
caso algum processar se => hipotese alguma ocorrer,1,verified_translate,default_translate_fallback
fundo => base,1,verified_translate,default_translate_fallback
desfiada => apresentada,1,verified_translate,default_translate_fallback
florao => simbolo,1,verified_translate,default_translate_fallback
pilhados => saqueados,1,verified_translate,default_translate_fallback
trusts => conglomerados,1,verified_translate,default_translate_fallback
interpostos subcontratantes => subcontratados,1,verified_translate,default_translate_fallback
no seio dos => nos,1,verified_translate,default_translate_fallback
o modernizar => moderniza lo,1,verified_translate,default_translate_fallback
o reformular => reformula lo,1,verified_translate,default_translate_fallback
procurar se => ser buscada,1,verified_translate,default_translate_fallback
assentar => basear se,1,verified_translate,default_translate_fallback
percurso => caminho,1,verified_translate,default_translate_fallback
todas as => todos os,1,verified_translate,default_translate_fallback
valorizados os contributos => valorizadas as contribuicoes,1,verified_translate,default_translate_fallback
estes objectivos => esses objetivos,1,verified_translate,default_translate_fallback
co empreendimentos => coempreendimentos,1,verified_translate,default_translate_fallback
facilidade => conveniencia,1,verified_translate,default_translate_fallback
procurem nesta => busquem nessa,1,verified_translate,default_translate_fallback
dao => oferecem,1,verified_translate,default_translate_fallback
o fabrico => a fabricacao,1,verified_translate,default_translate_fallback
demasiada => ∅,1,verified_translate,matched_manual_null_rule
∅ => em excesso,1,verified_translate,matched_manual_null_rule
dominios => areas,1,verified_translate,default_translate_fallback
na esfera => no ambito,1,verified_translate,default_translate_fallback
actividade desportiva => atividade esportiva,1,verified_translate,default_translate_fallback
concordara => concorda,1,verified_translate,default_translate_fallback
ir => seguir,1,verified_translate,default_translate_fallback
esta via => esse caminho,1,verified_translate,default_translate_fallback
multi disciplinar => multidisciplinar,1,verified_translate,default_translate_fallback
colegial => colegiado,1,verified_translate,default_translate_fallback
reinam => prevalecem,1,verified_translate,default_translate_fallback
citada => referida,1,verified_translate,default_translate_fallback
alcancar => ser alcancada,1,verified_translate,default_translate_fallback
o conseguir => isso,1,verified_translate,default_translate_fallback
rejam pela => baseiem na,1,verified_translate,default_translate_fallback
pela fiabilidade => na confiabilidade,1,verified_translate,default_translate_fallback
peca a peca => pedaco por pedaco,1,verified_translate,default_translate_fallback
a reclamar => reivindicando,1,verified_translate,matched_manual_progressive_rule
a trabalhar => ∅,1,verified_translate,matched_manual_null_rule
perfeita => perfeito,1,verified_translate,default_translate_fallback
mudada => mudado,1,verified_translate,default_translate_fallback
desmantelada => desmantelado,1,verified_translate,default_translate_fallback
ira resultar => resultara,1,verified_translate,default_translate_fallback
ira minar => minara,1,verified_translate,default_translate_fallback
perturbar => perturbara,1,verified_translate,default_translate_fallback
destruir => destruira,1,verified_translate,default_translate_fallback
reforcar => reforcara,1,verified_translate,default_translate_fallback
dar se conta de => perceber,1,verified_translate,default_translate_fallback
assuncao => suposicao,1,verified_translate,default_translate_fallback
longinquos => distantes,1,verified_translate,default_translate_fallback
leve a melhor => prevaleca,1,verified_translate,default_translate_fallback
∅ => existem,1,verified_translate,matched_manual_null_rule
existem => ∅,1,verified_translate,matched_manual_null_rule
acresce que => alem disso mantemo,1,verified_translate,default_translate_fallback
mantemos => ∅,1,verified_translate,matched_manual_null_rule
destes => como esses,1,verified_translate,default_translate_fallback
aceites pelo inspectores => aceitos pelos inspetores,1,verified_translate,default_translate_fallback
opcao => escolha,1,verified_translate,default_translate_fallback
oponho me => sou contra,1,verified_translate,default_translate_fallback
no sentido => ∅,1,verified_translate,matched_manual_null_rule
suprimir => eliminar,1,verified_translate,default_translate_fallback
reforco => fortalecimento,1,verified_translate,default_translate_fallback
com efeito => consequentemente,1,verified_translate,default_translate_fallback
∅ => fico,1,verified_translate,matched_manual_null_rule
me regozijo => satisfeito,1,verified_translate,default_translate_fallback
directa junto dos consumidores => direta ao consumidor,1,verified_translate,default_translate_fallback
assente => pacifico,1,verified_translate,default_translate_fallback
que melhor se vendem => mais vendidos,1,verified_translate,default_translate_fallback
∅ => a informacao,1,verified_translate,matched_manual_null_rule
a informacao => ∅,1,verified_translate,matched_manual_null_rule
∅ => equilibrio,1,verified_translate,matched_manual_null_rule
equilibrio => ∅,1,verified_translate,matched_manual_null_rule
a enfraquecer => enfraquecendo,1,verified_translate,matched_manual_progressive_rule
tomarem => levarem,1,verified_translate,default_translate_fallback
convergence => convergencia,1,verified_translate,default_translate_fallback
por resolver => resolvendo,1,verified_translate,default_translate_fallback
depressa => rapidamente,1,verified_translate,default_translate_fallback
dai resultara => isso tera,1,verified_translate,default_translate_fallback
tivemo la => tivemos,1,verified_translate,default_translate_fallback
no bom sentido => na direcao certa,1,verified_translate,default_translate_fallback
relevam do => se enquadram no,1,verified_translate,default_translate_fallback
estao a ver => voces sabem,1,verified_translate,default_translate_fallback
como emitentes => quanto emissores,1,verified_translate,default_translate_fallback
emitente => emissor,1,verified_translate,default_translate_fallback
tal tornar => isso,1,verified_translate,default_translate_fallback
a => tornara,1,verified_translate,default_translate_fallback
pedir contas aos => responsabilizar os,1,verified_translate,default_translate_fallback
social => ∅,1,verified_translate,matched_manual_null_rule
medicamente => medicamentos,1,verified_translate,default_translate_fallback
antes vamos => mas sim nos,1,verified_translate,default_translate_fallback
poupem => economizassem,1,verified_translate,default_translate_fallback
chamando => chamar,1,verified_translate,default_translate_fallback
mesmo => tambem,1,verified_translate,default_translate_fallback
cremos => acreditamos,1,verified_translate,default_translate_fallback
um alargamento interno => uma ampliacao interna,1,verified_translate,default_translate_fallback
estavam a espera de => esperavam,1,verified_translate,default_translate_fallback
ficasse => fosse,1,verified_translate,default_translate_fallback
duros => firmes,1,verified_translate,default_translate_fallback
progredir => avancar,1,verified_translate,default_translate_fallback
por que nos => pela qual,1,verified_translate,default_translate_fallback
tendo em conta => considerando,1,verified_translate,default_translate_fallback
este objectivo => esse objetivo,1,verified_translate,default_translate_fallback
justificacao deste => justificativa para isso,1,verified_translate,default_translate_fallback
∅ => os senhores,1,verified_translate,matched_manual_null_rule
os senhores => ∅,1,verified_translate,matched_manual_null_rule
tibia accao => timida acao,1,verified_translate,default_translate_fallback
laivos => tracos,1,verified_translate,default_translate_fallback
demasiadas => muitas,1,verified_translate,default_translate_fallback
a exigir => exigindo,1,verified_translate,matched_manual_progressive_rule
coberta com => assinada por,1,verified_translate,default_translate_fallback
assinaturas => pessoas,1,verified_translate,default_translate_fallback
quantos => os que,1,verified_translate,default_translate_fallback
usaram da palavra => falaram,1,verified_translate,default_translate_fallback
tenha reflectido => refletido,1,verified_translate,default_translate_fallback
a oco => vazios,1,verified_translate,default_translate_fallback
ensaio => teste,1,verified_translate,default_translate_fallback
∅ => efetivamente,1,verified_translate,matched_manual_null_rule
efectivamente => ∅,1,verified_translate,matched_manual_null_rule
a abrandar num => desacelerando em um,1,verified_translate,default_translate_fallback
largo => longo,1,verified_translate,default_translate_fallback
planificada => planejada,1,verified_translate,default_translate_fallback
recordou e => lembrou,1,verified_translate,default_translate_fallback
votar => condenar,1,verified_translate,default_translate_fallback
nao ha => sem,1,verified_translate,default_translate_fallback
conduzira => levara,1,verified_translate,default_translate_fallback
trecho => prazo,1,verified_translate,default_translate_fallback
cumpre => cabe,1,verified_translate,default_translate_fallback
obstam ao => impedem o,1,verified_translate,default_translate_fallback
dar resposta => atender,1,verified_translate,default_translate_fallback
em objectivos => com objetivos,1,verified_translate,default_translate_fallback
contactos ao => contatos no,1,verified_translate,default_translate_fallback
provisorios => temporarios,1,verified_translate,default_translate_fallback
formados => qualificados,1,verified_translate,default_translate_fallback
culpada => culpado,1,verified_translate,default_translate_fallback
jamais => ja,1,verified_translate,default_translate_fallback
encomios => elogios,1,verified_translate,default_translate_fallback
a data => agora,1,verified_translate,default_translate_fallback
gente => pessoas,1,verified_translate,default_translate_fallback
exteriores a => fora da,1,verified_translate,default_translate_fallback
enganadora => enganosa,1,verified_translate,default_translate_fallback
rapto => sequestro,1,verified_translate,default_translate_fallback
raptados => sequestrados,1,verified_translate,default_translate_fallback
raptores => sequestradores,1,verified_translate,default_translate_fallback
azo => margem,1,verified_translate,default_translate_fallback
se utilizarao => serao utilizados,1,verified_translate,default_translate_fallback
fossem => sejam,1,verified_translate,default_translate_fallback
quer isto dizer => isso significa,1,verified_translate,default_translate_fallback
macro economicos => macroeconomicos,1,verified_translate,default_translate_fallback
contrariamente => ∅,1,verified_translate,matched_manual_null_rule
∅ => contrario do,1,verified_translate,matched_manual_null_rule
macro economico => macroeconomico,1,verified_translate,default_translate_fallback
componentes => componente,1,verified_translate,default_translate_fallback
nessa altura => ∅,1,verified_translate,matched_manual_null_rule
∅ => naquela epoca,1,verified_translate,matched_manual_null_rule
macro economicas => macroeconomicas,1,verified_translate,default_translate_fallback
estao dependentes => dependem,1,verified_translate,default_translate_fallback
sao das => estao entre as,1,verified_translate,default_translate_fallback
nos concursos => nas licitacoes,1,verified_translate,default_translate_fallback
dos concursos => das licitacoes,1,verified_translate,default_translate_fallback
para adoptar => a adotar,1,verified_translate,default_translate_fallback
quereria => gostaria,1,verified_translate,default_translate_fallback
longinquo => distante,1,verified_translate,default_translate_fallback
debeis => frageis,1,verified_translate,default_translate_fallback
depauperamento => empobrecimento,1,verified_translate,default_translate_fallback
se impoe => e imperativo,1,verified_translate,default_translate_fallback
sublinho o => destaco a,1,verified_translate,default_translate_fallback
posto em objectivos => dada aos objetivos,1,verified_translate,default_translate_fallback
adstrito => vinculado,1,verified_translate,default_translate_fallback
na rua => nas ruas,1,verified_translate,default_translate_fallback
nalgumas => em algumas,1,verified_translate,default_translate_fallback
frutuosas => frutiferas,1,verified_translate,default_translate_fallback
o paludismo => a malaria,1,verified_translate,default_translate_fallback
ha => e,1,verified_translate,default_translate_fallback
nosso lado => nossa parte,1,verified_translate,default_translate_fallback
∅ => abordagem,1,verified_translate,matched_manual_null_rule
abordagem => ∅,1,verified_translate,matched_manual_null_rule
nao obstante => ainda assim,1,verified_translate,default_translate_fallback
denominar se => ser denominados,1,verified_translate,default_translate_fallback
directivas designar se => diretivas serem designadas,1,verified_translate,default_translate_fallback
∅ => projeto,1,verified_translate,matched_manual_null_rule
projecto => ∅,1,verified_translate,matched_manual_null_rule
ira obter => obtera,1,verified_translate,default_translate_fallback
mergulhar => nos aprofundar,1,verified_translate,default_translate_fallback
temos necessidade => precisamos,1,verified_translate,default_translate_fallback
o modo => a forma,1,verified_translate,default_translate_fallback
intercalar => intermediaria,1,verified_translate,default_translate_fallback
o modo de => como,1,verified_translate,default_translate_fallback
accoes tendentes => acoes destinadas,1,verified_translate,default_translate_fallback
espirito empresarial => empreendedorismo,1,verified_translate,default_translate_fallback
expandir => ∅,1,verified_translate,matched_manual_null_rule
a => expandira,1,verified_translate,default_translate_fallback
a sua monitorizacao => seu monitoramento,1,verified_translate,default_translate_fallback
em flecha => vertiginosamente,1,verified_translate,default_translate_fallback
far se iam sentir numa => seriam sentidos em uma,1,verified_translate,default_translate_fallback
deslocacao a pe numa => caminhada em uma,1,verified_translate,default_translate_fallback
feita => vez,1,verified_translate,default_translate_fallback
por => porque,1,verified_translate,default_translate_fallback
vale mais => e melhor,1,verified_translate,default_translate_fallback
efectivamente que => de fato,1,verified_translate,default_translate_fallback
diminuir => diminuirem,1,verified_translate,default_translate_fallback
ainda para => por,1,verified_translate,default_translate_fallback
se defronta => enfrenta,1,verified_translate,default_translate_fallback
a bracos => lidando,1,verified_translate,matched_manual_progressive_rule
afundamento => colapso,1,verified_translate,default_translate_fallback
rica => rico,1,verified_translate,default_translate_fallback
∅ => estava,1,verified_translate,matched_manual_null_rule
estava a consolidar => consolidando,1,verified_translate,default_translate_fallback
inofensivo => inofensiva,1,verified_translate,default_translate_fallback
abanar => balancar,1,verified_translate,default_translate_fallback
aterrei => pousei,1,verified_translate,default_translate_fallback
si efectuados => ela realizados,1,verified_translate,default_translate_fallback
alarme => alerta,1,verified_translate,default_translate_fallback
focagem => foco,1,verified_translate,default_translate_fallback
lugares => cargos,1,verified_translate,default_translate_fallback
a conceber => concebe la,1,verified_translate,default_translate_fallback
a levar a cabo => realiza la,1,verified_translate,default_translate_fallback
as ajudas comunitarias => os auxilios comunitarios,1,verified_translate,default_translate_fallback
aprovisionamento => abastecimento,1,verified_translate,default_translate_fallback
das ajudas => dos auxilios,1,verified_translate,default_translate_fallback
prende se => esta relacionada,1,verified_translate,default_translate_fallback
tomar => levar,1,verified_translate,default_translate_fallback
das => contra,1,verified_translate,default_translate_fallback
a bem => em prol,1,verified_translate,default_translate_fallback
em especial => especialmente,1,verified_translate,default_translate_fallback
apraz => agrada,1,verified_translate,default_translate_fallback
quando da => na,1,verified_translate,default_translate_fallback
passo em frente => avanco,1,verified_translate,default_translate_fallback
consigo => com o senhor,1,verified_translate,default_translate_fallback
recurso a => uso da,1,verified_translate,default_translate_fallback
que refira => mencionar,1,verified_translate,default_translate_fallback
∅ => saber,1,verified_translate,matched_manual_null_rule
∅ => juntamente com,1,verified_translate,matched_manual_null_rule
grossista como => atacadista quanto,1,verified_translate,default_translate_fallback
retalhista => varejista,1,verified_translate,default_translate_fallback
ver se a => sera vista,1,verified_translate,default_translate_fallback
accao => atuacao,1,verified_translate,default_translate_fallback
sobreponiveis => sobrepostas,1,verified_translate,default_translate_fallback
pretendeu => quis,1,verified_translate,default_translate_fallback
agradecer => agradece,1,verified_translate,default_translate_fallback
referir os meus contributos => mencionar as minhas contribuicoes,1,verified_translate,default_translate_fallback
referir => mencionar,1,verified_translate,default_translate_fallback
∅ => podera,1,verified_translate,matched_manual_null_rule
da birmania => de mianmar,1,verified_translate,default_translate_fallback
a partida => desde o inicio,1,verified_translate,default_translate_fallback
na birmania => em mianmar,1,verified_translate,default_translate_fallback
seio => ambito,1,verified_translate,default_translate_fallback
gozar => usufruir,1,verified_translate,default_translate_fallback
efectiva procura => efetiva busca,1,verified_translate,default_translate_fallback
este alargamento => esta ampliacao,1,verified_translate,default_translate_fallback
o seu contributo => sua contribuicao,1,verified_translate,default_translate_fallback
alfobre => viveiro,1,verified_translate,default_translate_fallback
mini armas => miniarmas,1,verified_translate,default_translate_fallback
estas cimeiras => essas cupulas,1,verified_translate,default_translate_fallback
equitativo => justo,1,verified_translate,default_translate_fallback
equacionasse => considerasse,1,verified_translate,default_translate_fallback
aprendem => aprende,1,verified_translate,default_translate_fallback
mais vale => antes,1,verified_translate,default_translate_fallback
do ozono => de ozonio,1,verified_translate,default_translate_fallback
admira => e de se estranhar,1,verified_translate,default_translate_fallback
ela => elas,1,verified_translate,default_translate_fallback
exprimir => ∅,1,verified_translate,matched_manual_null_rule
∅ => expressar,1,verified_translate,matched_manual_null_rule
desvanecem => ∅,1,verified_translate,matched_manual_null_rule
∅ => dissipam,1,verified_translate,matched_manual_null_rule
sujeitos => submetidos,1,verified_translate,default_translate_fallback
a elaborar => elaborando,1,verified_translate,matched_manual_progressive_rule
vai passada => ja passou,1,verified_translate,default_translate_fallback
pouco => breve,1,verified_translate,default_translate_fallback
principio => inicio,1,verified_translate,default_translate_fallback
assinaladas => apontadas,1,verified_translate,default_translate_fallback
invocar => mencionar,1,verified_translate,default_translate_fallback
alargada => abrangente,1,verified_translate,default_translate_fallback
uma vez que => como,1,verified_translate,default_translate_fallback
tantos => ∅,1,verified_translate,matched_manual_null_rule
espelhadas => refletidas,1,verified_translate,default_translate_fallback
postos => deixados,1,verified_translate,default_translate_fallback
reputar se => ser considerados,1,verified_translate,default_translate_fallback
aproveitem a => beneficiem,1,verified_translate,default_translate_fallback
maduramente => cuidadosamente,1,verified_translate,default_translate_fallback
ainda => tambem,1,verified_translate,matched_gpt_span
serem entretanto => sejam,1,verified_translate,default_translate_fallback
encarasse => considere,1,verified_translate,default_translate_fallback
colhida => adquirida,1,verified_translate,default_translate_fallback
se posiciona => esta,1,verified_translate,default_translate_fallback
impondo se => sendo necessario,1,verified_translate,default_translate_fallback
tiveram lugar => ocorreram,1,verified_translate,default_translate_fallback
tem vindo a ser => vem sendo,1,verified_translate,default_translate_fallback
marisco => frutos do mar,1,verified_translate,matched_gpt_span
que deva => deve,1,verified_translate,default_translate_fallback
seja => ser,1,verified_translate,default_translate_fallback
proprio => so,1,verified_translate,default_translate_fallback
da proteccao do => de protecao ao,1,verified_translate,default_translate_fallback
que aduziu => qual adicionou,1,verified_translate,default_translate_fallback
algures => ∅,1,verified_translate,matched_manual_null_rule
torno da => algum lugar entre a,1,verified_translate,default_translate_fallback
encontra se na disposicao de escutar => esta disposta a ouvir,1,verified_translate,default_translate_fallback
tal => ∅,1,verified_translate,matched_manual_null_rule
moderada => moderado,1,verified_translate,default_translate_fallback
esta minoracao => essa diminuicao,1,verified_translate,default_translate_fallback
preciso => exato,1,verified_translate,default_translate_fallback
∅ => pelo menos,1,verified_translate,matched_manual_null_rule
pelo menos => ∅,1,verified_translate,matched_manual_null_rule
estou => ∅,1,verified_translate,matched_manual_null_rule
em crer => acredito,1,verified_translate,default_translate_fallback
sucede => acontece,1,verified_translate,default_translate_fallback
lume => tona,1,verified_translate,default_translate_fallback
sadate => sadat,1,verified_translate,default_translate_fallback
em moldes concretos => de forma concreta,1,verified_translate,default_translate_fallback
si => ∅,1,verified_translate,matched_manual_null_rule
diz => diga,1,verified_translate,default_translate_fallback
o => disso,1,verified_translate,default_translate_fallback
aos clubes nocturnos => as casas noturnas,1,verified_translate,default_translate_fallback
chuto => uso,1,verified_translate,default_translate_fallback
agulhas => seringas,1,verified_translate,default_translate_fallback
responde => respondem,1,verified_translate,default_translate_fallback
exija => exijam,1,verified_translate,default_translate_fallback
respeitantes => relativas,1,verified_translate,default_translate_fallback
foram maus => ruins,1,verified_translate,default_translate_fallback
feita => formada,1,verified_translate,default_translate_fallback
a basear => ∅,1,verified_translate,matched_manual_null_rule
∅ => baseando,1,verified_translate,matched_manual_null_rule
a basear => se baseando,1,verified_translate,matched_manual_progressive_rule
a ter => levando,1,verified_translate,matched_manual_progressive_rule
o tivesse tido => tenha levado,1,verified_translate,default_translate_fallback
a referi lo => mencionando,1,verified_translate,matched_manual_progressive_rule
a preparar => preparando,1,verified_translate,matched_manual_progressive_rule
contabilistica => contabil,1,verified_translate,default_translate_fallback
a avaliar => avalia la,1,verified_translate,default_translate_fallback
∅ => o sudeste,1,verified_translate,matched_manual_null_rule
o sudeste => ∅,1,verified_translate,matched_manual_null_rule
aquilo => o,1,verified_translate,default_translate_fallback
regressam => retornem,1,verified_translate,default_translate_fallback
vao tentar => tentem,1,verified_translate,default_translate_fallback
fazer percursos => seguirem caminhos,1,verified_translate,default_translate_fallback
actuarmos => agirmos,1,verified_translate,default_translate_fallback
necessitamos => precisamos,1,verified_translate,default_translate_fallback
em => as,1,verified_translate,default_translate_fallback
necessaria a => necessario o,1,verified_translate,default_translate_fallback
manter => ∅,1,verified_translate,matched_manual_null_rule
correrem mal => derem errado,1,verified_translate,default_translate_fallback
correrao mal => darao errado,1,verified_translate,default_translate_fallback
do seguimento da => em continuidade a,1,verified_translate,default_translate_fallback
da utilizacao abusiva => do uso abusivo,1,verified_translate,default_translate_fallback
abusivamente => de forma abusiva,1,verified_translate,default_translate_fallback
∅ => trata,1,verified_translate,matched_manual_null_rule
trata => ∅,1,verified_translate,matched_manual_null_rule
das bases => dos bancos,1,verified_translate,default_translate_fallback
das => pelas,1,verified_translate,default_translate_fallback
dos => pelos,1,verified_translate,default_translate_fallback
no seu conjunto => como um todo,1,verified_translate,default_translate_fallback
na cena => no cenario,1,verified_translate,default_translate_fallback
nomeadamente a => especialmente no,1,verified_translate,default_translate_fallback
a qual => que,1,verified_translate,default_translate_fallback
∅ => apreciamos,1,verified_translate,matched_manual_null_rule
apreciamos => ∅,1,verified_translate,matched_manual_null_rule
o ponto da situacao => um balanco,1,verified_translate,default_translate_fallback
fazerem com => garantirem,1,verified_translate,default_translate_fallback
letra => risca,1,verified_translate,default_translate_fallback
julgado => avaliado,1,verified_translate,default_translate_fallback
reforcarem as => reforcar,1,verified_translate,default_translate_fallback
procederem a aplicacao de => implementar,1,verified_translate,default_translate_fallback
assim => bem,1,verified_translate,default_translate_fallback
caso algum fazer valer => hipotese alguma invocar,1,verified_translate,default_translate_fallback
por em pratica => implementar,1,verified_translate,default_translate_fallback
importante => significativo,1,verified_translate,default_translate_fallback
terminaria => concluiria,1,verified_translate,default_translate_fallback
alargamento dever processar se => ampliacao deve ocorrer,1,verified_translate,default_translate_fallback
cimeira copenhaga => cupula de copenhague,1,verified_translate,default_translate_fallback
nos deste => desse,1,verified_translate,default_translate_fallback
branqueamento => lavagem,1,verified_translate,default_translate_fallback
capitais => dinheiro,1,verified_translate,default_translate_fallback
alteracao => emenda,1,verified_translate,default_translate_fallback
laxistas => negligentes,1,verified_translate,default_translate_fallback
excedentes => superavits,1,verified_translate,default_translate_fallback
bolsistas => especulativas,1,verified_translate,default_translate_fallback
reduzir => ∅,1,verified_translate,matched_manual_null_rule
∅ => reduzir,1,verified_translate,matched_manual_null_rule
comportar => representar,1,verified_translate,default_translate_fallback
de contrafaccao => falsificados,1,verified_translate,default_translate_fallback
pirata => piratas,1,verified_translate,default_translate_fallback
esta => essa e,1,verified_translate,default_translate_fallback
o efeito => esse fim,1,verified_translate,default_translate_fallback
as tornar => torna las,1,verified_translate,default_translate_fallback
importa => e,1,verified_translate,default_translate_fallback
∅ => necessario,1,verified_translate,matched_manual_null_rule
empenhamento => comprometimento,1,verified_translate,default_translate_fallback
andar atras do => seguir o,1,verified_translate,default_translate_fallback
nas despesas publicas => nos gastos publicos,1,verified_translate,default_translate_fallback
vimos conceder => passamos a dar,1,verified_translate,default_translate_fallback
passa => ocorre,1,verified_translate,default_translate_fallback
subcontratacao => terceirizacao,1,verified_translate,default_translate_fallback
reduzidos => baixos,1,verified_translate,default_translate_fallback
auferem => recebem,1,verified_translate,default_translate_fallback
da despesa publica => do gasto publico,1,verified_translate,default_translate_fallback
mapa do => ∅,1,verified_translate,matched_manual_null_rule
∅ => patrimonial,1,verified_translate,matched_manual_null_rule
a despesa publica => o gasto publico,1,verified_translate,default_translate_fallback
a despesa privada => o gasto privado,1,verified_translate,default_translate_fallback
sobre a => na,1,verified_translate,default_translate_fallback
das despesas => dos encargos,1,verified_translate,default_translate_fallback
temos de recordar => precisamos lembrar,1,verified_translate,default_translate_fallback
precisa => necessita,1,verified_translate,default_translate_fallback
hao de vir => virao,1,verified_translate,default_translate_fallback
despesas publicas significativas => gastos publicos significativos,1,verified_translate,default_translate_fallback
especie => tipo,1,verified_translate,default_translate_fallback
iria constituir => constituiria,1,verified_translate,default_translate_fallback
alongo => a longo,1,verified_translate,default_translate_fallback
tidas => levadas devidamente,1,verified_translate,default_translate_fallback
devida => ∅,1,verified_translate,matched_manual_null_rule
portagens => pedagios,1,verified_translate,default_translate_fallback
subvencoes transversais => subsidios cruzados,1,verified_translate,default_translate_fallback
se chegou => foi alcancado,1,verified_translate,default_translate_fallback
pelo lado => por parte,1,verified_translate,default_translate_fallback
cremos numa => acreditamos em uma,1,verified_translate,default_translate_fallback
a decorrer => em andamento,1,verified_translate,default_translate_fallback
enfraquecermos as => enfraquecer,1,verified_translate,default_translate_fallback
registo efectivo => registro efetivo,1,verified_translate,default_translate_fallback
este registo => esse registro,1,verified_translate,default_translate_fallback
controlo efectivo => controle efetivo,1,verified_translate,default_translate_fallback
retorcer => ∅,1,verified_translate,matched_manual_null_rule
∅ => revirar,1,verified_translate,matched_manual_null_rule
se arrisca a => corre o risco de,1,verified_translate,default_translate_fallback
reforcado => fortalecido,1,verified_translate,default_translate_fallback
deem resposta => respondam,1,verified_translate,default_translate_fallback
auto estradas => autoestradas,1,verified_translate,default_translate_fallback
co autor => coautor,1,verified_translate,default_translate_fallback
a dar os seus => dando,1,verified_translate,matched_manual_progressive_rule
directamente esta => diretamente essa,1,verified_translate,default_translate_fallback
a => no ultimo dia,1,verified_translate,default_translate_fallback
ultimo => ∅,1,verified_translate,matched_manual_null_rule
que me toca => ∅,1,verified_translate,matched_manual_null_rule
luta contra => combate,1,verified_translate,default_translate_fallback
∅ => exposto,1,verified_translate,matched_manual_null_rule
exposto => ∅,1,verified_translate,matched_manual_null_rule
e necessario fazer => ha,1,verified_translate,default_translate_fallback
∅ => a ser feito,1,verified_translate,matched_manual_null_rule
x actos => estiletes,1,verified_translate,default_translate_fallback
acutilante => incisiva,1,verified_translate,default_translate_fallback
elan => impeto,1,verified_translate,default_translate_fallback
atendendo => considerando,1,verified_translate,default_translate_fallback
encorajamento da => incentivo a,1,verified_translate,default_translate_fallback
objectivo desta => objetivo dessa,1,verified_translate,default_translate_fallback
tem em vista => estao previstas,1,verified_translate,default_translate_fallback
investigacao socio economica => pesquisa socioeconomica,1,verified_translate,default_translate_fallback
esta investigacao => essa pesquisa,1,verified_translate,default_translate_fallback
da armazenagem privada => do armazenamento privado,1,verified_translate,default_translate_fallback
justo => justa,1,verified_translate,default_translate_fallback
sondagens => pesquisas,1,verified_translate,default_translate_fallback
de adopcao => para adocao,1,verified_translate,default_translate_fallback
lesado => prejudicado,1,verified_translate,default_translate_fallback
habito => costume,1,verified_translate,default_translate_fallback
tratamo la => a tratamos,1,verified_translate,default_translate_fallback
precioso => valioso,1,verified_translate,default_translate_fallback
permitir => permito,1,verified_translate,default_translate_fallback
ei => ∅,1,verified_translate,matched_manual_null_rule
∅ => fiz,1,verified_translate,matched_manual_null_rule
fiz => ∅,1,verified_translate,matched_manual_null_rule
defender => ser defendido,1,verified_translate,default_translate_fallback
bilhete => documento,1,verified_translate,default_translate_fallback
fizemo lo => fizemos isso,1,verified_translate,default_translate_fallback
anti racismo => antirracismo,1,verified_translate,default_translate_fallback
calar => calarmos,1,verified_translate,default_translate_fallback
contributo => aporte,1,verified_translate,default_translate_fallback
devessem => devam,1,verified_translate,default_translate_fallback
accao levada a cabo => acao realizada,1,verified_translate,default_translate_fallback
prende => relaciona,1,verified_translate,default_translate_fallback
assentar => se basear,1,verified_translate,default_translate_fallback
pugnarmos => lutarmos,1,verified_translate,default_translate_fallback
fulcral => crucial,1,verified_translate,default_translate_fallback
se verificou => ocorreu,1,verified_translate,default_translate_fallback
as culpas => a culpa,1,verified_translate,default_translate_fallback
atendendo ao => considerando o,1,verified_translate,default_translate_fallback
a imprimir => imprimindo,1,verified_translate,matched_manual_progressive_rule
fazer face aos => enfrentar os,1,verified_translate,default_translate_fallback
inter => entre,1,verified_translate,default_translate_fallback
malogra => fracassa,1,verified_translate,default_translate_fallback
∅ => violando,1,verified_translate,matched_manual_null_rule
violar a directiva => diretiva,1,verified_translate,default_translate_fallback
actuasse => agisse,1,verified_translate,default_translate_fallback
a ser picuinhas => sendo picuinha,1,verified_translate,default_translate_fallback
harmonizaca => harmonizacao,1,verified_translate,default_translate_fallback
compungidas => obrigadas,1,verified_translate,default_translate_fallback
autoridade => autoridades,1,verified_translate,default_translate_fallback
interrogue => pergunte,1,verified_translate,default_translate_fallback
a confiar => confiando,1,verified_translate,matched_manual_progressive_rule
de longe => muito,1,verified_translate,default_translate_fallback
a decorrer em simultaneo => ocorrendo simultaneamente,1,verified_translate,default_translate_fallback
disse => ∅,1,verified_translate,matched_manual_null_rule
∅ => seguem,1,verified_translate,matched_manual_null_rule
seguem => ∅,1,verified_translate,matched_manual_null_rule
acontecer => acontecendo,1,verified_translate,default_translate_fallback
citar lhe ei => citarei,1,verified_translate,default_translate_fallback
∅ => longo,1,verified_translate,matched_manual_null_rule
tido => levado,1,verified_translate,default_translate_fallback
tomado em consideracao => considerado,1,verified_translate,default_translate_fallback
chegar => alcancar,1,verified_translate,default_translate_fallback
a => niveis,1,verified_translate,default_translate_fallback
niveis => ∅,1,verified_translate,matched_manual_null_rule
∅ => existe,1,verified_translate,matched_manual_null_rule
existe => ∅,1,verified_translate,matched_manual_null_rule
desta forma => assim,1,verified_translate,default_translate_fallback
volta da => ∅,1,verified_translate,matched_manual_null_rule
prende se => esta relacionado,1,verified_translate,default_translate_fallback
estandardizam => padronizam,1,verified_translate,default_translate_fallback
as verbas => os recursos,1,verified_translate,default_translate_fallback
a => ao se,1,verified_translate,default_translate_fallback
afectadas directamente pelo alargamento => afetadas diretamente pela ampliacao,1,verified_translate,default_translate_fallback
fazem => tem,1,verified_translate,default_translate_fallback
que diga => dizer,1,verified_translate,default_translate_fallback
poe => levanta,1,verified_translate,default_translate_fallback
vastos => amplos,1,verified_translate,default_translate_fallback
constituida => composta,1,verified_translate,default_translate_fallback
∅ => parte,1,verified_translate,matched_manual_null_rule
constituida => formada,1,verified_translate,default_translate_fallback
∅ => numero,1,verified_translate,matched_manual_null_rule
numero => ∅,1,verified_translate,matched_manual_null_rule
passarem por => atravessarem,1,verified_translate,default_translate_fallback
havera que resolver => precisa ser resolvida,1,verified_translate,default_translate_fallback
os reconduzir => reconduzi los,1,verified_translate,default_translate_fallback
taliban => taliba,1,verified_translate,default_translate_fallback
sao entao => estao sendo,1,verified_translate,default_translate_fallback
os repatriar => repatria los,1,verified_translate,default_translate_fallback
se poriam => ocorreriam,1,verified_translate,default_translate_fallback
pensa => acredita,1,verified_translate,default_translate_fallback
acometer => enfrentar,1,verified_translate,default_translate_fallback
figurem => constem,1,verified_translate,default_translate_fallback
tera por base os => sera baseada nos,1,verified_translate,default_translate_fallback
∅ => grau,1,verified_translate,matched_manual_null_rule
grau => ∅,1,verified_translate,matched_manual_null_rule
existentes => existiam,1,verified_translate,default_translate_fallback
aparecimento => surgimento,1,verified_translate,default_translate_fallback
de novo esta => novamente essa,1,verified_translate,default_translate_fallback
perante o => diante da,1,verified_translate,default_translate_fallback
consegui lo => conseguir isso,1,verified_translate,default_translate_fallback
iremos consegui lo atraves => conseguiremos por meio,1,verified_translate,default_translate_fallback
absoluta => absoluto,1,verified_translate,default_translate_fallback
mote => lema,1,verified_translate,default_translate_fallback
a porta => de fora,1,verified_translate,default_translate_fallback
objectivos da => objetivos de,1,verified_translate,default_translate_fallback
proximo => palpavel,1,verified_translate,default_translate_fallback
palpavel => concreta,1,verified_translate,default_translate_fallback
∅ => podera se,1,verified_translate,matched_manual_null_rule
acesa => acalorada,1,verified_translate,default_translate_fallback
porem => contudo,1,verified_translate,default_translate_fallback
∅ => este e,1,verified_translate,matched_manual_null_rule
de que => do qual,1,verified_translate,default_translate_fallback
nos apercebemos de => percebemos,1,verified_translate,default_translate_fallback
referem => mencionam,1,verified_translate,default_translate_fallback
∅ => do eurocontrol,1,verified_translate,matched_manual_null_rule
o eurocontrol => ∅,1,verified_translate,matched_manual_null_rule
ong => ongs nos,1,verified_translate,default_translate_fallback
o nosso contributo => a nossa contribuicao,1,verified_translate,default_translate_fallback
diferendos => divergencias,1,verified_translate,default_translate_fallback
efectuam transaccoes => efetuam transacoes,1,verified_translate,default_translate_fallback
o despedimento => a demissao,1,verified_translate,default_translate_fallback
pautal => tarifario,1,verified_translate,default_translate_fallback
exprimi => expressei,1,verified_translate,default_translate_fallback
caraibas => caribenhos,1,verified_translate,default_translate_fallback
no meu entender => na minha opiniao,1,verified_translate,default_translate_fallback
satisfeitos => atendidos,1,verified_translate,default_translate_fallback
inscrevem => enquadram,1,verified_translate,default_translate_fallback
correcta projeccao => correta projecao,1,verified_translate,default_translate_fallback
rendimentos => rendas,1,verified_translate,default_translate_fallback
aquando da => na,1,verified_translate,default_translate_fallback
a queimar => queimando,1,verified_translate,matched_manual_progressive_rule
vais de => ∅,1,verified_translate,matched_manual_null_rule
∅ => programas,1,verified_translate,matched_manual_null_rule
programas => ∅,1,verified_translate,matched_manual_null_rule
leva => coloca,1,verified_translate,default_translate_fallback
comummente aceites => comumente aceitas,1,verified_translate,default_translate_fallback
tera => terao,1,verified_translate,default_translate_fallback
tratado => tratados,1,verified_translate,default_translate_fallback
a devolver => devolvendo,1,verified_translate,matched_manual_progressive_rule
poupados => economicos,1,verified_translate,default_translate_fallback
contabilista => contador,1,verified_translate,default_translate_fallback
castigar => punir,1,verified_translate,default_translate_fallback
a referir => ∅,1,verified_translate,matched_manual_null_rule
∅ => referindo,1,verified_translate,matched_manual_null_rule
transformado => processado,1,verified_translate,default_translate_fallback
baixam => reduzem,1,verified_translate,default_translate_fallback
o modo como => de que forma,1,verified_translate,default_translate_fallback
quanto mais nao => nem que,1,verified_translate,default_translate_fallback
clarifique => esclareca mais,1,verified_translate,default_translate_fallback
um contributo proprio => uma contribuicao propria,1,verified_translate,default_translate_fallback
se prende com => diz respeito,1,verified_translate,default_translate_fallback
inteiro => total,1,verified_translate,default_translate_fallback
esse contributo proprio => essa contribuicao propria,1,verified_translate,default_translate_fallback
passar => transmitir,1,verified_translate,default_translate_fallback
confina => limita,1,verified_translate,default_translate_fallback
deplorar => lamentar,1,verified_translate,default_translate_fallback
molde => modo que,1,verified_translate,default_translate_fallback
surpreendida => surpresa,1,verified_translate,default_translate_fallback
anterior => antigo,1,verified_translate,default_translate_fallback
cimeira desta => cupula dessa,1,verified_translate,default_translate_fallback
nos => em seus,1,verified_translate,default_translate_fallback
apercebem => dao conta,1,verified_translate,default_translate_fallback
exprimiu => expressou,1,verified_translate,default_translate_fallback
facultem => fornecam,1,verified_translate,default_translate_fallback
publica apenas => posta somente,1,verified_translate,default_translate_fallback
a atravessar => passando,1,verified_translate,matched_manual_progressive_rule
pessoal => galera,1,verified_translate,default_translate_fallback
miseravel => mizeravel e um,1,verified_translate,default_translate_fallback
raiva contra => guria comtra,1,verified_translate,default_translate_fallback
desgracado desses => disgrasado dessis,1,verified_translate,default_translate_fallback
ameacas => amessas,1,verified_translate,default_translate_fallback
miseravel fez => mizeravel feis,1,verified_translate,default_translate_fallback
municipios => municipio,1,verified_translate,default_translate_fallback
hoje o => hj,1,verified_translate,default_translate_fallback
nos licoes => licao,1,verified_translate,default_translate_fallback
a sabotar => sabotando,1,verified_translate,matched_manual_progressive_rule
sensata => sensatamais,1,verified_translate,default_translate_fallback
toma la da ca => tomaladaca,1,verified_translate,default_translate_fallback
si => vc,1,verified_translate,default_translate_fallback
o ignorar => ignora lo,1,verified_translate,default_translate_fallback
para esta => pra essa,1,verified_translate,default_translate_fallback
a tramar => armando,1,verified_translate,matched_manual_progressive_rule
calados => quietos,1,verified_translate,default_translate_fallback
no raio => na porra,1,verified_translate,default_translate_fallback
impedir => barrar,1,verified_translate,default_translate_fallback
ola => oii,1,verified_translate,default_translate_fallback
a fazer a => fazendo,1,verified_translate,matched_manual_progressive_rule
quebres => quebre,1,verified_translate,default_translate_fallback
aceitas => vc aceita,1,verified_translate,default_translate_fallback
avisa => ∅,1,verified_translate,matched_manual_null_rule
∅ => avise,1,verified_translate,matched_manual_null_rule
esta a formar => ta,1,verified_translate,default_translate_fallback
∅ => formando tem,1,verified_translate,matched_manual_null_rule
adora => ama,1,verified_translate,default_translate_fallback
foram cerca => foi em torno,1,verified_translate,default_translate_fallback
os => a,1,verified_translate,default_translate_fallback
outros => demais,1,verified_translate,default_translate_fallback
verifica => confira,1,verified_translate,default_translate_fallback
calcoes a dancar => shortinho dancando,1,verified_translate,default_translate_fallback
e a ameacar o => ameacando,1,verified_translate,default_translate_fallback
deste o que tinhas a dar => deu,1,verified_translate,default_translate_fallback
nisto => nessa,1,verified_translate,default_translate_fallback
pena => do,1,verified_translate,default_translate_fallback
parvoice => besteira,1,verified_translate,default_translate_fallback
a rebater => rebatendo,1,verified_translate,matched_manual_progressive_rule
fortalecer => fortalecendo,1,verified_translate,default_translate_fallback
esta a pagar => ta pagando,1,verified_translate,default_translate_fallback
nos teus => em seus,1,verified_translate,default_translate_fallback
para si => pra voce,1,verified_translate,default_translate_fallback
o coronavirus => a corona virus,1,verified_translate,default_translate_fallback
os politicos estao preocupados => politico ta preocupado,1,verified_translate,default_translate_fallback
tinha dito => havia falado,1,verified_translate,default_translate_fallback
deviam => deveriam se,1,verified_translate,default_translate_fallback
isso sigam => esta vao,1,verified_translate,default_translate_fallback
correrem => correr,1,verified_translate,default_translate_fallback
a criticar => criticando,1,verified_translate,matched_manual_progressive_rule
adoram => amam,1,verified_translate,default_translate_fallback
exame de => vestibular para ter,1,verified_translate,default_translate_fallback
a custa => em cima,1,verified_translate,default_translate_fallback
quis => quiz,1,verified_translate,default_translate_fallback
uma tareia => um taca,1,verified_translate,default_translate_fallback
prende lo => prender ele,1,verified_translate,default_translate_fallback
o soltarem => soltar ele,1,verified_translate,default_translate_fallback
e violador => estuprador,1,verified_translate,default_translate_fallback
querem => quer,1,verified_translate,default_translate_fallback
a puxar => puxando,1,verified_translate,matched_manual_progressive_rule
a significar => significando,1,verified_translate,matched_manual_progressive_rule
que mandam => quem manda,1,verified_translate,default_translate_fallback
chamada => acionada,1,verified_translate,default_translate_fallback
a tornar se => virando,1,verified_translate,matched_manual_progressive_rule
∅ => seja falsa,1,verified_translate,matched_manual_null_rule
seja falso senao => se nao,1,verified_translate,default_translate_fallback
e iminente => eminente,1,verified_translate,default_translate_fallback
tu trabalhaste => vc trabalhou,1,verified_translate,default_translate_fallback
o => elegelo e se,1,verified_translate,default_translate_fallback
e te elegeres as custas => nas costas,1,verified_translate,default_translate_fallback
estas => tah,1,verified_translate,default_translate_fallback
ve => ∅,1,verified_translate,matched_manual_null_rule
estas a envergonhar => voce esta envergonhado,1,verified_translate,default_translate_fallback
esta a envergonhar => envergonhando,1,verified_translate,default_translate_fallback
∅ => pra ele,1,verified_translate,matched_manual_null_rule
qualquer => qqr,1,verified_translate,default_translate_fallback
a salvar vidas => salvando,1,verified_translate,matched_manual_progressive_rule
isto da => esse vi,1,verified_translate,default_translate_fallback
emigrarmos => a gente emigrar,1,verified_translate,default_translate_fallback
encontraram => acharam,1,verified_translate,default_translate_fallback
a divertir se no => curtindo o,1,verified_translate,default_translate_fallback
envia => manda,1,verified_translate,default_translate_fallback
ao => pro,1,verified_translate,default_translate_fallback
a derrubar este => derrubando esse,1,verified_translate,default_translate_fallback
tens de => vc tem que,1,verified_translate,default_translate_fallback
esta a passar => ta passando,1,verified_translate,default_translate_fallback
todos os quesitos => todo o quesito,1,verified_translate,default_translate_fallback
a privar => privando,1,verified_translate,matched_manual_progressive_rule
divergente => divergido,1,verified_translate,default_translate_fallback
malicia => maldade,1,verified_translate,default_translate_fallback
a concretizar => ∅,1,verified_translate,matched_manual_null_rule
∅ => concretizando,1,verified_translate,matched_manual_null_rule
estalo => tapa,1,verified_translate,default_translate_fallback
eua => usa,1,verified_translate,default_translate_fallback
tornar se => virar,1,verified_translate,default_translate_fallback
dele => do,1,verified_translate,default_translate_fallback
aborrecimento => saco,1,verified_translate,default_translate_fallback
mimimi a usar => mimi usando,1,verified_translate,default_translate_fallback
decide => decidi,1,verified_translate,default_translate_fallback
as tuas publicacoes => suas postagens,1,verified_translate,default_translate_fallback
colaboraram directa => colabararam direto,1,verified_translate,default_translate_fallback
a realizacao desta => o acontecimento dessa,1,verified_translate,default_translate_fallback
tenham => tome,1,verified_translate,default_translate_fallback
mota a assaltar => moto assaltando,1,verified_translate,default_translate_fallback
estao a ajuda los tambem => ajudando eles tbm,1,verified_translate,default_translate_fallback
marido => esposo,1,verified_translate,default_translate_fallback
por volta das => umas,1,verified_translate,default_translate_fallback
no => e,1,verified_translate,default_translate_fallback
∅ => nele,1,verified_translate,matched_manual_null_rule
beleza => blz me,1,verified_translate,default_translate_fallback
ao rendimento basico => a renda basica,1,verified_translate,default_translate_fallback
a achar => achando,1,verified_translate,matched_manual_progressive_rule
esta a ver => estam vendo,1,verified_translate,default_translate_fallback
esta a tomar => estam tomando,1,verified_translate,default_translate_fallback
parar => para,1,verified_translate,default_translate_fallback
saia => saiam,1,verified_translate,default_translate_fallback
temos de => temo que,1,verified_translate,default_translate_fallback
toda a => todas,1,verified_translate,default_translate_fallback
∅ => refere,1,verified_translate,matched_manual_null_rule
ha pessoas => tem gente,1,verified_translate,default_translate_fallback
estao loucas => ta louco,1,verified_translate,default_translate_fallback
tirassemos todos os meses => pegarmos todo mes,1,verified_translate,default_translate_fallback
a contribuir => contribuindo,1,verified_translate,matched_manual_progressive_rule
comentarios => comentario,1,verified_translate,default_translate_fallback
inteligentes => inteligente,1,verified_translate,default_translate_fallback
assustes => assuste,1,verified_translate,default_translate_fallback
se => seja,1,verified_translate,default_translate_fallback
dar => da,1,verified_translate,default_translate_fallback
mortes => morte,1,verified_translate,default_translate_fallback
travar => barra,1,verified_translate,default_translate_fallback
a estragar => ferrando com,1,verified_translate,default_translate_fallback
tomarmos => tomar mos,1,verified_translate,default_translate_fallback
vieram arranjar => veio arrumar,1,verified_translate,default_translate_fallback
esquecem => esquece,1,verified_translate,default_translate_fallback
partilhem com os vossos => repassem para seus,1,verified_translate,default_translate_fallback
ja tivemos => a gente teve,1,verified_translate,default_translate_fallback
nova fraude da => novo golpe do,1,verified_translate,default_translate_fallback
sofrerem => sofrer,1,verified_translate,default_translate_fallback
sigam => segue,1,verified_translate,default_translate_fallback
a imigrar para o => imigrando no,1,verified_translate,default_translate_fallback
ha quem defenda a => tem gente defendendo,1,verified_translate,default_translate_fallback
esta habituado => e acostumado,1,verified_translate,default_translate_fallback
ao => e,1,verified_translate,default_translate_fallback
voltaram => ∅,1,verified_translate,matched_manual_null_rule
∅ => viram,1,verified_translate,matched_manual_null_rule
quais sao => ∅,1,verified_translate,matched_manual_null_rule
os => meus,1,verified_translate,default_translate_fallback
receitaram => passaram,1,verified_translate,default_translate_fallback
para vermes => de verme,1,verified_translate,default_translate_fallback
atentos => espertos,1,verified_translate,default_translate_fallback
este => nesse,1,verified_translate,default_translate_fallback
poderao => poderam,1,verified_translate,default_translate_fallback
aldrabao => picareta,1,verified_translate,default_translate_fallback
descaradamente => na cara dura,1,verified_translate,default_translate_fallback
por => ao,1,verified_translate,default_translate_fallback
a uma => ∅,1,verified_translate,matched_manual_null_rule
aproveite o => aproveita,1,verified_translate,default_translate_fallback
aprova => libera,1,verified_translate,default_translate_fallback
com a => da,1,verified_translate,default_translate_fallback
a publicar => postando,1,verified_translate,matched_manual_progressive_rule
a fazerem => fazendo,1,verified_translate,matched_manual_progressive_rule
envolvem => engajam,1,verified_translate,default_translate_fallback
transmite => o repasse,1,verified_translate,default_translate_fallback
especialistas => especialista,1,verified_translate,default_translate_fallback
a dizer => da dizendo,1,verified_translate,matched_manual_progressive_rule
se curou da => sarou do,1,verified_translate,default_translate_fallback
que o => quero,1,verified_translate,default_translate_fallback
se => a cara,1,verified_translate,default_translate_fallback
aguardente => cachaca,1,verified_translate,matched_gpt_span
agentes da psp => pms,1,verified_translate,default_translate_fallback
a esquadra => na delegacia,1,verified_translate,default_translate_fallback
agente => pm,1,verified_translate,default_translate_fallback
insultou policias => xingou policiais civis,1,verified_translate,default_translate_fallback
inspectora => delegada,1,verified_translate,default_translate_fallback
esquadra => dp,1,verified_translate,default_translate_fallback
assembleia legislativa => alerj,1,verified_translate,default_translate_fallback
a fabricar => fabricando,1,verified_translate,matched_manual_progressive_rule
∅ => divulgue,1,verified_translate,matched_manual_null_rule
divulgue => ∅,1,verified_translate,matched_manual_null_rule
seguem os => segue,1,verified_translate,default_translate_fallback
para registar => pra registrar,1,verified_translate,default_translate_fallback
caracter => carater e,1,verified_translate,default_translate_fallback
escapa uma => escapam um,1,verified_translate,default_translate_fallback
concursos => licitacoes,1,verified_translate,default_translate_fallback
lixe => foda,1,verified_translate,default_translate_fallback
para fake => pra fale,1,verified_translate,default_translate_fallback
mata => matar,1,verified_translate,default_translate_fallback
∅ => duras,1,verified_translate,matched_manual_null_rule
duras => ∅,1,verified_translate,matched_manual_null_rule
dissesse => falasse,1,verified_translate,default_translate_fallback
lhe em cima => de pau,1,verified_translate,default_translate_fallback
diga => fale,1,verified_translate,default_translate_fallback
escarnio => deboche,1,verified_translate,default_translate_fallback
recomposicao => recompoe,1,verified_translate,default_translate_fallback
ladrao => ladra,1,verified_translate,default_translate_fallback
olha => oia,1,verified_translate,default_translate_fallback
tentam => tenta,1,verified_translate,default_translate_fallback
bandidos => bandido,1,verified_translate,default_translate_fallback
assassinos => assassino,1,verified_translate,default_translate_fallback
sao => saos,1,verified_translate,default_translate_fallback
ha de sobra para => tem sobrando pra,1,verified_translate,default_translate_fallback
a mostrar => mostrando,1,verified_translate,matched_manual_progressive_rule
queima => queimacao,1,verified_translate,default_translate_fallback
a frequentar => frequentado,1,verified_translate,default_translate_fallback
inacessiveis => inacessivel,1,verified_translate,default_translate_fallback
para => p,1,verified_translate,default_translate_fallback
camionistas vao => caminhoneiros vai,1,verified_translate,default_translate_fallback
frentes => frente,1,verified_translate,default_translate_fallback
pedidos de impeachment => impechmeny,1,verified_translate,default_translate_fallback
os que => q,1,verified_translate,default_translate_fallback
a entregar o => entregando,1,verified_translate,matched_manual_progressive_rule
a presenciar => presenciando,1,verified_translate,matched_manual_progressive_rule
habituar => ∅,1,verified_translate,matched_manual_null_rule
a estas => acostumar com essas,1,verified_translate,default_translate_fallback
lhe => pra ela,1,verified_translate,default_translate_fallback
sera que => ser qie,1,verified_translate,default_translate_fallback
solta => solto,1,verified_translate,default_translate_fallback
tomada => tomado,1,verified_translate,default_translate_fallback
serve um => ∅,1,verified_translate,matched_manual_null_rule
lixados => fudidos,1,verified_translate,default_translate_fallback
o nosso tribunal => a nossa corte,1,verified_translate,default_translate_fallback
cheio => recheada,1,verified_translate,default_translate_fallback
a enganar => enganando,1,verified_translate,matched_manual_progressive_rule
o encerramento => fechamento,1,verified_translate,default_translate_fallback
os shoppings => shopping,1,verified_translate,default_translate_fallback
apanhas => voce pega,1,verified_translate,default_translate_fallback
passas => passa,1,verified_translate,default_translate_fallback
de cama => acamados,1,verified_translate,default_translate_fallback
correr bem => der certo,1,verified_translate,default_translate_fallback
te a ti => vc,1,verified_translate,default_translate_fallback
amas => vc ama,1,verified_translate,default_translate_fallback
organizacao => da cao,1,verified_translate,default_translate_fallback
saude em => sau,1,verified_translate,default_translate_fallback
sanguessugas => sangue sugas,1,verified_translate,default_translate_fallback
preocupar => ∅,1,verified_translate,matched_manual_null_rule
∅ => importar,1,verified_translate,matched_manual_null_rule
projecto sequer => projeto se quer,1,verified_translate,default_translate_fallback
a diagnosticar => diagnosticando,1,verified_translate,matched_manual_progressive_rule
independentemente => independente,1,verified_translate,default_translate_fallback
mas quiseste => mais voce quis,1,verified_translate,default_translate_fallback
maior => mais longo,1,verified_translate,default_translate_fallback
traiste => traiu,1,verified_translate,default_translate_fallback
fosse => e,1,verified_translate,default_translate_fallback
redondamente => feio,1,verified_translate,default_translate_fallback
se completamente => feio,1,verified_translate,default_translate_fallback
prol dos => proldos,1,verified_translate,default_translate_fallback
guerras => ∅,1,verified_translate,matched_manual_null_rule
exploracao mediatica => exporacao midiatica,1,verified_translate,default_translate_fallback
esta bem => ta legal,1,verified_translate,default_translate_fallback
∅ => paralisou,1,verified_translate,matched_manual_null_rule
paralisaram => ∅,1,verified_translate,matched_manual_null_rule
mesmo muito => ∅,1,verified_translate,matched_manual_null_rule
∅ => para caramba,1,verified_translate,matched_manual_null_rule
tenho feito => to fazendo,1,verified_translate,default_translate_fallback
porque => quando,1,verified_translate,default_translate_fallback
lembrar => lembra,1,verified_translate,default_translate_fallback
hipotese => chance,1,verified_translate,default_translate_fallback
enviem => envie,1,verified_translate,default_translate_fallback
otario para => trouxa pra,1,verified_translate,default_translate_fallback
a esvaziar => esvaziando,1,verified_translate,matched_manual_progressive_rule
responsavel => encarregado,1,verified_translate,default_translate_fallback
uma unidade de saude => upa,1,verified_translate,default_translate_fallback
estar => esta,1,verified_translate,default_translate_fallback
entubado => entubados,1,verified_translate,default_translate_fallback
a vivenciar => vivenciando,1,verified_translate,matched_manual_progressive_rule
de agua => dagua,1,verified_translate,default_translate_fallback
a falar => fala,1,verified_translate,default_translate_fallback
a inventar => inventa,1,verified_translate,default_translate_fallback
ai => aii,1,verified_translate,default_translate_fallback
porque perderam => porq perdeu,1,verified_translate,default_translate_fallback
ha tantos robos => tem tto robo,1,verified_translate,default_translate_fallback
fazem => faz,1,verified_translate,default_translate_fallback
∅ => ao inves disso temos,1,verified_translate,matched_manual_null_rule
em vez disso temos => ∅,1,verified_translate,matched_manual_null_rule
a adjetivar => adjetivando,1,verified_translate,matched_manual_progressive_rule
atinjam => atinja,1,verified_translate,default_translate_fallback
estas => essa,1,verified_translate,default_translate_fallback
divididas por => dividida para,1,verified_translate,default_translate_fallback
reencaminhem => repassem,1,verified_translate,default_translate_fallback
presos => presidiarios,1,verified_translate,default_translate_fallback
remos => remo,1,verified_translate,default_translate_fallback
perdem => perde,1,verified_translate,default_translate_fallback
presidentes de camara exigem transferencia => prefeitos cobram repasse,1,verified_translate,default_translate_fallback
forem feitas => for feita,1,verified_translate,default_translate_fallback
feitas => feito,1,verified_translate,default_translate_fallback
providencias judiciais => liminares na justica,1,verified_translate,default_translate_fallback
pensamento tao => pensamentotao,1,verified_translate,default_translate_fallback
vivant => vivan,1,verified_translate,default_translate_fallback
que va => queva,1,verified_translate,default_translate_fallback
de => dar,1,verified_translate,default_translate_fallback
desta porcaria => dessa porra,1,verified_translate,default_translate_fallback
∅ => fodah,1,verified_translate,matched_manual_null_rule
incrivel => ∅,1,verified_translate,matched_manual_null_rule
proteger => blindar,1,verified_translate,default_translate_fallback
discuto => brigo,1,verified_translate,default_translate_fallback
bem => sussa,1,verified_translate,default_translate_fallback
asneiras => besteira,1,verified_translate,default_translate_fallback
policia a matar => policial matando,1,verified_translate,default_translate_fallback
mimimi que => mimi q,1,verified_translate,default_translate_fallback
atencao ao => atentem para o,1,verified_translate,default_translate_fallback
isto esta => isso ta,1,verified_translate,default_translate_fallback
fecharem => ∅,1,verified_translate,matched_manual_null_rule
num => trancarem em um,1,verified_translate,default_translate_fallback
sairem => sair,1,verified_translate,default_translate_fallback
∅ => pior,1,verified_translate,matched_manual_null_rule
pior => ∅,1,verified_translate,matched_manual_null_rule
baseiem no => baseiam em,1,verified_translate,default_translate_fallback
um medicamento barato => uma droga barata,1,verified_translate,default_translate_fallback
le => leia,1,verified_translate,default_translate_fallback
entende => entenda,1,verified_translate,default_translate_fallback
e => o,1,verified_translate,default_translate_fallback
veem => enxergam,1,verified_translate,default_translate_fallback
acordarem => acordar,1,verified_translate,default_translate_fallback
∅ => conserve,1,verified_translate,matched_manual_null_rule
conserve => ∅,1,verified_translate,matched_manual_null_rule
apresentaram => apresentou,1,verified_translate,default_translate_fallback
camionistas => caminhoneiros,1,verified_translate,default_translate_fallback
a marchar => machando,1,verified_translate,matched_manual_progressive_rule
te ocupes => se ocupe,1,verified_translate,default_translate_fallback
publicacoes desnecessarias => postagem desnecessaria,1,verified_translate,default_translate_fallback
mencionas => menciona,1,verified_translate,default_translate_fallback
acrescentam => acrescenta,1,verified_translate,default_translate_fallback
o instituto => instituo,1,verified_translate,default_translate_fallback
adorei => amei,1,verified_translate,default_translate_fallback
por este => para esse,1,verified_translate,default_translate_fallback
assim => ∅,1,verified_translate,matched_manual_null_rule
∅ => assim,1,verified_translate,matched_manual_null_rule
otimistas => otimista,1,verified_translate,default_translate_fallback
a => o que,1,verified_translate,default_translate_fallback
pela falta de respeito => pelos desrespeito,1,verified_translate,default_translate_fallback
enquanto perdes => em quanto voce perde,1,verified_translate,default_translate_fallback
lancou este => jogos esse,1,verified_translate,default_translate_fallback
quando o => qdo,1,verified_translate,default_translate_fallback
armada em => metida a,1,verified_translate,default_translate_fallback
o que => oq,1,verified_translate,default_translate_fallback
estas a tornar te => voce esta se tornando,1,verified_translate,default_translate_fallback
a tua guerrinha => sua briguinha,1,verified_translate,default_translate_fallback
picardia => alfinetadinha,1,verified_translate,default_translate_fallback
∅ => vamos,1,verified_translate,matched_manual_null_rule
e preocupante => a deixar preocupado,1,verified_translate,default_translate_fallback
tu tens => voce tem,1,verified_translate,default_translate_fallback
tua parte => sua parcela,1,verified_translate,default_translate_fallback
chega esta bem => basta ta bom,1,verified_translate,default_translate_fallback
impunes => impune,1,verified_translate,default_translate_fallback
homem => home,1,verified_translate,default_translate_fallback
sequer => se quer,1,verified_translate,default_translate_fallback
estamos consigo => tamo com a senhora,1,verified_translate,default_translate_fallback
damos => ∅,1,verified_translate,matched_manual_null_rule
∅ => daremos,1,verified_translate,matched_manual_null_rule
da covid => dacovid,1,verified_translate,default_translate_fallback
engracado => legal,1,verified_translate,default_translate_fallback
esta a sofrer => ta sofrendo,1,verified_translate,default_translate_fallback
pele => pela,1,verified_translate,default_translate_fallback
meteu => enfiou,1,verified_translate,default_translate_fallback
a accao => acao,1,verified_translate,default_translate_fallback
a aterrorizar => aterrorizando,1,verified_translate,matched_manual_progressive_rule
continuas a fazer => continua fazendo,1,verified_translate,default_translate_fallback
foste => voce foi,1,verified_translate,default_translate_fallback
continua => continue,1,verified_translate,default_translate_fallback
crm cassado => cem cacado,1,verified_translate,default_translate_fallback
deixarem => pararem,1,verified_translate,default_translate_fallback
peco => me,1,verified_translate,default_translate_fallback
estao a querer => tao querendo,1,verified_translate,default_translate_fallback
vossas => ∅,1,verified_translate,matched_manual_null_rule
aproveitam => ∅,1,verified_translate,matched_manual_null_rule
∅ => aproveita,1,verified_translate,matched_manual_null_rule
este => isso,1,verified_translate,default_translate_fallback
esta a querer => eta e querendo,1,verified_translate,default_translate_fallback
chinesa => chinesaa,1,verified_translate,default_translate_fallback
com esse => em cima desse,1,verified_translate,default_translate_fallback
vinda da => vindi daa,1,verified_translate,default_translate_fallback
foi enganado => foram enganados,1,verified_translate,default_translate_fallback
deviam ter vergonha => deveriam se envergonhar,1,verified_translate,default_translate_fallback
ver => verem,1,verified_translate,default_translate_fallback
reelejam => reeleja,1,verified_translate,default_translate_fallback
deixo => deixe,1,verified_translate,default_translate_fallback
gratis esta a tomar => dgratizzz ta tomando,1,verified_translate,default_translate_fallback
esta a recusar => negando,1,verified_translate,default_translate_fallback
com contrato assinado => de carteira assinada,1,verified_translate,default_translate_fallback
prejudicados => prejudicado,1,verified_translate,default_translate_fallback
vivem a defende los => vive defendendo ele,1,verified_translate,default_translate_fallback
cade => kd,1,verified_translate,default_translate_fallback
a trair o => traindo,1,verified_translate,matched_manual_progressive_rule
oucam => escute,1,verified_translate,default_translate_fallback
presidentes de camara => prefeitos se,1,verified_translate,default_translate_fallback
se aos => para os,1,verified_translate,default_translate_fallback
trabalhadores porque => trabalhador pq,1,verified_translate,default_translate_fallback
trabalhadora => trabalhador,1,verified_translate,default_translate_fallback
madrugada desta => madruga dessa,1,verified_translate,default_translate_fallback
maestro => regente,1,verified_translate,default_translate_fallback
se para => pra,1,verified_translate,default_translate_fallback
pais o => pai,1,verified_translate,default_translate_fallback
amazonia por => amazo,1,verified_translate,default_translate_fallback
atitude este => ∅,1,verified_translate,matched_manual_null_rule
percebeu => entendeu,1,verified_translate,default_translate_fallback
pancada => porrada,1,verified_translate,default_translate_fallback
em => se,1,verified_translate,default_translate_fallback
acedam => acessem,1,verified_translate,default_translate_fallback
a frequentar => cursando,1,verified_translate,matched_manual_progressive_rule
a brincar => de brincadeira,1,verified_translate,default_translate_fallback
para apanhar o cabaz basico => pra pegar a cesta basica,1,verified_translate,default_translate_fallback
a borrifar => ∅,1,verified_translate,matched_manual_null_rule
∅ => cagando,1,verified_translate,matched_manual_null_rule
∅ => esses,1,verified_translate,matched_manual_null_rule
nao e => neh,1,verified_translate,default_translate_fallback
desnecessarias => desnecessario,1,verified_translate,default_translate_fallback
tuas publicacoes => suas postagens,1,verified_translate,default_translate_fallback
miuda => guria,1,verified_translate,default_translate_fallback
estao a acrescentar => esta agregando,1,verified_translate,default_translate_fallback
estas a desgastar te => vc esta se desgastando,1,verified_translate,default_translate_fallback
que e => q,1,verified_translate,default_translate_fallback
com o => de,1,verified_translate,default_translate_fallback
imparciais deste => imparcial desse,1,verified_translate,default_translate_fallback
a iniciar => iniciando,1,verified_translate,matched_manual_progressive_rule
hein => heim,1,verified_translate,default_translate_fallback
passada para => passa,1,verified_translate,default_translate_fallback
programas => programa,1,verified_translate,default_translate_fallback
cresce => cresca,1,verified_translate,default_translate_fallback
estuda => estude,1,verified_translate,default_translate_fallback
cria => crie,1,verified_translate,default_translate_fallback
estivessem => estivesse,1,verified_translate,default_translate_fallback
a resultar => dando certo,1,verified_translate,default_translate_fallback
estao a organizar => tao organizando,1,verified_translate,default_translate_fallback
transmitem => transmite,1,verified_translate,default_translate_fallback
a ligar => ligando,1,verified_translate,matched_manual_progressive_rule
dinheiro => grana,1,verified_translate,default_translate_fallback
dirigirem => dirigir,1,verified_translate,default_translate_fallback
a receber ordens => recebendo ordem,1,verified_translate,default_translate_fallback
discoteca => danceteria,1,verified_translate,default_translate_fallback
poe => poem,1,verified_translate,default_translate_fallback
habib s => habibis,1,verified_translate,default_translate_fallback
tvs => tv,1,verified_translate,default_translate_fallback
passam => passa,1,verified_translate,default_translate_fallback
a obrigar => obrigando,1,verified_translate,matched_manual_progressive_rule
a ficarem => ficar,1,verified_translate,default_translate_fallback
nos olhos => no olhoas,1,verified_translate,default_translate_fallback
chapeu => chapel,1,verified_translate,default_translate_fallback
a exagerar => exagerando,1,verified_translate,matched_manual_progressive_rule
unimo nos => unimos,1,verified_translate,default_translate_fallback
fortes => forte,1,verified_translate,default_translate_fallback
comunistas => comunista,1,verified_translate,default_translate_fallback
verem a => ve,1,verified_translate,default_translate_fallback
alfabetizar => alfabetizando,1,verified_translate,default_translate_fallback
beijinhos => bjs,1,verified_translate,default_translate_fallback
uma coisa => um,1,verified_translate,default_translate_fallback
a outra => o outro,1,verified_translate,default_translate_fallback
confinamento => lockdown,1,verified_translate,default_translate_fallback
choramingas => mimizenta,1,verified_translate,default_translate_fallback
caracas => caralho,1,verified_translate,default_translate_fallback
a fugir para o => fugindo pro,1,verified_translate,default_translate_fallback
torces para => tu torce pra,1,verified_translate,default_translate_fallback
corra mal => de merda,1,verified_translate,default_translate_fallback
nenhum => nem uma,1,verified_translate,default_translate_fallback
porque querem => pq quer,1,verified_translate,default_translate_fallback
para voces => pra vcs,1,verified_translate,default_translate_fallback
na vossa => em sua,1,verified_translate,default_translate_fallback
a ser => srndo,1,verified_translate,default_translate_fallback
sida => aides,1,verified_translate,default_translate_fallback
diz o mesmo => fala a mesma coisa,1,verified_translate,default_translate_fallback
vai => vao,1,verified_translate,default_translate_fallback
festejar o => pular,1,verified_translate,default_translate_fallback
deste presidente da camara => desse prefeito,1,verified_translate,default_translate_fallback
a usar a => usando,1,verified_translate,matched_manual_progressive_rule
plena => sa,1,verified_translate,default_translate_fallback
negros => negro,1,verified_translate,default_translate_fallback
matar tambem => mata tbem,1,verified_translate,default_translate_fallback
me representas => mim representa,1,verified_translate,default_translate_fallback
fixe => legal,1,verified_translate,default_translate_fallback
aprendes => aprende,1,verified_translate,default_translate_fallback
arrepende te => se arrenda,1,verified_translate,default_translate_fallback
de repente ja => derrepente,1,verified_translate,default_translate_fallback
doentes => doente,1,verified_translate,default_translate_fallback
de => toalha para,1,verified_translate,default_translate_fallback
por perder => perdendo,1,verified_translate,default_translate_fallback
complicas te => voce se complica,1,verified_translate,default_translate_fallback
pais => pai,1,verified_translate,default_translate_fallback
te => voce,1,verified_translate,default_translate_fallback
∅ => eaqui,1,verified_translate,matched_manual_null_rule
e aqui => ∅,1,verified_translate,matched_manual_null_rule
homem esta a plantar => cara ta plantando,1,verified_translate,default_translate_fallback
esta quinta => essa fazenda,1,verified_translate,default_translate_fallback
o entusiasmo => a empolgacao,1,verified_translate,default_translate_fallback
∅ => comecando,1,verified_translate,matched_manual_null_rule
comecar a ganhar => pegar,1,verified_translate,default_translate_fallback
ti => vc eu te,1,verified_translate,default_translate_fallback
estas a tornar te => vc esta se tornando,1,verified_translate,default_translate_fallback
mimimis faz o teu => mimimi faca seu,1,verified_translate,default_translate_fallback
para => pare,1,verified_translate,default_translate_fallback
acorda => se liga,1,verified_translate,default_translate_fallback
quanta => qta,1,verified_translate,default_translate_fallback
coquinhos => coquinho,1,verified_translate,default_translate_fallback
conversa fiada => papo furado,1,verified_translate,default_translate_fallback
por incompetentes => porincompetentes,1,verified_translate,default_translate_fallback
bandidos que => bandidod q,1,verified_translate,default_translate_fallback
com => dom,1,verified_translate,default_translate_fallback
decrepito que => decrepto,1,verified_translate,default_translate_fallback
publicarei => postarei,1,verified_translate,default_translate_fallback
brasileiros => brasileiro,1,verified_translate,default_translate_fallback
a incomodar => incomodando,1,verified_translate,matched_manual_progressive_rule
a voltar => voltando,1,verified_translate,matched_manual_progressive_rule
inteiro sabemos => todo sabe,1,verified_translate,default_translate_fallback
faccao criminosa roubou => faquicao criminosso reubou,1,verified_translate,default_translate_fallback
deixou => daquio,1,verified_translate,default_translate_fallback
na miseria => ∅,1,verified_translate,matched_manual_null_rule
criar => casar,1,verified_translate,default_translate_fallback
e destruiram => destruiu o d,1,verified_translate,default_translate_fallback
esforca ao maximo para => mata procurando,1,verified_translate,default_translate_fallback
tenham juizo => se toquem,1,verified_translate,default_translate_fallback
asneiras => merda,1,verified_translate,default_translate_fallback
mil milhoes de reais => bi,1,verified_translate,default_translate_fallback
fiquei desiludido => eu me decepcionei,1,verified_translate,default_translate_fallback
sobre os => dos,1,verified_translate,default_translate_fallback
∅ => o de,1,verified_translate,matched_manual_null_rule
de continuarem => continuar,1,verified_translate,default_translate_fallback
milhoes => milho alguns o covid 19 nao e tao ruim uma,1,verified_translate,default_translate_fallback
plena => tempo de,1,verified_translate,default_translate_fallback
vamos percebendo => a gente vai vendo,1,verified_translate,default_translate_fallback
veja => enxergue,1,verified_translate,default_translate_fallback
disse isto => falou,1,verified_translate,default_translate_fallback
este medicamento => essa droga,1,verified_translate,default_translate_fallback
por que motivo => o pq do,1,verified_translate,default_translate_fallback
esta a ser usado de forma profilatica => uso profilatico,1,verified_translate,default_translate_fallback
por que motivo => pq,1,verified_translate,default_translate_fallback
esta a ser => estaria sendo,1,verified_translate,default_translate_fallback
demonio => capeta,1,verified_translate,default_translate_fallback
esta a concorrer => ta concorrendo,1,verified_translate,default_translate_fallback
esta a procura de => ta procurando,1,verified_translate,default_translate_fallback
a competir => competindo,1,verified_translate,matched_manual_progressive_rule
dizer => falando,1,verified_translate,default_translate_fallback
irem => ir,1,verified_translate,default_translate_fallback
te fazeres => voce de fazer,1,verified_translate,default_translate_fallback
vos => te,1,verified_translate,default_translate_fallback
a investir => investindo,1,verified_translate,matched_manual_progressive_rule
evidenciar => botar,1,verified_translate,default_translate_fallback
nos espera => no aguarda,1,verified_translate,default_translate_fallback
outro => outra,1,verified_translate,default_translate_fallback
a discursar => discursando,1,verified_translate,matched_manual_progressive_rule
a chorar => ∅,1,verified_translate,matched_manual_null_rule
a lutar => chorando e brigando,1,verified_translate,matched_manual_progressive_rule
importamo => ∅,1,verified_translate,matched_manual_null_rule
∅ => importamos,1,verified_translate,matched_manual_null_rule
depois disso => apos isso,1,verified_translate,default_translate_fallback
vejo => assisto,1,verified_translate,default_translate_fallback
com => c,1,verified_translate,default_translate_fallback
fascistas => fascista,1,verified_translate,default_translate_fallback
ficam => sao,1,verified_translate,default_translate_fallback
chamar lhe ia => o chamaria de,1,verified_translate,default_translate_fallback
palpites => chutes,1,verified_translate,default_translate_fallback
concurso => concursos,1,verified_translate,default_translate_fallback
eurocentrados => euro centrado,1,verified_translate,default_translate_fallback
verifique => verifica,1,verified_translate,default_translate_fallback
o apoiarem numa => apoia lo em uma,1,verified_translate,default_translate_fallback
a ocultar => ocultando,1,verified_translate,matched_manual_progressive_rule
racista => racistas,1,verified_translate,default_translate_fallback
esta a vir para => ta vindo pra,1,verified_translate,default_translate_fallback
publicar => postar,1,verified_translate,default_translate_fallback
para a => pro,1,verified_translate,default_translate_fallback
limpeza => faxina,1,verified_translate,default_translate_fallback
a alimentar => alimentando,1,verified_translate,matched_manual_progressive_rule
acredito => creio nao,1,verified_translate,default_translate_fallback
for preciso => precisar,1,verified_translate,default_translate_fallback
de => q,1,verified_translate,default_translate_fallback
nos lembremos deste => vamos lembrar desse,1,verified_translate,default_translate_fallback
nos lembramos => a gente lembra,1,verified_translate,default_translate_fallback
∅ => que voces venham,1,verified_translate,matched_manual_null_rule
como para => quanto pra,1,verified_translate,default_translate_fallback
grande => grandr,1,verified_translate,default_translate_fallback
fala para nos => faka pra gente,1,verified_translate,default_translate_fallback
foi => fa ao,1,verified_translate,default_translate_fallback
estou decepcionada => to deceocionada,1,verified_translate,default_translate_fallback
porque tambem => pq tbm,1,verified_translate,default_translate_fallback
torna => faze,1,verified_translate,default_translate_fallback
so com => soh cm,1,verified_translate,default_translate_fallback
nao e => n eh,1,verified_translate,default_translate_fallback
fundo para => fundao epara,1,verified_translate,default_translate_fallback
mil milhoes que => bilhoes q,1,verified_translate,default_translate_fallback
esta a espera => ta esperando,1,verified_translate,default_translate_fallback
grande => baita,1,verified_translate,default_translate_fallback
fez => feis,1,verified_translate,default_translate_fallback
trabalhadores => trabalhador,1,verified_translate,default_translate_fallback
decimo terceiro => desimo traseiro,1,verified_translate,default_translate_fallback
ate => ater,1,verified_translate,default_translate_fallback
horas => hora,1,verified_translate,default_translate_fallback
acontecer neste => com ter sendo nesse,1,verified_translate,default_translate_fallback
a acreditar => acredetano,1,verified_translate,default_translate_fallback
assim => se l,1,verified_translate,default_translate_fallback
beijinho para ti => beijao pra vc,1,verified_translate,default_translate_fallback
contigo => com vc,1,verified_translate,default_translate_fallback
ovos => ovo,1,verified_translate,default_translate_fallback
∅ => dna,1,verified_translate,matched_manual_null_rule
dona => ∅,1,verified_translate,matched_manual_null_rule
mortalidade => mortalidas,1,verified_translate,default_translate_fallback
esterlina => esterlinas,1,verified_translate,default_translate_fallback
o => p,1,verified_translate,default_translate_fallback
valores => valor,1,verified_translate,default_translate_fallback
para => em,1,verified_translate,default_translate_fallback
reportagem => materia,1,verified_translate,default_translate_fallback
supervirus => super virus,1,verified_translate,default_translate_fallback
a estimular => estimulan,1,verified_translate,default_translate_fallback
sair => ∅,1,verified_translate,matched_manual_null_rule
preste => presta,1,verified_translate,default_translate_fallback
perceba => entenda,1,verified_translate,default_translate_fallback
travoes => freios,1,verified_translate,default_translate_fallback
discutido => brigado,1,verified_translate,default_translate_fallback
mas => voce mais,1,verified_translate,default_translate_fallback
o => seu,1,verified_translate,default_translate_fallback
as => suas,1,verified_translate,default_translate_fallback
falecidos => falecido,1,verified_translate,default_translate_fallback
atirando se => pulando,1,verified_translate,default_translate_fallback
ficar => fica,1,verified_translate,default_translate_fallback
a conversa => o bate papo,1,verified_translate,default_translate_fallback
dos meses => do mes,1,verified_translate,default_translate_fallback
calhar => duvidar nao sabe,1,verified_translate,default_translate_fallback
sabe => ∅,1,verified_translate,matched_manual_null_rule
das cuecas para => da calcinha pra,1,verified_translate,default_translate_fallback
a opinar => opinando,1,verified_translate,matched_manual_progressive_rule
mas para => pra,1,verified_translate,default_translate_fallback
e => en,1,verified_translate,default_translate_fallback
acabaram => acabou,1,verified_translate,default_translate_fallback
nas tintas => lixando,1,verified_translate,default_translate_fallback
no rabo => na bunda,1,verified_translate,default_translate_fallback
esta a melhorar => ta melhorando,1,verified_translate,default_translate_fallback
empresas publicas => estatais,1,verified_translate,default_translate_fallback
nas => ∅,1,verified_translate,matched_manual_null_rule
a falar de uma => falando em,1,verified_translate,default_translate_fallback
teriam => teria,1,verified_translate,default_translate_fallback
tens => vc tem,1,verified_translate,default_translate_fallback
pontos => pingos,1,verified_translate,default_translate_fallback
preocupado => importando,1,verified_translate,default_translate_fallback
nao => n,1,verified_translate,default_translate_fallback
houve => teve,1,verified_translate,default_translate_fallback
nao demonstram => n demostram,1,verified_translate,default_translate_fallback
tornou se viral => virou,1,verified_translate,default_translate_fallback
virou => de vira,1,verified_translate,default_translate_fallback
serias tu => seria vc,1,verified_translate,default_translate_fallback
que tu => q,1,verified_translate,default_translate_fallback
a tua malta querem => sua galera quer,1,verified_translate,default_translate_fallback
tudo de bom => todo o bem do mundo,1,verified_translate,default_translate_fallback
administrada => administrado,1,verified_translate,default_translate_fallback
porque => pq ele,1,verified_translate,default_translate_fallback
dinheiro para andar por ai o => grana pra ficar batendo perna,1,verified_translate,default_translate_fallback
sao tratados => e tratado,1,verified_translate,default_translate_fallback
defendem => defende,1,verified_translate,default_translate_fallback
ao => em,1,verified_translate,default_translate_fallback
a defenderem => defendendo,1,verified_translate,matched_manual_progressive_rule
conhecem => conhece,1,verified_translate,default_translate_fallback
∅ => faltam,1,verified_translate,matched_manual_null_rule
precisam => ∅,1,verified_translate,matched_manual_null_rule
colocam => lancam,1,verified_translate,default_translate_fallback
devias => voce deveria,1,verified_translate,default_translate_fallback
possamos => possa,1,verified_translate,default_translate_fallback
mensagens => mensagem,1,verified_translate,default_translate_fallback
publicacoes => postagem,1,verified_translate,default_translate_fallback
infetado pela => infectado pelo,1,verified_translate,default_translate_fallback
ser => serr,1,verified_translate,default_translate_fallback
para impedir => pra deter,1,verified_translate,default_translate_fallback
caso => do,1,verified_translate,default_translate_fallback
comunismo => comunismos,1,verified_translate,default_translate_fallback
se lixar => te lascar,1,verified_translate,default_translate_fallback
com este => esse,1,verified_translate,default_translate_fallback
devido a => por motivo do,1,verified_translate,default_translate_fallback
ficarem => ficar,1,verified_translate,default_translate_fallback
∅ => possa participar delas,1,verified_translate,matched_manual_null_rule
podem participar nelas => ∅,1,verified_translate,matched_manual_null_rule
diz sobre a => fala da,1,verified_translate,default_translate_fallback
com o objetivo de obter => objetivando,1,verified_translate,default_translate_fallback
como acontece => a exemplo do ocorre,1,verified_translate,default_translate_fallback
destinados ao => voltados para o,1,verified_translate,default_translate_fallback
lamento => lastimo,1,verified_translate,default_translate_fallback
grossistas => atacadistas,1,verified_translate,default_translate_fallback
toda a gente => todo,1,verified_translate,default_translate_fallback
querer => quer,1,verified_translate,default_translate_fallback
envie => mande,1,verified_translate,default_translate_fallback
whatsapp => zap,1,verified_translate,default_translate_fallback
criminosos => criminos,1,verified_translate,default_translate_fallback
que e que => qie,1,verified_translate,default_translate_fallback
nao => nw,1,verified_translate,default_translate_fallback
brasil => brasi,1,verified_translate,default_translate_fallback
quanto => qto,1,verified_translate,default_translate_fallback
resta ajoelharmo nos => ajoelharmos,1,verified_translate,default_translate_fallback
de protecao => desprotecao,1,verified_translate,default_translate_fallback
a vender => vendendo,1,verified_translate,matched_manual_progressive_rule
paga => pagar,1,verified_translate,default_translate_fallback
se la => ∅,1,verified_translate,matched_manual_null_rule
isto => essa,1,verified_translate,default_translate_fallback
indole => indoli,1,verified_translate,default_translate_fallback
ficamos => ∅,1,verified_translate,matched_manual_null_rule
pensar => gente fica pensando,1,verified_translate,default_translate_fallback
∅ => eu fiz um constatacao,1,verified_translate,matched_manual_null_rule
fiz uma constatacao => ∅,1,verified_translate,matched_manual_null_rule
esta toda a gente preocupada => ta todo mundo preocupado,1,verified_translate,default_translate_fallback
chatear => encher,1,verified_translate,default_translate_fallback
forca => ∅,1,verified_translate,matched_manual_null_rule
∅ => manda ver,1,verified_translate,matched_manual_null_rule
lixar => ferrar,1,verified_translate,default_translate_fallback
encher se => entupir,1,verified_translate,default_translate_fallback
disfarcado => fantasiado,1,verified_translate,default_translate_fallback
online diz => on line fala,1,verified_translate,default_translate_fallback
diz disparates => fala besteira,1,verified_translate,default_translate_fallback
es => vc e,1,verified_translate,default_translate_fallback
a publicar => em postar,1,verified_translate,default_translate_fallback
a aguardar o teu => esperando seu,1,verified_translate,default_translate_fallback
por => sobre,1,verified_translate,default_translate_fallback
credito => creditos,1,verified_translate,default_translate_fallback
numa => num,1,verified_translate,default_translate_fallback
pequenas => miudas,1,verified_translate,default_translate_fallback
arranjar => cacar,1,verified_translate,default_translate_fallback
que va => deixa ela,1,verified_translate,default_translate_fallback
para => pra ela,1,verified_translate,default_translate_fallback
ha pessoas a governar => tem gente governando,1,verified_translate,default_translate_fallback
conseguem dizer => consegue falar,1,verified_translate,default_translate_fallback
permitir => liberar,1,verified_translate,default_translate_fallback
levantamento => saque,1,verified_translate,default_translate_fallback
o presidente da camara => prefeito,1,verified_translate,default_translate_fallback
circula => corre,1,verified_translate,default_translate_fallback
numa quinta => em uma chacara,1,verified_translate,default_translate_fallback
na localidade de => no povoado,1,verified_translate,default_translate_fallback
de ter => que tem,1,verified_translate,default_translate_fallback
batas => jalecos,1,verified_translate,default_translate_fallback
plena => meio a,1,verified_translate,default_translate_fallback
despedidos => demitidos,1,verified_translate,default_translate_fallback
vai => cai,1,verified_translate,default_translate_fallback
muitas fake news => muitos faknews,1,verified_translate,default_translate_fallback
imagina => imagine,1,verified_translate,default_translate_fallback
acalmarem => ∅,1,verified_translate,matched_manual_null_rule
∅ => acalmar,1,verified_translate,matched_manual_null_rule
rigoroso com => rigorosocom,1,verified_translate,default_translate_fallback
o recepcionar => recepciona lo,1,verified_translate,default_translate_fallback
na melhoria => a melhora,1,verified_translate,default_translate_fallback
comunica te => se comunique,1,verified_translate,default_translate_fallback
fala do => fale o,1,verified_translate,default_translate_fallback
∅ => as suas,1,verified_translate,matched_manual_null_rule
as tuas => ∅,1,verified_translate,matched_manual_null_rule
a pensar em => pensando,1,verified_translate,matched_manual_progressive_rule
outro => coisa,1,verified_translate,default_translate_fallback
terminar a ligacao => encerrar o vinculo,1,verified_translate,default_translate_fallback
acertarem a informacao => acertar as informacoes,1,verified_translate,default_translate_fallback
a usar de ironia => sendo ironico,1,verified_translate,default_translate_fallback
proposta => propostas,1,verified_translate,default_translate_fallback
arrebentar => acabar,1,verified_translate,default_translate_fallback
admira => e de se admirar,1,verified_translate,default_translate_fallback
genericamente => de forma geral,1,verified_translate,default_translate_fallback
prestacoes => atuacoes,1,verified_translate,default_translate_fallback
conhece => conheca,1,verified_translate,default_translate_fallback
infestantes => plantas daninhas,1,verified_translate,default_translate_fallback
acabas => acaba se,1,verified_translate,default_translate_fallback
no tacho => na panela,1,verified_translate,default_translate_fallback
isto num sitio qualquer => isso em algum lugar,1,verified_translate,default_translate_fallback
uns tempos => um tempo,1,verified_translate,default_translate_fallback
peditorios => vaquinha,1,verified_translate,default_translate_fallback
se calhar => acho que,1,verified_translate,default_translate_fallback
um peditorio => uma vaquinha,1,verified_translate,default_translate_fallback
as propinas => minha faculdade,1,verified_translate,default_translate_fallback
∅ => estresse,1,verified_translate,matched_manual_null_rule
stress => ∅,1,verified_translate,matched_manual_null_rule
ponha => coloque,1,verified_translate,default_translate_fallback
se nao => lugar senao,1,verified_translate,default_translate_fallback
vincada => marcada,1,verified_translate,default_translate_fallback
formacao => a base,1,verified_translate,default_translate_fallback
tapar => fechar os,1,verified_translate,default_translate_fallback
fode => ferra,1,verified_translate,default_translate_fallback
ha mt => tem muito,1,verified_translate,default_translate_fallback
falha => erra,1,verified_translate,default_translate_fallback
via => assistia a,1,verified_translate,default_translate_fallback
ver => ∅,1,verified_translate,matched_manual_null_rule
∅ => assistir,1,verified_translate,matched_manual_null_rule
sim => ta,1,verified_translate,default_translate_fallback
parvas => bobas,1,verified_translate,default_translate_fallback
subida de => aumento no,1,verified_translate,default_translate_fallback
lhes => a elas,1,verified_translate,default_translate_fallback
pretendem => querem,1,verified_translate,default_translate_fallback
ambito => escopo,1,verified_translate,default_translate_fallback
trata => lida com,1,verified_translate,default_translate_fallback
atencao q => mente que,1,verified_translate,default_translate_fallback
c => com,1,verified_translate,default_translate_fallback
tempo => tempos,1,verified_translate,default_translate_fallback
descer => cair,1,verified_translate,default_translate_fallback
viste a => viu,1,verified_translate,default_translate_fallback
boca => critica,1,verified_translate,default_translate_fallback
movimento => movimentos,1,verified_translate,default_translate_fallback
largamente => amplamente,1,verified_translate,default_translate_fallback
digo => fogo,1,verified_translate,default_translate_fallback
resulta => funciona,1,verified_translate,default_translate_fallback
a lamber cus => lambendo botas,1,verified_translate,default_translate_fallback
miuda => garota,1,verified_translate,default_translate_fallback
p => pra,1,verified_translate,default_translate_fallback
p => o,1,verified_translate,default_translate_fallback
foda msm => ferre mesmo,1,verified_translate,default_translate_fallback
∅ => voce fosse,1,verified_translate,matched_manual_null_rule
ias => ∅,1,verified_translate,matched_manual_null_rule
por isso => entao insultei sua mae para,1,verified_translate,default_translate_fallback
insultei a tua mae => preventivamente,1,verified_translate,default_translate_fallback
para preventivamente => ∅,1,verified_translate,matched_manual_null_rule
apoios => auxilios,1,verified_translate,default_translate_fallback
mau fazer de => ruim usar como,1,verified_translate,default_translate_fallback
franja => parte,1,verified_translate,default_translate_fallback
chouricao => salame,1,verified_translate,default_translate_fallback
dm => dms,1,verified_translate,default_translate_fallback
estiveres => estiver,1,verified_translate,default_translate_fallback
apoias => voce apoia,1,verified_translate,default_translate_fallback
de encher => que enchem,1,verified_translate,default_translate_fallback
∅ => das pessoas,1,verified_translate,matched_manual_null_rule
as pessoas => bem,1,verified_translate,default_translate_fallback
bem que => ∅,1,verified_translate,matched_manual_null_rule
sanitas em vez de um => privadas no lugar do,1,verified_translate,default_translate_fallback
gov => governo,1,verified_translate,default_translate_fallback
rebentem => estourem,1,verified_translate,default_translate_fallback
foguetes => fogos de artificio,1,verified_translate,default_translate_fallback
petardos => bombinhas,1,verified_translate,default_translate_fallback
tem de => precisa,1,verified_translate,default_translate_fallback
apoia => apoie,1,verified_translate,default_translate_fallback
vemo => ∅,1,verified_translate,matched_manual_null_rule
∅ => vemos,1,verified_translate,matched_manual_null_rule
a felicitar => felicitando,1,verified_translate,matched_manual_progressive_rule
∅ => setor,1,verified_translate,matched_manual_null_rule
perguntares => perguntar a,1,verified_translate,default_translate_fallback
∅ => de se,1,verified_translate,matched_manual_null_rule
vendes => vende,1,verified_translate,default_translate_fallback
nova => jovem,1,verified_translate,default_translate_fallback
lixados => complicados,1,verified_translate,default_translate_fallback
recuo => volto,1,verified_translate,default_translate_fallback
recordo me => lembro,1,verified_translate,default_translate_fallback
agarrem => segurem,1,verified_translate,default_translate_fallback
notabilizam => destacam,1,verified_translate,default_translate_fallback
∅ => shows,1,verified_translate,matched_manual_null_rule
a enaltece lo => para se enaltecer,1,verified_translate,default_translate_fallback
a ostentar => ∅,1,verified_translate,matched_manual_null_rule
∅ => exibindo,1,verified_translate,matched_manual_null_rule
se conseguir => conseguirmos,1,verified_translate,default_translate_fallback
rotura => colapso,1,verified_translate,default_translate_fallback
aguente => se sustente,1,verified_translate,default_translate_fallback
perdido => sido perdidos,1,verified_translate,default_translate_fallback
e q se podia => poderia,1,verified_translate,default_translate_fallback
∅ => sido,1,verified_translate,matched_manual_null_rule
propina => mensalidade,1,verified_translate,default_translate_fallback
tambem => ate,1,verified_translate,default_translate_fallback
crp => constituicao,1,verified_translate,default_translate_fallback
entrega ao domicilio a operar => delivery que operam,1,verified_translate,default_translate_fallback
na cara => no rosto,1,verified_translate,default_translate_fallback
as viseiras => os protetores faciais,1,verified_translate,default_translate_fallback
esta => esse,1,verified_translate,default_translate_fallback
caras => faces,1,verified_translate,default_translate_fallback
fazer => abrir,1,verified_translate,default_translate_fallback
catano => caramba,1,verified_translate,default_translate_fallback
cenas => paradas,1,verified_translate,default_translate_fallback
caramelo => cara,1,verified_translate,default_translate_fallback
a dizer disparates => falando besteiras,1,verified_translate,default_translate_fallback
sondagens => pesquisas de,1,verified_translate,default_translate_fallback
lamp vos => lampiao,1,verified_translate,default_translate_fallback
de => com voces sobre,1,verified_translate,default_translate_fallback
a noutras => em outras,1,verified_translate,default_translate_fallback
as ir => ∅,1,verified_translate,matched_manual_null_rule
∅ => os produtos,1,verified_translate,matched_manual_null_rule
vos que vos => ∅,1,verified_translate,matched_manual_null_rule
se chegaram a frente => termos recebido nada,1,verified_translate,default_translate_fallback
de na => da,1,verified_translate,default_translate_fallback
base => armadora,1,verified_translate,default_translate_fallback
plano no triunfo => desempenho na vitoria,1,verified_translate,default_translate_fallback
foste tu => foi voce,1,verified_translate,default_translate_fallback
na mao => nas maos,1,verified_translate,default_translate_fallback
fachos tranvestidos => fascistas travestidos,1,verified_translate,default_translate_fallback
gostas => gosta,1,verified_translate,default_translate_fallback
passam => ∅,1,verified_translate,matched_manual_null_rule
∅ => completam se,1,verified_translate,matched_manual_null_rule
vos => voces no,1,verified_translate,default_translate_fallback
alturas => ocasioes,1,verified_translate,default_translate_fallback
apresenta se => esta,1,verified_translate,default_translate_fallback
a => vamos,1,verified_translate,default_translate_fallback
a guardar => guardando,1,verified_translate,matched_manual_progressive_rule
mamas => peitos,1,verified_translate,default_translate_fallback
promove se => ∅,1,verified_translate,matched_manual_null_rule
∅ => e promovido,1,verified_translate,matched_manual_null_rule
empowering => empoderador,1,verified_translate,default_translate_fallback
antevisao => previa,1,verified_translate,default_translate_fallback
tdt => tv digital aberta,1,verified_translate,default_translate_fallback
ouve => ouca,1,verified_translate,default_translate_fallback
pai alguns portugueses => pais algumas pessoas,1,verified_translate,default_translate_fallback
a anunciar => anunciando,1,verified_translate,matched_manual_progressive_rule
com a a => no dia,1,verified_translate,default_translate_fallback
no seu posto => na sua posicao,1,verified_translate,default_translate_fallback
conduzir => dirigir se,1,verified_translate,default_translate_fallback
estas => esta fazendo,1,verified_translate,default_translate_fallback
fazer a ti => voce,1,verified_translate,default_translate_fallback
tirar => pegar,1,verified_translate,default_translate_fallback
tabaco => cigarro,1,verified_translate,default_translate_fallback
o por => deixa lo,1,verified_translate,default_translate_fallback
o ter => te lo,1,verified_translate,default_translate_fallback
falhamos => erramos,1,verified_translate,default_translate_fallback
bem haja => muito obrigado,1,verified_translate,default_translate_fallback
miudo => garoto,1,verified_translate,default_translate_fallback
partilhaste => voce compartilhou,1,verified_translate,default_translate_fallback
tiveres => tiver,1,verified_translate,default_translate_fallback
pede => peca,1,verified_translate,default_translate_fallback
∅ => vou,1,verified_translate,matched_manual_null_rule
vou => ∅,1,verified_translate,matched_manual_null_rule
∅ => fez muito,1,verified_translate,matched_manual_null_rule
fez muito => ∅,1,verified_translate,matched_manual_null_rule
desenrasquem => virem,1,verified_translate,default_translate_fallback
toda a gente preocupada => todo mundo preocupado,1,verified_translate,default_translate_fallback
oa => as,1,verified_translate,default_translate_fallback
centrar => cruzar,1,verified_translate,default_translate_fallback
tugao => futebol portugues,1,verified_translate,default_translate_fallback
a colocar => considerando,1,verified_translate,matched_manual_progressive_rule
mt tmp => muito tempo,1,verified_translate,default_translate_fallback
calif => california,1,verified_translate,default_translate_fallback
az => do arizona,1,verified_translate,default_translate_fallback
gajos => caras,1,verified_translate,default_translate_fallback
noutros projectos => em outros projetos,1,verified_translate,default_translate_fallback
ultra compacta => ultracompacta,1,verified_translate,default_translate_fallback
bidons => garrafas,1,verified_translate,default_translate_fallback
doente => paciente,1,verified_translate,default_translate_fallback
pejada disto => cheia disso,1,verified_translate,default_translate_fallback
sns => o sus,1,verified_translate,default_translate_fallback
precisas de => precisa,1,verified_translate,default_translate_fallback
a trollar => trollando,1,verified_translate,matched_manual_progressive_rule
atrasado => retardado,1,verified_translate,default_translate_fallback
pralem que => alem disso,1,verified_translate,default_translate_fallback
malyne => maligna,1,verified_translate,default_translate_fallback
me o => meu,1,verified_translate,default_translate_fallback
o vender => vende lo,1,verified_translate,default_translate_fallback
a explicar => explicando,1,verified_translate,matched_manual_progressive_rule
a corrrer => indo,1,verified_translate,matched_manual_progressive_rule
ta => esta,1,verified_translate,default_translate_fallback
abalanca => arrisca,1,verified_translate,default_translate_fallback
puta => porra,1,verified_translate,default_translate_fallback
apetecia => dava vontade de,1,verified_translate,default_translate_fallback
miudas => meninas,1,verified_translate,default_translate_fallback
colmatar => suprir,1,verified_translate,default_translate_fallback
isto conjugado => isso combinado,1,verified_translate,default_translate_fallback
se de => ser,1,verified_translate,default_translate_fallback
∅ => muito,1,verified_translate,matched_manual_null_rule
a esse => desse,1,verified_translate,default_translate_fallback
rifar => rifarem o,1,verified_translate,default_translate_fallback
aconte => acontece,1,verified_translate,default_translate_fallback
te sabes => sabe se,1,verified_translate,default_translate_fallback
mene => cara,1,verified_translate,default_translate_fallback
do que => de,1,verified_translate,default_translate_fallback
casmurrice => teimosia,1,verified_translate,default_translate_fallback
n ja => nao ha,1,verified_translate,default_translate_fallback
reservar => ser reservado,1,verified_translate,default_translate_fallback
andar => como esta,1,verified_translate,default_translate_fallback
meias finais => semifinais,1,verified_translate,default_translate_fallback
nos 1 8 => nas oitavas de,1,verified_translate,default_translate_fallback
adiado => ∅,1,verified_translate,matched_manual_null_rule
∅ => adiada,1,verified_translate,matched_manual_null_rule
pro => para o,1,verified_translate,default_translate_fallback
a teimar => teimando,1,verified_translate,matched_manual_progressive_rule
a meter lhe => que coloca,1,verified_translate,default_translate_fallback
decorre a => acontece nos dias,1,verified_translate,default_translate_fallback
ao nivel => a altura,1,verified_translate,default_translate_fallback
neo nazis => neonazistas,1,verified_translate,default_translate_fallback
subscrevendo => assinando,1,verified_translate,default_translate_fallback
disseste => voce disse,1,verified_translate,default_translate_fallback
errado => errada,1,verified_translate,default_translate_fallback
tais => assim,1,verified_translate,default_translate_fallback
a passar => passa la,1,verified_translate,default_translate_fallback
a usar mal => usando,1,verified_translate,matched_manual_progressive_rule
setting => ajuste errado,1,verified_translate,default_translate_fallback
chumbasse => rejeitasse,1,verified_translate,default_translate_fallback
fugas => vazamentos,1,verified_translate,default_translate_fallback
quanto => ainda,1,verified_translate,default_translate_fallback
nessas fugas => nesses vazamentos,1,verified_translate,default_translate_fallback
topou => percebeu,1,verified_translate,default_translate_fallback
hoje comentador => comentarista,1,verified_translate,default_translate_fallback
a tropa => o exercito,1,verified_translate,default_translate_fallback
∅ => obtidas,1,verified_translate,matched_manual_null_rule
mal => problema,1,verified_translate,default_translate_fallback
7 => 7a,1,verified_translate,default_translate_fallback
varias aplicacoes => varios aplicativos,1,verified_translate,default_translate_fallback
twitte => tweet,1,verified_translate,default_translate_fallback
se calhar => talvez,1,verified_translate,default_translate_fallback
contribuiram => tenham contribuido,1,verified_translate,default_translate_fallback
q e q => que,1,verified_translate,default_translate_fallback
conta => contam,1,verified_translate,default_translate_fallback
irias => voce iria,1,verified_translate,default_translate_fallback
teres => ter,1,verified_translate,default_translate_fallback
cabaz => cesto,1,verified_translate,default_translate_fallback
cabazes => cestos,1,verified_translate,default_translate_fallback
directamente ao => diretamente do,1,verified_translate,default_translate_fallback
ponta de lanca => centroavante,1,verified_translate,default_translate_fallback
visto => ∅,1,verified_translate,matched_manual_null_rule
odoram pontas de lanca => adoram centroavantes,1,verified_translate,default_translate_fallback
seniors => idosos,1,verified_translate,default_translate_fallback
adn => dna,1,verified_translate,default_translate_fallback
dos seus => das suas,1,verified_translate,default_translate_fallback
queixar => reclamar,1,verified_translate,default_translate_fallback
do => contra o,1,verified_translate,default_translate_fallback
a acusar => acusando,1,verified_translate,matched_manual_progressive_rule
parte => lado,1,verified_translate,default_translate_fallback
ira permitir => permitira,1,verified_translate,default_translate_fallback
vos mal esta => feio para voces essa,1,verified_translate,default_translate_fallback
erra => erro,1,verified_translate,default_translate_fallback
tinham => teriam,1,verified_translate,default_translate_fallback
lixado => chateado,1,verified_translate,default_translate_fallback
drateresa => dra teresa,1,verified_translate,default_translate_fallback
corrido a negas => reprovado,1,verified_translate,default_translate_fallback
o apoiar => apoia lo,1,verified_translate,default_translate_fallback
estantes => demais,1,verified_translate,default_translate_fallback
apartir => a partir,1,verified_translate,default_translate_fallback
unasur => unasul,1,verified_translate,default_translate_fallback
licenciada => formada,1,verified_translate,default_translate_fallback
rotundas => rotatorias,1,verified_translate,default_translate_fallback
da estrada => de transito,1,verified_translate,default_translate_fallback
colocar => posicionar,1,verified_translate,default_translate_fallback
tmb => tambem,1,verified_translate,default_translate_fallback
v => sua,1,verified_translate,default_translate_fallback
tipo => padrao,1,verified_translate,default_translate_fallback
terra => cidade,1,verified_translate,default_translate_fallback
10m => 10 milhoes de,1,verified_translate,default_translate_fallback
totos => bobos,1,verified_translate,default_translate_fallback
civismo => civilidade,1,verified_translate,default_translate_fallback
se encheria => encheriam,1,verified_translate,default_translate_fallback
movimentos => movimento,1,verified_translate,default_translate_fallback
estas prendas => esses presentes,1,verified_translate,default_translate_fallback
vai la fazendo cumprir => se resolve cumprindo,1,verified_translate,default_translate_fallback
procurador q => promotor que,1,verified_translate,default_translate_fallback
a gozar com o pagode => zombando do povo,1,verified_translate,default_translate_fallback
1 => uma,1,verified_translate,default_translate_fallback
q n => que nao,1,verified_translate,default_translate_fallback
compras => compra,1,verified_translate,default_translate_fallback
podes meter => pode colocar,1,verified_translate,default_translate_fallback
fumo metes => fumaca coloca,1,verified_translate,default_translate_fallback
fica => fique,1,verified_translate,default_translate_fallback
p o => para a,1,verified_translate,default_translate_fallback
sr => senhor,1,verified_translate,default_translate_fallback
camisola p => camiseta para,1,verified_translate,default_translate_fallback
pesquisa => pesquise,1,verified_translate,default_translate_fallback
recorda => lembra,1,verified_translate,default_translate_fallback
sitios => lugares,1,verified_translate,default_translate_fallback
praguejarem pq => reclamarem porque,1,verified_translate,default_translate_fallback
julgas => acha,1,verified_translate,default_translate_fallback
manifs => manifestacoes,1,verified_translate,default_translate_fallback
correr com => tirar,1,verified_translate,default_translate_fallback
a seguir vinha => depois viria,1,verified_translate,default_translate_fallback
apanhar => encontrar,1,verified_translate,default_translate_fallback
qdo => quando,1,verified_translate,default_translate_fallback
a almocar => almocando,1,verified_translate,matched_manual_progressive_rule
auto disciplina => autodisciplina,1,verified_translate,default_translate_fallback
consegues => voce consegue,1,verified_translate,default_translate_fallback
consegues => consegue,1,verified_translate,default_translate_fallback
devias => devia,1,verified_translate,default_translate_fallback
um equipa => uma equipe,1,verified_translate,default_translate_fallback
a ler => le la,1,verified_translate,default_translate_fallback
qq das formas => qualquer forma,1,verified_translate,default_translate_fallback
tem => ha,1,verified_translate,default_translate_fallback
medio => meio campista,1,verified_translate,default_translate_fallback
avancado suplente => atacante reserva,1,verified_translate,default_translate_fallback
castigado => suspenso,1,verified_translate,default_translate_fallback
exige lhes => exigem,1,verified_translate,default_translate_fallback
vaga a seguir ao => onda apos o,1,verified_translate,default_translate_fallback
passagem de => ∅,1,verified_translate,matched_manual_null_rule
∅ => novo,1,verified_translate,matched_manual_null_rule
a recrutar => recrutando,1,verified_translate,matched_manual_progressive_rule
se navegar a => surfar na,1,verified_translate,default_translate_fallback
a partilhar => compartilhando,1,verified_translate,matched_manual_progressive_rule
incitamento => incitacao,1,verified_translate,default_translate_fallback
na do director desportivo => no diretor esportivo,1,verified_translate,default_translate_fallback
fantochada => palhacada,1,verified_translate,default_translate_fallback
tapam => cobrem,1,verified_translate,default_translate_fallback
lool => kkk,1,verified_translate,default_translate_fallback
portuguese => brasileiros,1,verified_translate,default_translate_fallback
pequenina q => pequenininha que,1,verified_translate,default_translate_fallback
anti comunismo => anticomunismo,1,verified_translate,default_translate_fallback
activismo da tanga => ativismo de araque,1,verified_translate,default_translate_fallback
fosse => fossem,1,verified_translate,default_translate_fallback
em erro => enganado,1,verified_translate,default_translate_fallback
vao a => da,1,verified_translate,default_translate_fallback
chegar => cheguem,1,verified_translate,default_translate_fallback
os rend => as receitas,1,verified_translate,default_translate_fallback
ascendem a 140m => somam 140 milhoes de euros,1,verified_translate,default_translate_fallback
um decrescimo => uma queda,1,verified_translate,default_translate_fallback
esta cheio => transborda,1,verified_translate,default_translate_fallback
fizeste tu mto => voce fez muito,1,verified_translate,default_translate_fallback
guito c => grana com,1,verified_translate,default_translate_fallback
acabaram pq => terminaram porque,1,verified_translate,default_translate_fallback
andavam a filrtar => ficavam flertando,1,verified_translate,default_translate_fallback
dar => dando,1,verified_translate,default_translate_fallback
racy => sensuais,1,verified_translate,default_translate_fallback
gajas => mulheres,1,verified_translate,default_translate_fallback
malta => gente,1,verified_translate,default_translate_fallback
noutras zonas => em outras regioes,1,verified_translate,default_translate_fallback
armem em pudicos => facam de puristas,1,verified_translate,default_translate_fallback
ya => sim,1,verified_translate,default_translate_fallback
se criou => criaram,1,verified_translate,default_translate_fallback
pessoa => pessoas,1,verified_translate,default_translate_fallback
conduzir => dirigir,1,verified_translate,default_translate_fallback
n vive => nao mora,1,verified_translate,default_translate_fallback
as => fazer,1,verified_translate,default_translate_fallback
∅ => ela me,1,verified_translate,matched_manual_null_rule
n faz mal => nao tem problema,1,verified_translate,default_translate_fallback
spr => sempre,1,verified_translate,default_translate_fallback
na => nao,1,verified_translate,default_translate_fallback
constipacoes => resfriados,1,verified_translate,default_translate_fallback
∅ => o nariz,1,verified_translate,matched_manual_null_rule
esta tudo a ficar => ta todo mundo ficando,1,verified_translate,default_translate_fallback
iisto => isso,1,verified_translate,default_translate_fallback
a mentir aos => mentindo para os,1,verified_translate,default_translate_fallback
apanhei => peguei um,1,verified_translate,default_translate_fallback
vires => voce reparar,1,verified_translate,default_translate_fallback
miudos => meninos,1,verified_translate,default_translate_fallback
estragues => estrague,1,verified_translate,default_translate_fallback
expensas => custas,1,verified_translate,default_translate_fallback
nalgum sitio => em algum lugar,1,verified_translate,default_translate_fallback
toma se noutra => seria tomada em outra,1,verified_translate,default_translate_fallback
qq => nenhuma,1,verified_translate,default_translate_fallback
esta avozinha => essa vovozinha,1,verified_translate,default_translate_fallback
miudos parvos => moleques bobos,1,verified_translate,default_translate_fallback
palas => viseiras,1,verified_translate,default_translate_fallback
muito => bem,1,verified_translate,default_translate_fallback
prima => pressione,1,verified_translate,default_translate_fallback
pima => pressione,1,verified_translate,default_translate_fallback
voltar a => ∅,1,verified_translate,matched_manual_null_rule
prima => novamente pressione,1,verified_translate,default_translate_fallback
atirar => jogar,1,verified_translate,default_translate_fallback
festejos => comemoracoes,1,verified_translate,default_translate_fallback
a ouvir os relatos na => ouvindo as transmissoes no,1,verified_translate,default_translate_fallback
tudo a encher => todo mundo enchendo,1,verified_translate,default_translate_fallback
∅ => acontece,1,verified_translate,matched_manual_null_rule
ca se passa => aqui,1,verified_translate,default_translate_fallback
∅ => acontecendo com,1,verified_translate,matched_manual_null_rule
acontecer com o => ∅,1,verified_translate,matched_manual_null_rule
ide cagar => vao se catar,1,verified_translate,default_translate_fallback
no => voce,1,verified_translate,default_translate_fallback
esta => foi,1,verified_translate,default_translate_fallback
debitar => despejar,1,verified_translate,default_translate_fallback
a => ate em,1,verified_translate,default_translate_fallback
controlo domiciliario => controle domiciliar,1,verified_translate,default_translate_fallback
sobes numa => voce sobe em uma,1,verified_translate,default_translate_fallback
evoluius => voce evolui,1,verified_translate,default_translate_fallback
ves => percebe,1,verified_translate,default_translate_fallback
falas => voce fala,1,verified_translate,default_translate_fallback
a correr e de => correndo com,1,verified_translate,default_translate_fallback
miudinha => fininha,1,verified_translate,default_translate_fallback
constipado => resfriado,1,verified_translate,default_translate_fallback
ya => e,1,verified_translate,default_translate_fallback
cena => questao,1,verified_translate,default_translate_fallback
mas sempre => ∅,1,verified_translate,matched_manual_null_rule
a contribuir com => contribuindo para,1,verified_translate,default_translate_fallback
pois => e,1,verified_translate,default_translate_fallback
∅ => varias,1,verified_translate,matched_manual_null_rule
sem conta => ∅,1,verified_translate,matched_manual_null_rule
golpada => golpe,1,verified_translate,default_translate_fallback
a difamar => difamando,1,verified_translate,matched_manual_progressive_rule
a odiar => odiando,1,verified_translate,matched_manual_progressive_rule
corona virus => coronavirus,1,verified_translate,default_translate_fallback
bracadeiras => boias,1,verified_translate,default_translate_fallback
que o desrespeitassem => ser desrespeitado,1,verified_translate,default_translate_fallback
gozavam com ele => zombavam dele,1,verified_translate,default_translate_fallback
retaliava => revidava,1,verified_translate,default_translate_fallback
destes => assim,1,verified_translate,default_translate_fallback
explicadora => professora particular,1,verified_translate,default_translate_fallback
no bue pq => muito porque,1,verified_translate,default_translate_fallback
gira => bonita,1,verified_translate,default_translate_fallback
estes putos => esses moleques,1,verified_translate,default_translate_fallback
q => de que,1,verified_translate,default_translate_fallback
a encorajar => encorajando,1,verified_translate,matched_manual_progressive_rule
contigo que na => com voce sobre a,1,verified_translate,default_translate_fallback
termos estes => ter esses,1,verified_translate,default_translate_fallback
defeito => padrao,1,verified_translate,default_translate_fallback
estao a => ha,1,verified_translate,default_translate_fallback
puto => moleque,1,verified_translate,default_translate_fallback
lhe na => ele de,1,verified_translate,default_translate_fallback
prai => mais ou menos,1,verified_translate,default_translate_fallback
a fazer => tornando um,1,verified_translate,default_translate_fallback
por me chamar a => chamando minha,1,verified_translate,default_translate_fallback
pelo que => entao ainda,1,verified_translate,default_translate_fallback
mostrar => destacar,1,verified_translate,default_translate_fallback
mas => ∅,1,verified_translate,matched_manual_null_rule
∅ => ruins,1,verified_translate,matched_manual_null_rule
com => que tem,1,verified_translate,default_translate_fallback
∅ => sera,1,verified_translate,matched_manual_null_rule
lhe => ele se,1,verified_translate,default_translate_fallback
no pelo => nas costas,1,verified_translate,default_translate_fallback
referes => voce mencionou,1,verified_translate,default_translate_fallback
litro => maximo,1,verified_translate,default_translate_fallback
∅ => nenhum,1,verified_translate,matched_manual_null_rule
nenhum => ∅,1,verified_translate,matched_manual_null_rule
tenciono habituar => pretendo,1,verified_translate,default_translate_fallback
a => acostumar com,1,verified_translate,default_translate_fallback
direitolas => de direitistas,1,verified_translate,default_translate_fallback
pretextos => pretexto,1,verified_translate,default_translate_fallback
∅ => joio do,1,verified_translate,matched_manual_null_rule
do joio => ∅,1,verified_translate,matched_manual_null_rule
topamos fachos a legua => identificamos fascistas de longe,1,verified_translate,default_translate_fallback
violar => estuprar,1,verified_translate,default_translate_fallback
chama => chamam,1,verified_translate,default_translate_fallback
cenas => coisas,1,verified_translate,default_translate_fallback
remates enquadrados => chutes no alvo,1,verified_translate,default_translate_fallback
fartazana => fartura,1,verified_translate,default_translate_fallback
colmatar esta => cobrir essa,1,verified_translate,default_translate_fallback
falhanco => fracasso na,1,verified_translate,default_translate_fallback
em => nao,1,verified_translate,default_translate_fallback
ring => ringue,1,verified_translate,default_translate_fallback
portamo => ∅,1,verified_translate,matched_manual_null_rule
∅ => comportamos,1,verified_translate,matched_manual_null_rule
tbm => tambem,1,verified_translate,default_translate_fallback
apetecer => der vontade,1,verified_translate,default_translate_fallback
cresceres => voce crescer,1,verified_translate,default_translate_fallback
trabalhares vais => trabalhar vai,1,verified_translate,default_translate_fallback
apanhar => levar,1,verified_translate,default_translate_fallback
smp => sempre,1,verified_translate,default_translate_fallback
uma marcacao => um agendamento,1,verified_translate,default_translate_fallback
marcacoes => agendamentos,1,verified_translate,default_translate_fallback
de => saiam,1,verified_translate,default_translate_fallback
rsi => bolsa familia,1,verified_translate,default_translate_fallback
um frigorifico => uma geladeira,1,verified_translate,default_translate_fallback
a par de => junto com,1,verified_translate,default_translate_fallback
desportos => esportes,1,verified_translate,matched_gpt_span
se por => para,1,verified_translate,default_translate_fallback
por se a atirar para o ar => ficar jogando coisas ao vento,1,verified_translate,default_translate_fallback
levas estas cenas => leva essas coisas,1,verified_translate,default_translate_fallback
votas => vota,1,verified_translate,default_translate_fallback
autorizar => autorizarem,1,verified_translate,default_translate_fallback
cafes encerrados => bares fechados,1,verified_translate,default_translate_fallback
pos fachos => pros fascistas,1,verified_translate,default_translate_fallback
restauracao => alimentacao,1,verified_translate,default_translate_fallback
senao => se nao,1,verified_translate,default_translate_fallback
pxs => proximas,1,verified_translate,default_translate_fallback
entenderem => quiserem,1,verified_translate,default_translate_fallback
posto => colocado,1,verified_translate,default_translate_fallback
noutras paragens => em outros lugares,1,verified_translate,default_translate_fallback
queres => quer,1,verified_translate,default_translate_fallback
te => eu,1,verified_translate,default_translate_fallback
islao => isla,1,verified_translate,default_translate_fallback
descansado => tranquilo que,1,verified_translate,default_translate_fallback
se queixa => reclama,1,verified_translate,default_translate_fallback
dar concertos pq => fazer shows porque,1,verified_translate,default_translate_fallback
ha com => tem,1,verified_translate,default_translate_fallback
vulgar popular => cidadao comum,1,verified_translate,default_translate_fallback
indicacoes => orientacoes,1,verified_translate,default_translate_fallback
e esta => nesta,1,verified_translate,default_translate_fallback
aunica => a unica,1,verified_translate,default_translate_fallback
estejam => fiquem,1,verified_translate,default_translate_fallback
a desfazer => em destruir,1,verified_translate,default_translate_fallback
magoa imenso => machuca muito,1,verified_translate,default_translate_fallback
falhei => errei,1,verified_translate,default_translate_fallback
penalty => penalti,1,verified_translate,default_translate_fallback
a afundar => afundando,1,verified_translate,matched_manual_progressive_rule
north => a,1,verified_translate,default_translate_fallback
∅ => do norte,1,verified_translate,matched_manual_null_rule
alaska => o alasca,1,verified_translate,default_translate_fallback
a epoca => na temporada,1,verified_translate,default_translate_fallback
rebentar tectos => estourar tetos,1,verified_translate,default_translate_fallback
poleiro => poder,1,verified_translate,default_translate_fallback
habituaram => acostumaram,1,verified_translate,default_translate_fallback
a fazer => ∅,1,verified_translate,matched_manual_null_rule
∅ => fazendo,1,verified_translate,matched_manual_null_rule
mantermo => ∅,1,verified_translate,matched_manual_null_rule
apoiemos => apoiem,1,verified_translate,default_translate_fallback
se dos => de,1,verified_translate,default_translate_fallback
∅ => entes queridos,1,verified_translate,matched_manual_null_rule
sonho mau => pesadelo,1,verified_translate,default_translate_fallback
aos => pros,1,verified_translate,default_translate_fallback
pudessem => poderiam,1,verified_translate,default_translate_fallback
as riscas => listrado,1,verified_translate,default_translate_fallback
ando a dizer a => venho dizendo ha,1,verified_translate,default_translate_fallback
como => com a,1,verified_translate,default_translate_fallback
anti portistas => antiportista,1,verified_translate,default_translate_fallback
mas horas => em horarios ruins,1,verified_translate,default_translate_fallback
a denegrir => denegrindo,1,verified_translate,matched_manual_progressive_rule
estive => eu estava,1,verified_translate,default_translate_fallback
a cagar => lixando,1,verified_translate,matched_manual_progressive_rule
voces => ∅,1,verified_translate,matched_manual_null_rule
caminhamos nos => estamos caminhando,1,verified_translate,default_translate_fallback
∅ => estamos,1,verified_translate,matched_manual_null_rule
estarmos a tornar => tornando,1,verified_translate,default_translate_fallback
ditadore => ditador,1,verified_translate,default_translate_fallback
a2noitw => a noite,1,verified_translate,default_translate_fallback
a falarem => falando,1,verified_translate,matched_manual_progressive_rule
a sugerir => sugerindo,1,verified_translate,matched_manual_progressive_rule
farto d => cansado de,1,verified_translate,default_translate_fallback
tasco => boteco,1,verified_translate,default_translate_fallback
postos em causa => questionados,1,verified_translate,default_translate_fallback
uma viatura ligeira => um carro,1,verified_translate,default_translate_fallback
ligeiros da => leves na,1,verified_translate,default_translate_fallback
serem => sendo,1,verified_translate,default_translate_fallback
seja => sejam,1,verified_translate,default_translate_fallback
por conta de outrem => como empregado,1,verified_translate,default_translate_fallback
cent => centavo,1,verified_translate,default_translate_fallback
vista de olhos => olhada,1,verified_translate,default_translate_fallback
domiciliaria => domiciliar,1,verified_translate,default_translate_fallback
∅ => como voce diz,1,verified_translate,matched_manual_null_rule
como dizes => ∅,1,verified_translate,matched_manual_null_rule
formacoes => treinamentos,1,verified_translate,default_translate_fallback
∅ => veja,1,verified_translate,matched_manual_null_rule
veja => ∅,1,verified_translate,matched_manual_null_rule
altura desta => hora dessa,1,verified_translate,default_translate_fallback
precises => voce precise,1,verified_translate,default_translate_fallback
recomeca => recomece,1,verified_translate,default_translate_fallback
ti proprio => si mesmo,1,verified_translate,default_translate_fallback
da te => de a si mesmo,1,verified_translate,default_translate_fallback
abraca => abrace,1,verified_translate,default_translate_fallback
no meu ecra => na minha tela,1,verified_translate,default_translate_fallback
a vender => vende la,1,verified_translate,default_translate_fallback
habitue => acostume,1,verified_translate,default_translate_fallback
corrido => tirado,1,verified_translate,default_translate_fallback
compoe => conserta,1,verified_translate,default_translate_fallback
regressar menos => voltar menores,1,verified_translate,default_translate_fallback
compor => consertar,1,verified_translate,default_translate_fallback
usso => ∅,1,verified_translate,matched_manual_null_rule
assoberbados => sobrecarregados,1,verified_translate,default_translate_fallback
mesmo submergidos => ate submersos,1,verified_translate,default_translate_fallback
este aborrecimento => esse tedio,1,verified_translate,default_translate_fallback
enxotar => enxota las,1,verified_translate,default_translate_fallback
a rua => fora,1,verified_translate,default_translate_fallback
as matar => mata las,1,verified_translate,default_translate_fallback
andarem a eleger => que ficam elegendo,1,verified_translate,default_translate_fallback
valha a => ajude,1,verified_translate,default_translate_fallback
apostados em => decididos a,1,verified_translate,default_translate_fallback
manapulas => as maos,1,verified_translate,default_translate_fallback
a fuca => o rosto,1,verified_translate,default_translate_fallback
pelas prendas => pelos presentes,1,verified_translate,default_translate_fallback
poligrafos => poligrafo,1,verified_translate,default_translate_fallback
o poe => coloca,1,verified_translate,default_translate_fallback
vets => veterinarios,1,verified_translate,default_translate_fallback
chaval => cara,1,verified_translate,default_translate_fallback
tem => tenha,1,verified_translate,default_translate_fallback
a bola => ao estadio,1,verified_translate,default_translate_fallback
corrente => atual,1,verified_translate,default_translate_fallback
a comentar => comentando,1,verified_translate,matched_manual_progressive_rule
estacao => emissora,1,verified_translate,default_translate_fallback
a mesma => do mesmo jeito,1,verified_translate,default_translate_fallback
teem q => tem que,1,verified_translate,default_translate_fallback
tudo => todo mundo,1,verified_translate,default_translate_fallback
tiveram => ficaram,1,verified_translate,default_translate_fallback
partilhas => compartilhamentos,1,verified_translate,default_translate_fallback
virem => olharem,1,verified_translate,default_translate_fallback
pensam => acham,1,verified_translate,default_translate_fallback
tempop => tempo,1,verified_translate,default_translate_fallback
a propor => propondo,1,verified_translate,default_translate_fallback
eu => ue,1,verified_translate,default_translate_fallback
vindo a mostrar => ∅,1,verified_translate,matched_manual_null_rule
∅ => mostrado,1,verified_translate,matched_manual_null_rule
bem => bom,1,verified_translate,default_translate_fallback
∅ => melhor,1,verified_translate,matched_manual_null_rule
cantos directos => escanteios diretos,1,verified_translate,default_translate_fallback
∅ => comecou,1,verified_translate,matched_manual_null_rule
comecou => ∅,1,verified_translate,matched_manual_null_rule
forma => formas,1,verified_translate,default_translate_fallback
evitares => evitar,1,verified_translate,default_translate_fallback
te divididas => voce se divida,1,verified_translate,default_translate_fallback
te tentes => tente,1,verified_translate,default_translate_fallback
de conserva => enlatado,1,verified_translate,default_translate_fallback
ganhar => pegar,1,verified_translate,default_translate_fallback
acabas por estar a comer => voce acaba comendo,1,verified_translate,default_translate_fallback
a saber te => tendo gosto,1,verified_translate,default_translate_fallback
imensas => inumeras,1,verified_translate,default_translate_fallback
quem => o que,1,verified_translate,default_translate_fallback
incentivar os vossos => incentivarem seus,1,verified_translate,default_translate_fallback
a => elas para,1,verified_translate,default_translate_fallback
tuita => twitter,1,verified_translate,default_translate_fallback
quando => ∅,1,verified_translate,matched_manual_null_rule
licenciatura => graduacao,1,verified_translate,default_translate_fallback
naquela altura => naquele momento,1,verified_translate,default_translate_fallback
trabalharmos ainda => estarmos trabalhando,1,verified_translate,default_translate_fallback
estao a dar => dando,1,verified_translate,default_translate_fallback
facho => fascista,1,verified_translate,default_translate_fallback
∅ => ser,1,verified_translate,matched_manual_null_rule
it => ti,1,verified_translate,default_translate_fallback
andava => trabalhava,1,verified_translate,default_translate_fallback
desenrascarem => ∅,1,verified_translate,matched_manual_null_rule
a conta de => virarem para o,1,verified_translate,default_translate_fallback
uma aplicacao => um aplicativo,1,verified_translate,matched_gpt_span
estar ca => estarem aqui,1,verified_translate,default_translate_fallback
se estao a cagar => nao ligam,1,verified_translate,default_translate_fallback
entrava => estava entrando,1,verified_translate,default_translate_fallback
gajo => cara apareceu,1,verified_translate,default_translate_fallback
apareceu => ∅,1,verified_translate,matched_manual_null_rule
manif => manifestacao,1,verified_translate,default_translate_fallback
treta => conversa,1,verified_translate,default_translate_fallback
papo => caio em,1,verified_translate,default_translate_fallback
trasladado => transferido,1,verified_translate,default_translate_fallback
uqe outraa => que outra,1,verified_translate,default_translate_fallback
sem => se,1,verified_translate,default_translate_fallback
a seguir ao => depois do,1,verified_translate,default_translate_fallback
pms => psm,1,verified_translate,default_translate_fallback
e contada => sao contadas,1,verified_translate,default_translate_fallback
da => que a,1,verified_translate,default_translate_fallback
de um cao => do cachorro,1,verified_translate,default_translate_fallback
alcanca => alcancam,1,verified_translate,default_translate_fallback
teria => iria possuir,1,verified_translate,default_translate_fallback
corresponderiam a => correspondia,1,verified_translate,default_translate_fallback
fazes => voce faz,1,verified_translate,default_translate_fallback
deste grupo fica atento as => desta turma fique ligado nas,1,verified_translate,default_translate_fallback
∅ => vao,1,verified_translate,matched_manual_null_rule
vao => ∅,1,verified_translate,matched_manual_null_rule
do teu => de seu,1,verified_translate,default_translate_fallback
2a feira => 2af,1,verified_translate,default_translate_fallback
intercidades => inter cidades,1,verified_translate,default_translate_fallback
5 oc => 5o,1,verified_translate,default_translate_fallback
posts => post,1,verified_translate,default_translate_fallback
dr => dro,1,verified_translate,default_translate_fallback
lacuna => gafe,1,verified_translate,default_translate_fallback
basquetebol => baskt,1,verified_translate,default_translate_fallback
alias => alia,1,verified_translate,default_translate_fallback
penalti => penalty,1,verified_translate,default_translate_fallback
as asneiras => os disparates,1,verified_translate,default_translate_fallback
2 => ∅,1,verified_translate,matched_manual_null_rule
os => as,1,verified_translate,default_translate_fallback
aprofundaram => aprofundou,1,verified_translate,default_translate_fallback
se divulgaram => divulgou,1,verified_translate,default_translate_fallback
promovida => promovido,1,verified_translate,default_translate_fallback
das suas publicacoes => dos seus posts,1,verified_translate,default_translate_fallback
aldeia => aldeias,1,verified_translate,default_translate_fallback
seja necessario => ∅,1,verified_translate,matched_manual_null_rule
na publicacao => no post,1,verified_translate,default_translate_fallback
nessa publicacao => nesse post,1,verified_translate,default_translate_fallback
publicacao => post,1,verified_translate,default_translate_fallback
dedicada => dedicados,1,verified_translate,default_translate_fallback
lesionar => ∅,1,verified_translate,matched_manual_null_rule
∅ => lesionar,1,verified_translate,matched_manual_null_rule
por => com,1,verified_translate,default_translate_fallback
pensa se => pensasse,1,verified_translate,default_translate_fallback
esta => a,1,verified_translate,default_translate_fallback
as baterias => os heats,1,verified_translate,default_translate_fallback
me deparei => tenho deparado,1,verified_translate,default_translate_fallback
deixar => deixas,1,verified_translate,default_translate_fallback
as sapatilhas => aos tenis,1,verified_translate,default_translate_fallback
de emprego => desemprego,1,verified_translate,default_translate_fallback
chave => chaves,1,verified_translate,default_translate_fallback
foi => foin,1,verified_translate,default_translate_fallback
a tocarem => tocando,1,verified_translate,matched_manual_progressive_rule
a encontrarem => encontrando,1,verified_translate,matched_manual_progressive_rule
a adivinharem => adivinhando,1,verified_translate,matched_manual_progressive_rule
discoteca => disco,1,verified_translate,default_translate_fallback
presenca => fica,1,verified_translate,default_translate_fallback
renome => nomeada,1,verified_translate,default_translate_fallback
proximo => pro,1,verified_translate,default_translate_fallback
comigo => aqui,1,verified_translate,default_translate_fallback
isso ha dois => dos,1,verified_translate,default_translate_fallback
comprada => comprado,1,verified_translate,default_translate_fallback
lugar => posto,1,verified_translate,default_translate_fallback
traquinas => traquina,1,verified_translate,default_translate_fallback
epoca => altura,1,verified_translate,default_translate_fallback
basta => chega,1,verified_translate,default_translate_fallback
uns => os,1,verified_translate,default_translate_fallback
letivo => escolar,1,verified_translate,default_translate_fallback
seja => e,1,verified_translate,default_translate_fallback
nanosegundo => nano segundo,1,verified_translate,default_translate_fallback
o tornar => torna lo,1,verified_translate,default_translate_fallback
autoestima => auto estima,1,verified_translate,default_translate_fallback
em umas => numas,1,verified_translate,default_translate_fallback
a beber => bebendo,1,verified_translate,matched_manual_progressive_rule
fim de semana => fds,1,verified_translate,default_translate_fallback
sensiveis => sensi,1,verified_translate,default_translate_fallback
antes => ∅,1,verified_translate,matched_manual_null_rule
∅ => 4,1,verified_translate,matched_manual_null_rule
∅ => 5,1,verified_translate,matched_manual_null_rule
ipss => ipsss,1,verified_translate,default_translate_fallback
anuncios => anuncio,1,verified_translate,default_translate_fallback
11h30 => 11 30h,1,verified_translate,default_translate_fallback
servico e => servic,1,verified_translate,default_translate_fallback
∅ => em marco os dias a crescer voltam a celebrar a chegada da primavera durante 2 dias o centro cultural vila flor abre as suas centro cultural vila flor eventos em marco os dias a crescer voltam a celebrar a chegada da primavera durante 2 dias o centro cultural vila flor abre as suas,1,,exception_long_null_span
adequada => adequado,1,verified_translate,default_translate_fallback
suscitar => ∅,1,verified_translate,matched_manual_null_rule
∅ => suscitar,1,verified_translate,matched_manual_null_rule
contrarrelogio => contra relogio,1,verified_translate,default_translate_fallback
combateu => combateram,1,verified_translate,default_translate_fallback
reforma => aposentacao,1,verified_translate,default_translate_fallback
conhecer => descobrir,1,verified_translate,default_translate_fallback
por luis => porluis,1,verified_translate,default_translate_fallback
punha => poria,1,verified_translate,default_translate_fallback
depressa => de pressa,1,verified_translate,default_translate_fallback
a disposicao => ao dispor,1,verified_translate,default_translate_fallback
piloto => pilot,1,verified_translate,default_translate_fallback
bolas => dammit,1,verified_translate,default_translate_fallback
uma nova => um novo,1,verified_translate,default_translate_fallback
realizar => dirigir,1,verified_translate,default_translate_fallback
bolide => bolido,1,verified_translate,default_translate_fallback
4 4 segundos => 4s4,1,verified_translate,default_translate_fallback
limusina => limusine,1,verified_translate,default_translate_fallback
fotojornalismo => foto jornalismo,1,verified_translate,default_translate_fallback
tempo e uma => ∅,1,verified_translate,matched_manual_null_rule
manutencao => manutenca,1,verified_translate,default_translate_fallback
opcao => opca,1,verified_translate,default_translate_fallback
ir mas agora => que,1,verified_translate,default_translate_fallback
22h vou => ∅,1,verified_translate,matched_manual_null_rule
ao atingir os => atingindo a casa dos,1,verified_translate,default_translate_fallback
ganhar => criar,1,verified_translate,default_translate_fallback
arrendamento => aluguer,1,verified_translate,default_translate_fallback
contente => contentinha,1,verified_translate,default_translate_fallback
peguei => pego,1,verified_translate,default_translate_fallback
eua => e u a,1,verified_translate,default_translate_fallback
draxler transferiu => draxlertransferiu,1,verified_translate,default_translate_fallback
curriculo => curriculum,1,verified_translate,default_translate_fallback
suas => deles,1,verified_translate,default_translate_fallback
atividades socioculturais => actividades socio culturais,1,verified_translate,default_translate_fallback
sobre => sob,1,verified_translate,default_translate_fallback
enf a => enfa,1,verified_translate,default_translate_fallback
umas => uma,1,verified_translate,default_translate_fallback
gigante => gigantes,1,verified_translate,default_translate_fallback
videojogos => video jogos,1,verified_translate,default_translate_fallback
vires => voce vir,1,verified_translate,default_translate_fallback
paraste => voce parou,1,verified_translate,default_translate_fallback
deixaste => deixou,1,verified_translate,default_translate_fallback
ele encontrara => eles encontrarao,1,verified_translate,default_translate_fallback
na sua vida => em suas vidas,1,verified_translate,default_translate_fallback
significado detalhado => significancia detalhada,1,verified_translate,default_translate_fallback
estas a fazer => voce esta fazendo,1,verified_translate,default_translate_fallback
poderias => poderia,1,verified_translate,default_translate_fallback
contentas te => voce se contenta,1,verified_translate,default_translate_fallback
ousas => ousa,1,verified_translate,default_translate_fallback
∅ => esteja oculta,1,verified_translate,matched_manual_null_rule
conseguiras => conseguira,1,verified_translate,default_translate_fallback
precisaras => voce precisara,1,verified_translate,default_translate_fallback
recebeste => voce recebeu,1,verified_translate,default_translate_fallback
deves => deve,1,verified_translate,default_translate_fallback
tenhas de => voce tenha que,1,verified_translate,default_translate_fallback
transformes as tuas => transforme suas,1,verified_translate,default_translate_fallback
desejara => deseja,1,verified_translate,default_translate_fallback
las => lo,1,verified_translate,default_translate_fallback
te encontraras => voce se encontrara,1,verified_translate,default_translate_fallback
experimentaste na tua => experimentou em sua,1,verified_translate,default_translate_fallback
usa => use,1,verified_translate,default_translate_fallback
tens tido => voce teve,1,verified_translate,default_translate_fallback
tens tido => tem,1,verified_translate,default_translate_fallback
∅ => perceber e,1,verified_translate,matched_manual_null_rule
te deixares => se deixar,1,verified_translate,default_translate_fallback
sabias => voce sabia,1,verified_translate,default_translate_fallback
aspeto da => aspecto de,1,verified_translate,default_translate_fallback
precisas => voce precisa,1,verified_translate,default_translate_fallback
calcula o teu => calcule seu,1,verified_translate,default_translate_fallback
pela => para a,1,verified_translate,default_translate_fallback
∅ => de eletricidade de origem eolica geotermica solar e de origem cao,1,,exception_long_null_span
doutorada => doutora,1,verified_translate,default_translate_fallback
ser os => seros,1,verified_translate,default_translate_fallback
terao => tera,1,verified_translate,default_translate_fallback
o trilho => a trilha,1,verified_translate,default_translate_fallback
paisagens => paisagem,1,verified_translate,default_translate_fallback
xixi => chichi,1,verified_translate,default_translate_fallback
convencemo => convencemos,1,verified_translate,default_translate_fallback
ecra => ecran,1,verified_translate,default_translate_fallback
torrada => tostada,1,verified_translate,default_translate_fallback
raio => raios,1,verified_translate,default_translate_fallback
∅ => divisao,1,verified_translate,matched_manual_null_rule
striptease => strip tease,1,verified_translate,default_translate_fallback
a colher => colhendo,1,verified_translate,matched_manual_progressive_rule
frescos a retratar => afrescos retratando,1,verified_translate,default_translate_fallback
de vinculacao => vinculativas,1,verified_translate,default_translate_fallback
compreendidas => entendidas,1,verified_translate,default_translate_fallback
proverbio => ditado,1,verified_translate,default_translate_fallback
ideia de => ∅,1,verified_translate,matched_manual_null_rule
exemplo => ∅,1,verified_translate,matched_manual_null_rule
rirem => rir,1,verified_translate,default_translate_fallback
entao => ao,1,verified_translate,default_translate_fallback
pa => pah,1,verified_translate,default_translate_fallback
mantenha => deixe,1,verified_translate,default_translate_fallback
visitantes => vistantes a,1,verified_translate,default_translate_fallback
∅ => a sua pagina atualizada,1,verified_translate,matched_manual_null_rule
revelar => relevar,1,verified_translate,default_translate_fallback
assustar => ∅,1,verified_translate,matched_manual_null_rule
∅ => assustar,1,verified_translate,matched_manual_null_rule
fazer nos => comecar a,1,verified_translate,default_translate_fallback
merecemos => somos merecedores,1,verified_translate,default_translate_fallback
agimos => atuamos,1,verified_translate,default_translate_fallback
eles => nos aparecerem,1,verified_translate,default_translate_fallback
agir => atuar,1,verified_translate,default_translate_fallback
permitas que => permites roubar,1,verified_translate,default_translate_fallback
roubem esses => a ti mesmo desses,1,verified_translate,default_translate_fallback
sao joao => ao,1,verified_translate,default_translate_fallback
tenta => tentar,1,verified_translate,default_translate_fallback
sobrepoem => sobrepoe,1,verified_translate,default_translate_fallback
∅ => e infelizmente sao tantos os exemplos desta realidade,1,,exception_long_null_span
∅ => nova esta,1,verified_translate,matched_manual_null_rule
forem surgindo esta => for,1,verified_translate,default_translate_fallback
musica para => mu,1,verified_translate,default_translate_fallback
cofinanciamento => co financiamento,1,verified_translate,default_translate_fallback
espacos => espaco,1,verified_translate,default_translate_fallback
bancos => banquinhos,1,verified_translate,default_translate_fallback
momentos => bocados,1,verified_translate,default_translate_fallback
e o => eo,1,verified_translate,default_translate_fallback
a consciencializar a => conscientizando,1,verified_translate,matched_manual_progressive_rule
adaptar => ∅,1,verified_translate,matched_manual_null_rule
∅ => adequar,1,verified_translate,matched_manual_null_rule
a surgir => aparecendo,1,verified_translate,matched_manual_progressive_rule
permitir => ∅,1,verified_translate,matched_manual_null_rule
a => permitira,1,verified_translate,default_translate_fallback
exploraste => exploras te,1,verified_translate,default_translate_fallback
enrabar => enrabarrem,1,verified_translate,default_translate_fallback
convosco => com vcs,1,verified_translate,default_translate_fallback
muito => mt,1,verified_translate,default_translate_fallback
ficasse => ficava,1,verified_translate,default_translate_fallback
compoem => compoe,1,verified_translate,default_translate_fallback
o => tenho,1,verified_translate,default_translate_fallback
dinheiro => guito,1,verified_translate,default_translate_fallback
prevista => previsto,1,verified_translate,default_translate_fallback
ronda => rondam,1,verified_translate,default_translate_fallback
cheia de casalinhos => parzinhos,1,verified_translate,default_translate_fallback
antecipacao => antecipaca,1,verified_translate,default_translate_fallback
000 => 000mil,1,verified_translate,default_translate_fallback
notario => cartorio,1,verified_translate,default_translate_fallback
a fazer dieta => fazendo regime,1,verified_translate,default_translate_fallback
tomarem medicamentos => sairem tomando remedios,1,verified_translate,default_translate_fallback
beber => tomar,1,verified_translate,default_translate_fallback
vossos => vosso,1,verified_translate,default_translate_fallback
agendar => pautar,1,verified_translate,default_translate_fallback
desta vila => d esta villa,1,verified_translate,default_translate_fallback
desta => d esta,1,verified_translate,default_translate_fallback
nesta vila => n esta villa,1,verified_translate,default_translate_fallback
la => lh a,1,verified_translate,default_translate_fallback
comecada => principiada,1,verified_translate,default_translate_fallback
porque => por que a,1,verified_translate,default_translate_fallback
marques => marquez,1,verified_translate,default_translate_fallback
desse ano => d esse anno,1,verified_translate,default_translate_fallback
aparecesse nesse => apparecesse n este,1,verified_translate,default_translate_fallback
da subfamilia => do sub familia,1,verified_translate,default_translate_fallback
reproduza => reproduzem,1,verified_translate,default_translate_fallback
ocorreram => ocorreu,1,verified_translate,default_translate_fallback
∅ => de outras obras de cao,1,verified_translate,matched_manual_null_rule
extraconjugais => extra conjugais,1,verified_translate,default_translate_fallback
d a amelia => daamelia,1,verified_translate,default_translate_fallback
dir => diria,1,verified_translate,default_translate_fallback
ia => ∅,1,verified_translate,matched_manual_null_rule
tecnica => tecnico,1,verified_translate,default_translate_fallback
curriculos => curricula,1,verified_translate,default_translate_fallback
bem => ∅,1,verified_translate,matched_manual_null_rule
abaixo => a baixo,1,verified_translate,default_translate_fallback
inseguranca => inseguranc,1,verified_translate,default_translate_fallback
terminaram => findaram,1,verified_translate,default_translate_fallback
permitem => permite,1,verified_translate,default_translate_fallback
ajudam => ajuda,1,verified_translate,default_translate_fallback
a equipa olimpica => o time olimpico,1,verified_translate,default_translate_fallback
falava de => fala,1,verified_translate,default_translate_fallback
a celebrar => celebrando,1,verified_translate,matched_manual_progressive_rule
eram => era,1,verified_translate,default_translate_fallback
forma => jeito,1,verified_translate,default_translate_fallback
reserva => encomenda,1,verified_translate,default_translate_fallback
∅ => a retalho de jornais revistas e artigos de papelaria em ercio,1,,exception_long_null_span
letras => letra,1,verified_translate,default_translate_fallback
sem => sin,1,verified_translate,default_translate_fallback
sin => sem,1,verified_translate,default_translate_fallback
∅ => de feiras congressos e cao,1,verified_translate,matched_manual_null_rule
antepe => ante pe,1,verified_translate,default_translate_fallback
faz referencia => acena,1,verified_translate,default_translate_fallback
lados => lado,1,verified_translate,default_translate_fallback
meiga => meigo,1,verified_translate,default_translate_fallback
rever => dar revisoes demos,1,verified_translate,default_translate_fallback
faltar => faltarem,1,verified_translate,default_translate_fallback
ao => de,1,verified_translate,default_translate_fallback
familiarizar => ∅,1,verified_translate,matched_manual_null_rule
∅ => familiarizar,1,verified_translate,matched_manual_null_rule
traz => tras,1,verified_translate,default_translate_fallback
pode => por,1,verified_translate,default_translate_fallback
durante => os,1,verified_translate,default_translate_fallback
ti => ∅,1,verified_translate,matched_manual_null_rule
coisa => ∅,1,verified_translate,matched_manual_null_rule
amar => muito,1,verified_translate,default_translate_fallback
significado => significada,1,verified_translate,default_translate_fallback
partilhando => compartilhando,1,verified_translate,matched_gpt_span
despertem os => despertar,1,verified_translate,default_translate_fallback
infraestruturas => infra estruturas,1,verified_translate,default_translate_fallback
interditada => interdita,1,verified_translate,default_translate_fallback
publicada => postada,1,verified_translate,default_translate_fallback
atraves => atravez,1,verified_translate,default_translate_fallback
o vosso => seu,1,verified_translate,default_translate_fallback
dis pensas => dispensas,1,verified_translate,default_translate_fallback
ar t => art,1,verified_translate,default_translate_fallback
estao delegadas => esta delegada,1,verified_translate,default_translate_fallback
deverao => devera,1,verified_translate,default_translate_fallback
dessa => sobre essa,1,verified_translate,default_translate_fallback
motivam => motiva,1,verified_translate,default_translate_fallback
mobiles => moveis,1,verified_translate,default_translate_fallback
estao disponiveis => esta disponivel,1,verified_translate,default_translate_fallback
trilhou => realizou,1,verified_translate,default_translate_fallback
no que pese => apesar de,1,verified_translate,default_translate_fallback
preve => prever,1,verified_translate,default_translate_fallback
basicos => basico,1,verified_translate,default_translate_fallback
tal => essa,1,verified_translate,default_translate_fallback
sob => sobre,1,verified_translate,default_translate_fallback
viram => viu,1,verified_translate,default_translate_fallback
ampliar => aumentar,1,verified_translate,default_translate_fallback
27o => 27,1,verified_translate,default_translate_fallback
sentirmos => sentir,1,verified_translate,default_translate_fallback
possibilita sentir => permite perceber,1,verified_translate,default_translate_fallback
confeccionar => fazer,1,verified_translate,default_translate_fallback
empoderarem => apropriarem,1,verified_translate,default_translate_fallback
explanacao => apresentacao,1,verified_translate,default_translate_fallback
atraves do => pelo,1,verified_translate,default_translate_fallback
regulamentado => regulamentada,1,verified_translate,default_translate_fallback
transportada => transportado,1,verified_translate,default_translate_fallback
imprime => imprima,1,verified_translate,default_translate_fallback
ele convive => eles convivem,1,verified_translate,default_translate_fallback
contra indicacao => contraindicacao,1,verified_translate,default_translate_fallback
atras => ∅,1,verified_translate,matched_manual_null_rule
estes => eles,1,verified_translate,default_translate_fallback
a testagem => o teste,1,verified_translate,default_translate_fallback
09 => 09h,1,verified_translate,default_translate_fallback
aos => para,1,verified_translate,default_translate_fallback
13h30min => 13h30,1,verified_translate,default_translate_fallback
17h30min => 17h30,1,verified_translate,default_translate_fallback
se dara por confirmado => ∅,1,verified_translate,matched_manual_null_rule
∅ => sera confirmado,1,verified_translate,matched_manual_null_rule
cursado completamente => concluido,1,verified_translate,default_translate_fallback
solteira => solteiras,1,verified_translate,default_translate_fallback
no mesmo => nele,1,verified_translate,default_translate_fallback
oito => 8,1,verified_translate,default_translate_fallback
porem => ∅,1,verified_translate,matched_manual_null_rule
recebem => ∅,1,verified_translate,matched_manual_null_rule
virarem => se tornarem,1,verified_translate,default_translate_fallback
qual => quais,1,verified_translate,default_translate_fallback
∅ => governo do estado de goias,1,verified_translate,matched_manual_null_rule
∅ => trajeto,1,verified_translate,matched_manual_null_rule
goiacao => goias participacao,1,verified_translate,default_translate_fallback
de ao iris rezende governo de goiasfechamento de => ∅,1,,exception_long_null_span
pelos => pelo,1,verified_translate,default_translate_fallback
descontos ao => desconto aos,1,verified_translate,default_translate_fallback
vencido => vencidos,1,verified_translate,default_translate_fallback
candidato => candidatos,1,verified_translate,default_translate_fallback
socio assistencial => socioassistencial,1,verified_translate,default_translate_fallback
a conceicao conception dedica o presente numero a artigos ineditos comprometidos com a tematica artes da cena e direitos humanos em um cenario nacional e internacional marcado por crescentes violacoes aos direitos humanos pareceu fundamental levar a conhecer as varias maneiras em que as artes da => ∅,1,,exception_long_null_span
presente => presentes,1,verified_translate,default_translate_fallback
votarem => votar,1,verified_translate,default_translate_fallback
decidirem => decidir,1,verified_translate,default_translate_fallback
narrada => narrado,1,verified_translate,default_translate_fallback
por fugir => fugindo,1,verified_translate,default_translate_fallback
exilar => exilando,1,verified_translate,default_translate_fallback
a ele => ∅,1,verified_translate,matched_manual_null_rule
hakunamatata => hakuna matata,1,verified_translate,default_translate_fallback
acolhendo => recebeu,1,verified_translate,default_translate_fallback
esteve participando => participou,1,verified_translate,default_translate_fallback
se fez => esteve,1,verified_translate,default_translate_fallback
eventos => evento,1,verified_translate,default_translate_fallback
foi quem => ∅,1,verified_translate,matched_manual_null_rule
cotegipano => cotegipe,1,verified_translate,default_translate_fallback
realizado => realizada,1,verified_translate,default_translate_fallback
realizacoes => a realizacao,1,verified_translate,default_translate_fallback
parceira => parceiro,1,verified_translate,default_translate_fallback
aplicara => aplicar a,1,verified_translate,default_translate_fallback
a18 e => a 18 anos,1,verified_translate,default_translate_fallback
vem => venha,1,verified_translate,default_translate_fallback
ou => ∅,1,verified_translate,matched_manual_null_rule
se encerrara => sera encerrado,1,verified_translate,default_translate_fallback
parques => parquinhos,1,verified_translate,default_translate_fallback
aos => em,1,verified_translate,default_translate_fallback
∅ => primeira,1,verified_translate,matched_manual_null_rule
primeira => ∅,1,verified_translate,matched_manual_null_rule
vicentista => vicentino,1,verified_translate,default_translate_fallback
fortifica => fortalece,1,verified_translate,default_translate_fallback
trouxe => trouxeram,1,verified_translate,default_translate_fallback
atua => atuar,1,verified_translate,default_translate_fallback
trabalha => trabalhar,1,verified_translate,default_translate_fallback
min => ∅,1,verified_translate,matched_manual_null_rule
tera => havera,1,verified_translate,default_translate_fallback
auto exame => autoexame,1,verified_translate,default_translate_fallback
auto cuidado => autocuidado,1,verified_translate,default_translate_fallback
∅ => geralmente,1,verified_translate,matched_manual_null_rule
geralmente => ∅,1,verified_translate,matched_manual_null_rule
muito => muitos,1,verified_translate,default_translate_fallback
das => nas,1,verified_translate,default_translate_fallback
visam => visa,1,verified_translate,default_translate_fallback
mister => essencial,1,verified_translate,default_translate_fallback
santa luzia => ∅,1,verified_translate,matched_manual_null_rule
apr => abr,1,verified_translate,default_translate_fallback
suce 331 visualizacoes0 comentario 9 curtidas => sucesso alheios,1,verified_translate,default_translate_fallback
post nao marcado como curtido9 => ∅,1,verified_translate,matched_manual_null_rule
sendo assim sao cada vez 138 visualizacoes0 comentario 10 curtidas post nao marcado como curtido10 => ∅,1,,exception_long_null_span
posteriormen => ∅,1,verified_translate,matched_manual_null_rule
fonte agencia fapesp => ∅,1,verified_translate,matched_manual_null_rule
era rezada => eram rezadas,1,verified_translate,default_translate_fallback
pro ativo => proativo,1,verified_translate,default_translate_fallback
filogeneticas => filogenetica,1,verified_translate,default_translate_fallback
05 => 5,1,verified_translate,default_translate_fallback
freeshop => free shop,1,verified_translate,default_translate_fallback
fazem => realiza,1,verified_translate,default_translate_fallback
∅ => feira,1,verified_translate,matched_manual_null_rule
de => na,1,verified_translate,default_translate_fallback
localizado a => localizada na,1,verified_translate,default_translate_fallback
bastante => muitas,1,verified_translate,default_translate_fallback
um prefeito => ∅,1,verified_translate,matched_manual_null_rule
∅ => e uma prioridade,1,verified_translate,matched_manual_null_rule
produtor => ∅,1,verified_translate,matched_manual_null_rule
2 => dois,1,verified_translate,default_translate_fallback
onde foi subsidiadas desde a => com subsidios para,1,verified_translate,default_translate_fallback
a semente => sementes,1,verified_translate,default_translate_fallback
que => e,1,verified_translate,default_translate_fallback
tirar o seu leite => ordenhar,1,verified_translate,default_translate_fallback
e a => alem da,1,verified_translate,default_translate_fallback
luta => lutam,1,verified_translate,default_translate_fallback
9 => 9h,1,verified_translate,default_translate_fallback
matogrossense => mato grossense,1,verified_translate,default_translate_fallback
19h30min => 19h30,1,verified_translate,default_translate_fallback
12 00 horas => 12h00,1,verified_translate,default_translate_fallback
7 => 7h,1,verified_translate,default_translate_fallback
18 horas => 18h,1,verified_translate,default_translate_fallback
introito => inicio,1,verified_translate,default_translate_fallback
interna => interno,1,verified_translate,default_translate_fallback
naturais => fisicas,1,verified_translate,default_translate_fallback
inovacaao => inovacao foram,1,verified_translate,default_translate_fallback
∅ => em 6 de,1,verified_translate,matched_manual_null_rule
6 => de,1,verified_translate,default_translate_fallback
o porque => por que,1,verified_translate,default_translate_fallback
comparecerem na => comparecer a,1,verified_translate,default_translate_fallback
turbine => impulsionem,1,verified_translate,default_translate_fallback
mini cursos => minicursos,1,verified_translate,default_translate_fallback
competem => compete,1,verified_translate,default_translate_fallback
fora coletado => foram coletadas,1,verified_translate,default_translate_fallback
onde foram registradas => em que,1,verified_translate,default_translate_fallback
∅ => foram registrados,1,verified_translate,matched_manual_null_rule
em cima da => na,1,verified_translate,default_translate_fallback
∅ => correspondente,1,verified_translate,matched_manual_null_rule
podendo => ∅,1,verified_translate,matched_manual_null_rule
∅ => pode,1,verified_translate,matched_manual_null_rule
requerido => solicitado,1,verified_translate,default_translate_fallback
30o => 30,1,verified_translate,default_translate_fallback
3o => 3,1,verified_translate,default_translate_fallback
instalado => instalada,1,verified_translate,default_translate_fallback
auxiliara => ajudara,1,verified_translate,default_translate_fallback
riscos => risco,1,verified_translate,default_translate_fallback
derrogar => revogar,1,verified_translate,default_translate_fallback
considerada => consideradas,1,verified_translate,default_translate_fallback
segue => seguem,1,verified_translate,default_translate_fallback
quanto => ∅,1,verified_translate,matched_manual_null_rule
cerrada => densa,1,verified_translate,default_translate_fallback
infanto juvenil => infantojuvenil,1,verified_translate,default_translate_fallback
diretos => direto,1,verified_translate,default_translate_fallback
adquirido => adquiridos,1,verified_translate,default_translate_fallback
emendar => emenda,1,verified_translate,default_translate_fallback
receberem => receber,1,verified_translate,default_translate_fallback
efetuado => realizado,1,verified_translate,default_translate_fallback
filia => filial,1,verified_translate,default_translate_fallback
os alunos das escolas municipais da educacao infantil de agua branca foram contemplados com a entrega de novos livros paradidaticos pela prefeitura => ∅,1,,exception_long_null_span
voltas => volta,1,verified_translate,default_translate_fallback
cemei s => cemeis,1,verified_translate,default_translate_fallback
radicacao => fixacao,1,verified_translate,default_translate_fallback
os quais => que,1,verified_translate,default_translate_fallback
para => destinado a,1,verified_translate,default_translate_fallback
preconizados => preconizado,1,verified_translate,default_translate_fallback
discutirem => discutir,1,verified_translate,default_translate_fallback
no sentido de => para,1,verified_translate,default_translate_fallback
xerox => copias,1,verified_translate,default_translate_fallback
socio ambientais => socioambientais,1,verified_translate,default_translate_fallback
evitar => evitando,1,verified_translate,default_translate_fallback
conversem => converse,1,verified_translate,default_translate_fallback
de base => preexistente,1,verified_translate,default_translate_fallback
realizado => foi realizada,1,verified_translate,default_translate_fallback
enviado => enviados,1,verified_translate,default_translate_fallback
a prefeitura municipal de piranguinho por meio da secretaria de obras atendendo a uma antiga solicitacao de cidadaos que moram perto da casa padre quinzinho => ∅,1,,exception_long_null_span
o de => ∅,1,verified_translate,matched_manual_null_rule
respectivamente => ∅,1,verified_translate,matched_manual_null_rule
para a => da,1,verified_translate,default_translate_fallback
esta => estar,1,verified_translate,default_translate_fallback
se dar => ser feito,1,verified_translate,default_translate_fallback
que visa => ∅,1,verified_translate,matched_manual_null_rule
desenvolvido => desenvolvida,1,verified_translate,default_translate_fallback
dado => dadas,1,verified_translate,default_translate_fallback
adquiriram => adquiriu,1,verified_translate,default_translate_fallback
a proposta => ∅,1,verified_translate,matched_manual_null_rule
radicaram => estabeleceram,1,verified_translate,default_translate_fallback
reme => remedios em,1,verified_translate,default_translate_fallback
referente => referentes,1,verified_translate,default_translate_fallback
acesso => acesse,1,verified_translate,matched_manual_span
o5km => 05 km,1,verified_translate,default_translate_fallback
foi ofertado => foram ofertados,1,verified_translate,default_translate_fallback
acampamentos => acompanhamentos,1,,matched_manual_wrong_span
protocolizado => protocolado,1,verified_translate,matched_manual_span
embora a => por,1,verified_translate,default_translate_fallback
no total de => totalizando,1,verified_translate,default_translate_fallback
a administracao municipal vem trabalhando na area rural pensando no bem estar da comunidade e tambem para o transporte de suas safras embora a isso que na comunidade da agua do mangueirao os moradores estao felizes com a readequacao e cascalhamento das estradas no total de 2 500km em visita a comunidade onde as obras ja foram concluidas conversamos com o senhor ademir donizete rodrigues e com o senhor antonio bernardo dos santos que disseram melhor que isso nao tem como e que antes dessa obra tinhamos que tirar o para lamas das motos para sairmos ate o asfalto ja o senhor ademir disse que este e um sonho e o trabalho esta sendo bem feito pela a equipe finalizou ademir => ∅,1,,exception_long_null_span
orla => margem,1,verified_translate,default_translate_fallback
17o => 17,1,verified_translate,default_translate_fallback
29o => 29,1,verified_translate,default_translate_fallback
dificuldade => dificuldades,1,verified_translate,default_translate_fallback
ardor => empenho,1,verified_translate,default_translate_fallback
quilometro => quilometros,1,verified_translate,default_translate_fallback
todas patroladas => todos patrolados,1,verified_translate,default_translate_fallback
retro escavadeira => retroescavadeira,1,verified_translate,default_translate_fallback
postos => disposicao,1,verified_translate,default_translate_fallback
aguas => agua,1,verified_translate,default_translate_fallback
outro => outros,1,verified_translate,default_translate_fallback
pra frente => em diante,1,verified_translate,default_translate_fallback
elaboradas => elaborada,1,verified_translate,default_translate_fallback
video aulas => videoaulas,1,verified_translate,default_translate_fallback
distribuidos => distribuido,1,verified_translate,default_translate_fallback
mantido => mantida,1,verified_translate,default_translate_fallback
toda parte do => todo o,1,verified_translate,default_translate_fallback
da => para a,1,verified_translate,default_translate_fallback
estavam => ∅,1,verified_translate,matched_manual_null_rule
a fundacao cultural de brusque abre inscricoes para bandas que tenham interesse em participar do 20o rock na praca => ∅,1,,exception_long_null_span
fakes => fake,1,verified_translate,default_translate_fallback
imprescindivel => imprecindivel,1,verified_translate,matched_manual_span
encontravam => achava,1,verified_translate,matched_manual_span
paes => pais,1,verified_translate,matched_manual_span
∅ => ajuda la,1,verified_translate,matched_manual_null_rule
emygdio => emigdio,1,verified_translate,matched_manual_span
desinteressada da => desinteresse pela,1,verified_translate,matched_manual_span
a agarrar => agarra la,1,verified_translate,matched_manual_span
para => apos,1,verified_translate,matched_manual_span
a ver => assistindo,1,verified_translate,matched_manual_progressive_rule
deprimido => depressivo,1,verified_translate,matched_manual_span
esta a matar => ta matando,1,verified_translate,matched_manual_span
uma constipacao => um resfriado,1,verified_translate,matched_manual_span
dispoe => dispoem,1,verified_translate,matched_manual_span
